Unique Product Identifier (UPC or SKU),Manufacturer,Brand Name,Product Name,Category,Flavor,Date Added to Directory
819979011371,"NJOY, LLC",NJOY,NJOY Ace Device $0.99,Device,N/A,05/01/2025
810687014838,"NJOY, LLC",NJOY,NJOY Ace Pods Classic Tobacco 2.4% 2ct,E-liquid Pod,Classic Tobacco,05/01/2025
819979011395,"NJOY, LLC",NJOY,NJOY Ace Device,Device,N/A,05/01/2025
810687014913,"NJOY, LLC",NJOY,NJOY Ace Pods Classic Tobacco 5% 2ct,E-liquid Pod,Classic Tobacco,05/01/2025
819979011029,"NJOY, LLC",NJOY,NJOY Ace Pods Menthol 2.4% 2ct,E-liquid Pod,Rich Tobacco,05/01/2025
819979012200,"NJOY, LLC",NJOY,NJOY Ace Pod Classic Tobacco 5% 1ct,E-liquid Pod,Classic Tobacco,05/01/2025
810687014937,"NJOY, LLC",NJOY,NJOY Ace Pods Menthol 5% 2ct,E-liquid Pod,Menthol,05/01/2025
810687020860,"NJOY, LLC",NJOY,NJOY Daily Rich Tobacco 4.5%,Disposable,Rich Tobacco,05/01/2025
815368021426,"NJOY, LLC",NJOY,NJOY Daily Extra Rich Tobacco 6%,Disposable,Rich Tobacco,05/01/2025
815368021488,"NJOY, LLC",NJOY,NJOY Daily Extra Menthol 6%,Disposable,Menthol,05/01/2025
810687020884,"NJOY, LLC",NJOY,NJOY Daily Menthol 4.5%,Disposable,Menthol,05/01/2025
810687014852,"NJOY, LLC",NJOY,NJOY Ace Pods Menthol 2.4% 2ct,E-liquid Pod,Menthol,05/01/2025
888861300992,"E-Alternative Solutions, LLC",Leap,Leap Device Kit,Device,N/A,05/01/2025
888861302101,"E-Alternative Solutions, LLC",Leap,Leap Pod Menthol 4.8% Nicotine,E-liquid Pod,Menthol,05/01/2025
888861302026,"E-Alternative Solutions, LLC",Leap,Leap Pod Kentucky Menthol 4.8% Nicotine,E-liquid Pod,Menthol,05/01/2025
888861302194,"E-Alternative Solutions, LLC",Leap,Leap Pod Rough-cut Tobacco 4.8% Nicotine,E-liquid Pod,None,05/01/2025
888861302125,"E-Alternative Solutions, LLC",Leap,Leap Pod Georgia Tobacco 4.8% Nicotine,E-liquid Pod,None,05/01/2025
888861302019,"E-Alternative Solutions, LLC",Leap,Leap Pod Kentucky Tobacco 4.8% Nicotine,E-liquid Pod,None,05/01/2025
888861302064,"E-Alternative Solutions, LLC",Leap,Leap Pod Carolina Tobacco 4.8% Nicotine,E-liquid Pod,None,05/01/2025
888861301111,"E-Alternative Solutions, LLC",Leap,Leap Pod Menthol 2.4% Nicotine,E-liquid Pod,Menthol,05/01/2025
888861301036,"E-Alternative Solutions, LLC",Leap,Leap Pod Kentucky Menthol 2.4% Nicotine,E-liquid Pod,Menthol,05/01/2025
888861301203,"E-Alternative Solutions, LLC",Leap,Leap Pod Rough-cut Tobacco 2.4% Nicotine,E-liquid Pod,None,05/01/2025
888861301135,"E-Alternative Solutions, LLC",Leap,Leap Pod Georgia Tobacco 2.4% Nicotine,E-liquid Pod,None,05/01/2025
888861301029,"E-Alternative Solutions, LLC",Leap,Leap Pod Kentucky Tobacco 2.4% Nicotine,E-liquid Pod,None,05/01/2025
888861301074,"E-Alternative Solutions, LLC",Leap,Leap Pod Carolina Tobacco 2.4% Nicotine,E-liquid Pod,None,05/01/2025
888861306024,"E-Alternative Solutions, LLC",Leap Go,Leap Go Mango 5% Nicotine,Disposable,Mango,05/01/2025
888861306031,"E-Alternative Solutions, LLC",Leap Go,Leap Go Mint 5% Nicotine,Disposable,Mint,05/01/2025
888861306000,"E-Alternative Solutions, LLC",Leap Go,Leap Go Smooth Tobacco 5% Nicotine,Disposable,Tobacco,05/01/2025
840094600935,The Schwartz E Liquid,Naked100,American Patriots 3mg,E-liquid,Tobacco,05/01/2025
840094600942,The Schwartz E Liquid,Naked100,American Patriots 6mg,E-liquid,Tobacco,05/01/2025
840094600959,The Schwartz E Liquid,Naked100,American Patriots 12mg,E-liquid,Tobacco,05/01/2025
840094600997,The Schwartz E Liquid,Naked100,Cuban Blend 3mg,E-liquid,Tobacco,05/01/2025
840094601000,The Schwartz E Liquid,Naked100,Cuban Blend 6mg,E-liquid,Tobacco,04/01/2025
840094601017,The Schwartz E Liquid,Naked100,Cuban Blend 12mg,E-liquid,Tobacco,05/01/2025
840094601031,The Schwartz E Liquid,Naked100,Euro Gold 3mg,E-liquid,Tobacco,05/01/2025
840094600294,The Schwartz E Liquid,Naked100,Really Berry 3mg,E-liquid,Blackberry Blueberry Lemon,05/01/2025
840094600300,The Schwartz E Liquid,Naked100,Really Berry 6mg,E-liquid,Blackberry Blueberry Lemon,05/01/2025
840094600317,The Schwartz E Liquid,Naked100,Really Berry 12mg,E-liquid,Blackberry Blueberry Lemon,05/01/2025
840094600539,The Schwartz E Liquid,Naked100,Berry 3mg,E-liquid,Berry Menthol,05/01/2025
840094600546,The Schwartz E Liquid,Naked100,Berry 6mg,E-liquid,Berry Menthol,05/01/2025
840094600553,The Schwartz E Liquid,Naked100,Berry 12mg,E-liquid,Berry Menthol,05/01/2025
840094601512,The Schwartz E Liquid,Naked100,Crisp Menthol 3mg,E-liquid,Menthol,05/01/2025
840094601529,The Schwartz E Liquid,Naked100,Crisp Menthol 6mg,E-liquid,Menthol,05/01/2025
840094601536,The Schwartz E Liquid,Naked100,Crisp Menthol 12mg,E-liquid,Menthol,05/01/2025
840094600492,The Schwartz E Liquid,Naked100,Melon 3mg,E-liquid,Pineapple Melon Menthol,05/01/2025
840094600508,The Schwartz E Liquid,Naked100,Melon 6mg,E-liquid,Pineapple Melon Menthol,05/01/2025
840094600515,The Schwartz E Liquid,Naked100,Melon 12mg,E-liquid,Pineapple Melon Menthol,05/01/2025
840094600379,The Schwartz E Liquid,Naked100,Strawberry Pom 3mg,E-liquid,Strawberry Kiwi Menthol,05/01/2025
840094600386,The Schwartz E Liquid,Naked100,Strawberry Pom 6mg,E-liquid,Strawberry Kiwi Menthol,05/01/2025
840094600393,The Schwartz E Liquid,Naked100,Strawberry Pom 12mg,E-liquid,Strawberry Kiwi Menthol,05/01/2025
840094601048,The Schwartz E Liquid,Naked100,Euro Gold 6mg,E-liquid,Tobacco,05/01/2025
840094601055,The Schwartz E Liquid,Naked100,Euro Gold 12mg,E-liquid,Tobacco,05/01/2025
840094600133,The Schwartz E Liquid,Naked100,Hawaiian Pog 3mg,E-liquid,Passionfruit Orange Guava,05/01/2025
840094600140,The Schwartz E Liquid,Naked100,Hawaiian Pog 6mg,E-liquid,Passionfruit Orange Guava,05/01/2025
840094600157,The Schwartz E Liquid,Naked100,Hawaiian Pog 12mg,E-liquid,Passionfruit Orange Guava,05/01/2025
840094600171,The Schwartz E Liquid,Naked100,Lava Flow 3mg,E-liquid,Strawberry Pineapple Coco,05/01/2025
840094600188,The Schwartz E Liquid,Naked100,Lava Flow 6mg,E-liquid,Strawberry Pineapple Coco,05/01/2025
840094600195,The Schwartz E Liquid,Naked100,Lava Flow 12mg,E-liquid,Strawberry Pineapple Coco,05/01/2025
704751829216,Fumizer LLC,Twist E-liquid,Pink No. 1 - 3mg/ml,E-liquid,None,05/01/2025
704751829223,Fumizer LLC,Twist E-liquid,Pink No. 1 - 6mg/ml,E-liquid,None,05/01/2025
704751729124,Fumizer LLC,Twist E-liquid,Green No. 1 - 3mg/ml,E-liquid,None,05/01/2025
704751829131,Fumizer LLC,Twist E-liquid,Green No. 1 - 6mg/ml,E-liquid,None,05/01/2025
704751829094,Fumizer LLC,Twist E-liquid,Blend No. 1 - 3mg/ml,E-liquid,None,05/01/2025
704751829100,Fumizer LLC,Twist E-liquid,Blend No. 1 - 6mg/ml,E-liquid,None,05/01/2025
704751829278,Fumizer LLC,Twist E-liquid,Red No. 1 - 3mg/ml,E-liquid,None,05/01/2025
704751829261,Fumizer LLC,Twist E-liquid,Red No. 1 - 6mg/ml,E-liquid,None,05/01/2025
704751829360,Fumizer LLC,Twist E-liquid,Pink 0° - 3mg/ml,E-liquid,None,05/01/2025
704751829377,Fumizer LLC,Twist E-liquid,Pink 0° - 6mg/ml,E-liquid,None,05/01/2025
13415353104,Fumizer LLC,Twist E-liquid,Purple No. 1 - 3mg/ml,E-liquid,None,05/01/2025
13415353111,Fumizer LLC,Twist E-liquid,Purple No. 1 - 6mg/ml,E-liquid,None,05/01/2025
704751829247,Fumizer LLC,Twist E-liquid,Crimson No. 1- 3mg/ml,E-liquid,None,05/01/2025
704751829254,Fumizer LLC,Twist E-liquid,Crimson No. 1 - 6mg/ml,E-liquid,None,05/01/2025
13415358284,Fumizer LLC,Twist E-liquid,Menthol No. 1 - 3mg/ml,E-liquid,Menthol,05/01/2025
13415358291,Fumizer LLC,Twist E-liquid,Menthol No. 1 - 6mg/ml,E-liquid,Menthol,05/01/2025
13415358307,Fumizer LLC,Twist E-liquid,Menthol No. 1 - 12mg/ml,E-liquid,Menthol,05/01/2025
13415358314,Fumizer LLC,Twist E-liquid,Menthol No. 1 - 18mg/ml,E-liquid,Menthol,05/01/2025
13415358222,Fumizer LLC,Twist E-liquid,Tobacco Platinum No. 1 - 3mg/ml,E-liquid,Tobacco,05/01/2025
13415358239,Fumizer LLC,Twist E-liquid,Tobacco Platinum No. 1 - 6mg/ml,E-liquid,Tobacco,05/01/2025
13415358246,Fumizer LLC,Twist E-liquid,Tobacco Platimun No. 1 - 12mg/ml,E-liquid,Tobacco,05/01/2025
13415358253,Fumizer LLC,Twist E-liquid,Tobacco Platimun No. 1 - 18mg/ml,E-liquid,Tobacco,05/01/2025
13415358086,Fumizer LLC,Twist E-liquid,Tobacco Gold No. 1- 3mg/ml,E-liquid,Tobacco,05/01/2025
13415358093,Fumizer LLC,Twist E-liquid,Tobacco Gold No. 1 - 6mg/ml,E-liquid,Tobacco,05/01/2025
13415358123,Fumizer LLC,Twist E-liquid,Tobacco Gold No. 1 - 12mg/ml,E-liquid,Tobacco,05/01/2025
13415358130,Fumizer LLC,Twist E-liquid,Tobacco Gold No. 1 - 18mg/ml,E-liquid,Tobacco,05/01/2025
13415358178,Fumizer LLC,Twist E-liquid,Tobacco Silver No. 1 - 6mg/ml,E-liquid,Tobacco,05/01/2025
13415358185,Fumizer LLC,Twist E-liquid,Tobacco Silver No. 1 - 12mg/ml,E-liquid,Tobacco,05/01/2025
13415358192,Fumizer LLC,Twist E-liquid,Tobacco Silver No. 1 - 18mg/ml,E-liquid,Tobacco,05/01/2025
13415353555,Fumizer LLC,Twist E-liquid,Purple No. 1 - 35mg/ml,E-liquid,None,05/01/2025
13415353562,Fumizer LLC,Twist E-liquid,Purple No. 1 - 50mg/ml,E-liquid,None,05/01/2025
12436990695,Fumizer LLC,Twist E-liquid,Crimson No. 1 - 35mg/ml,E-liquid,None,05/01/2025
12436990701,Fumizer LLC,Twist E-liquid,Crimson No. 1 - 50mg/ml,E-liquid,None,05/01/2025
12436990718,Fumizer LLC,Twist E-liquid,Menthol No. 1 - 35mg/ml,E-liquid,Menthol,05/01/2025
12436990725,Fumizer LLC,Twist E-liquid,Menthol No. 1 - 50mg/ml,E-liquid,Menthol,05/01/2025
12436990381,Fumizer LLC,Twist E-liquid,Tobacco Gold No. 1 - 35mg/ml,E-liquid,Tobacco,05/01/2025
12436990398,Fumizer LLC,Twist E-liquid,Tobacco Gold No. 1 - 50mg/ml,E-liquid,Tobacco,05/01/2025
13415350615,Fumizer LLC,Twist E-liquid,Mint 0° - 35mg/ml,E-liquid,Mint,05/01/2025
13415352114,Fumizer LLC,Twist E-liquid,Mint 0° - 50mg/ml,E-liquid,Mint,05/01/2025
19213583637,Fumizer LLC,Twist E-liquid,Green No. 1 - 35mg/ml,E-liquid,None,05/01/2025
19213583644,Fumizer LLC,Twist E-liquid,Green No. 1 - 50mg/ml,E-liquid,None,05/01/2025
19213583675,Fumizer LLC,Twist E-liquid,Pink No. 1 - 35mg/ml,E-liquid,None,05/01/2025
19213583682,Fumizer LLC,Twist E-liquid,Pink No. 1 - 50mg/ml,E-liquid,None,05/01/2025
12436990671,Fumizer LLC,Twist E-liquid,Blend No. 1 - 35mg/ml,E-liquid,None,05/01/2025
12436990688,Fumizer LLC,Twist E-liquid,Blend No. 1 - 50mg/ml,E-liquid,None,05/01/2025
19213583699,Fumizer LLC,Twist E-liquid,Red No. 1 - 35mg/ml,E-liquid,None,05/01/2025
19213583705,Fumizer LLC,Twist E-liquid,Red No. 1 - 50mg/ml,E-liquid,None,05/01/2025
704751828929,Fumizer LLC,Twist E-liquid,Pink 0° - 35mg/ml,E-liquid,None,05/01/2025
365860386573,"Dr Distributors, LLC",21st Century Smoke,21st Century Menthol 1.6 Cartridge 3ct Box,E-liquid Cartridge,Menthol,05/01/2025
365860386634,"Dr Distributors, LLC",21st Century Smoke,21st Century Menthol 2.0 Cartridge 3 Ct Box,E-liquid Cartridge,Menthol,05/01/2025
365860386818,"Dr Distributors, LLC",21st Century Smoke,21st Century Menthol 1.6 Cartridge 6 Ct Box,E-liquid Cartridge,Menthol,05/01/2025
365860386870,"Dr Distributors, LLC",21st Century Smoke,21st Century Menthol 2.0 Cartridge 6 Ct Box,E-liquid Cartridge,Menthol,05/01/2025
750253727796,MH Global LLC dba Streamline Vape Co. LLC,Juice Head,Juice Head Peach Pear,E-liquid,Peach Pear,05/01/2025
750253728380,MH Global LLC dba Streamline Vape Co. LLC,Juice Head,Juice Head Watermelon Lime,E-liquid,Watermelon Lime,05/01/2025
750253728397,MH Global LLC dba Streamline Vape Co. LLC,Juice Head,Juice Head Watermelon Lime,E-liquid,Watermelon Lime,05/01/2025
750253729073,MH Global LLC dba Streamline Vape Co. LLC,Khali Vapors,Khali Vapors Devil's Punchbowl,E-liquid,Guava Peach,05/01/2025
750253729066,MH Global LLC dba Streamline Vape Co. LLC,Khali Vapors,Khali Vapors Devil's Punchbowl,E-liquid,Guava Peach,05/01/2025
750253728410,MH Global LLC dba Streamline Vape Co. LLC,Juice Head,Juice Head Strawberry Kiwi,E-liquid,Strawberry Kiwi,05/01/2025
750253728403,MH Global LLC dba Streamline Vape Co. LLC,Juice Head,Juice Head Strawberry Kiwi,E-liquid,Strawberry Kiwi,05/01/2025
788782962654,MH Global LLC dba Streamline Vape Co. LLC,Juice Head,Juice Head Peach Pear Salt,E-liquid,Peach Pear,05/01/2025
788782962661,MH Global LLC dba Streamline Vape Co. LLC,Juice Head,Juice Head Peach Pear Salt,E-liquid,Peach Pear,05/01/2025
788782964979,MH Global LLC dba Streamline Vape Co. LLC,Juice Head,Juice Head Blueberry Lemon Freeze,E-liquid,Blueberry Lemon Freeze,05/01/2025
788782964986,MH Global LLC dba Streamline Vape Co. LLC,Juice Head,Juice Head Blueberry Lemon Freeze,E-liquid,Blueberry Lemon Freeze,05/01/2025
788782965167,MH Global LLC dba Streamline Vape Co. LLC,Juice Head,Juice Head Blueberry Lemon Salt,E-liquid,Blueberry Lemon,05/01/2025
788782965136,MH Global LLC dba Streamline Vape Co. LLC,Juice Head,Juice Head Blueberry Lemon Salt,E-liquid,Blueberry Lemon,05/01/2025
788782964184,MH Global LLC dba Streamline Vape Co. LLC,Juice Head,Juice Head Pineapple Grapefruit Salt,E-liquid,Pineapple Grapefruit,05/01/2025
788782964177,MH Global LLC dba Streamline Vape Co. LLC,Juice Head,Juice Head Pineapple Grapefruit Salt,E-liquid,Pineapple Grapefruit,05/01/2025
750253729004,MH Global LLC dba Streamline Vape Co. LLC,Khali Vapors,Khali Vapors Devil's Punchbowl Ice,E-liquid,Guava Peach Ice,05/01/2025
750253729028,MH Global LLC dba Streamline Vape Co. LLC,Khali Vapors,Khali Vapors Devil's Punchbowl Ice,E-liquid,Guava Peach Ice,05/01/2025
788782965037,MH Global LLC dba Streamline Vape Co. LLC,Juice Head,Juice Head Peach Pear Freeze,E-liquid,Peach Pear Freeze,05/01/2025
788782965044,MH Global LLC dba Streamline Vape Co. LLC,Juice Head,Juice Head Peach Pear Freeze,E-liquid,Peach Pear Freeze,05/01/2025
788782965099,MH Global LLC dba Streamline Vape Co. LLC,Juice Head,Juice Head Strawberry Kiwi Freeze,E-liquid,Strawberry Kiwi Freeze,05/01/2025
788782965105,MH Global LLC dba Streamline Vape Co. LLC,Juice Head,Juice Head Strawberry Kiwi Freeze,E-liquid,Strawberry Kiwi Freeze,05/01/2025
788782962708,MH Global LLC dba Streamline Vape Co. LLC,Juice Head,Juice Head Strawberry Kiwi Salts,E-liquid,Strawberry Kiwi,05/01/2025
788782962692,MH Global LLC dba Streamline Vape Co. LLC,Juice Head,Juice Head Strawberry Kiwi Salts,E-liquid,Strawberry Kiwi,05/01/2025
788782962678,MH Global LLC dba Streamline Vape Co. LLC,Juice Head,Juice Head Watermelon Lime Salt,E-liquid,Watermelon Lime,05/01/2025
788782962685,MH Global LLC dba Streamline Vape Co. LLC,Juice Head,Juice Head Watermelon Lime Salt,E-liquid,Watermelon Lime,05/01/2025
788782962401,MH Global LLC dba Streamline Vape Co. LLC,Khali Vapors,Khali Vapors Devil's Punchbowl Ice Salts,E-liquid,Guava Peach,05/01/2025
788782962395,MH Global LLC dba Streamline Vape Co. LLC,Khali Vapors,Khali Vapors Devil's Punchbowl Ice Salts,E-liquid,Guava Peach,05/01/2025
762876650146,MH Global LLC dba Streamline Vape Co. LLC,Juice Head,Juice Head Guava Peach,E-liquid,Guava Peach,05/01/2025
762876650153,MH Global LLC dba Streamline Vape Co. LLC,Juice Head,Juice Head Guava Peach,E-liquid,Guava Peach,05/01/2025
762876650160,MH Global LLC dba Streamline Vape Co. LLC,Juice Head,Juice Head Guava Peach Salt,E-liquid,Guava Peach,05/01/2025
762876650177,MH Global LLC dba Streamline Vape Co. LLC,Juice Head,Juice Head Guava Peach Salt,E-liquid,Guava Peach,05/01/2025
788782963859,MH Global LLC dba Streamline Vape Co. LLC,Juice Head,Juice Head Pineapple Grapefruit,E-liquid,Pineapple Grapefruit,05/01/2025
788782963866,MH Global LLC dba Streamline Vape Co. LLC,Juice Head,Juice Head Pineapple Grapefruit,E-liquid,Pineapple Grapefruit,05/01/2025
788782962623,MH Global LLC dba Streamline Vape Co. LLC,Bam's Cannoli,Bam's Cannoli Strawberry,E-liquid,Strawberry Cannoli,05/01/2025
788782962647,MH Global LLC dba Streamline Vape Co. LLC,Bam's Cannoli,Bam's Cannoli Strawberry,E-liquid,Strawberry Cannoli,05/01/2025
788782962548,MH Global LLC dba Streamline Vape Co. LLC,Bam's Cannoli,Bam's Cannoli Birthday,E-liquid,Cake Batter Cannoli,05/01/2025
788782962555,MH Global LLC dba Streamline Vape Co. LLC,Bam's Cannoli,Bam's Cannoli Birthday,E-liquid,Cake Batter Cannoli,05/01/2025
788782962579,MH Global LLC dba Streamline Vape Co. LLC,Bam's Cannoli,Bam's Cannoli Original,E-liquid,Caramel Cream,05/01/2025
788782962586,MH Global LLC dba Streamline Vape Co. LLC,Bam's Cannoli,Bam's Cannoli Original,E-liquid,Caramel Cream,05/01/2025
814826023965,"Charlie's Chalk Dust, LLC",Pachamama,Fuji - 60ml - 3mg,E-liquid,Apple,05/01/2025
814826023972,"Charlie's Chalk Dust, LLC",Pachamama,Fuji - 60ml - 6mg,E-liquid,Apple,05/01/2025
814826023996,"Charlie's Chalk Dust, LLC",Pachamama,Fuji - 60ml - 12mg,E-liquid,Apple,05/01/2025
814826023651,"Charlie's Chalk Dust, LLC",Pachamama,Mint - 60ml - 3mg,E-liquid,Mint,05/01/2025
814826023736,"Charlie's Chalk Dust, LLC",Pachamama,Mint - 60ml - 6mg,E-liquid,Mint,05/01/2025
814826026157,"Charlie's Chalk Dust, LLC",Pachamama,Mint - 60ml - 12mg,E-liquid,Mint,05/01/2025
814826021916,"Charlie's Chalk Dust, LLC",Charlie's Chalk Dust,Citrus - 60ml - 3mg,E-liquid,Citrus,05/01/2025
814826022531,"Charlie's Chalk Dust, LLC",Charlie's Chalk Dust,Citrus - 60ml - 6mg,E-liquid,Citrus,05/01/2025
814826023460,"Charlie's Chalk Dust, LLC",Charlie's Chalk Dust,Citrus - 60ml - 12mg,E-liquid,Citrus,05/01/2025
814826029615,"Charlie's Chalk Dust, LLC",Charlie's Chalk Dust,Tobacco - 60ml - 3mg,E-liquid,Tobacco,05/01/2025
814826029639,"Charlie's Chalk Dust, LLC",Charlie's Chalk Dust,Tobacco - 60ml - 6mg,E-liquid,Tobacco,05/01/2025
814826029622,"Charlie's Chalk Dust, LLC",Charlie's Chalk Dust,Tobacco - 60ml - 12mg,E-liquid,Tobacco,05/01/2025
814826029660,"Charlie's Chalk Dust, LLC",Charlie's Chalk Dust,Menthol - 60ml - 3mg,E-liquid,Menthol,05/01/2025
814826029677,"Charlie's Chalk Dust, LLC",Charlie's Chalk Dust,Menthol - 60ml - 6mg,E-liquid,Menthol,05/01/2025
814826029684,"Charlie's Chalk Dust, LLC",Charlie's Chalk Dust,Menthol - 60ml - 12mg,E-liquid,Menthol,05/01/2025
849205015125,R.J. Reynolds Vapor Company,Vuse,Ciro Original 1.5%,E-liquid Pod,Tobacco,05/01/2025
849205015101,R.J. Reynolds Vapor Company,Vuse,Ciro Kit Original 1.5%,E-liquid Pod,Tobacco,05/01/2025
849205015002,R.J. Reynolds Vapor Company,Vuse,Ciro Power Unit,Device,Unflavored,05/01/2025
849205017150,R.J. Reynolds Vapor Company,Vuse,Vibe Power Unit,Device,Unflavored,05/01/2025
849205015415,R.J. Reynolds Vapor Company,Vuse,Vibe Tank Menthol 3.0%,E-liquid Pod,Menthol,05/01/2025
849205015293,R.J. Reynolds Vapor Company,Vuse,Vibe Tank Original 3.0%,E-liquid Pod,Tobacco,05/01/2025
849205000619,R.J. Reynolds Vapor Company,Vuse,Solo Menthol 4.8%,E-liquid Pod,Menthol,05/01/2025
849205000589,R.J. Reynolds Vapor Company,Vuse,Solo Original 4.8%,E-liquid Pod,Tobacco,05/01/2025
849205001340,R.J. Reynolds Vapor Company,Vuse,Solo Original Kit,E-liquid Pod,Tobacco,05/01/2025
849205015033,R.J. Reynolds Vapor Company,Vuse,Solo Power Unit,Device,Unflavored,05/01/2025
842099104098,"Pure Laboratories, LLC.",Halo,30ml Tribeca Eliquid - 0 Mg/ml,E-liquid,Tobacco,05/01/2025
842099101684,"Pure Laboratories, LLC.",Halo,30ml Tribeca Eliquid - 3 Mg/ml,E-liquid,Tobacco,05/01/2025
842099104104,"Pure Laboratories, LLC.",Halo,30ml Tribeca Eliquid - 6 Mg/ml,E-liquid,Tobacco,05/01/2025
842099101707,"Pure Laboratories, LLC.",Halo,30ml Tribeca Eliquid - 12 Mg/ml,E-liquid,Tobacco,05/01/2025
842099104111,"Pure Laboratories, LLC.",Halo,30ml Tribeca Eliquid - 18 Mg/ml,E-liquid,Tobacco,05/01/2025
842099170864,"Pure Laboratories, LLC.",Halo,30ml Tribeca Eliquid - 24 Mg/ml,E-liquid,Tobacco,05/01/2025
842099160285,"Pure Laboratories, LLC.",Halo,60ml Tribeca Eliquid - 0 Mg/ml,E-liquid,Tobacco,05/01/2025
842099113014,"Pure Laboratories, LLC.",Halo,60ml Tribeca Eliquid - 3 Mg/ml,E-liquid,Tobacco,05/01/2025
842099160896,"Pure Laboratories, LLC.",Halo,60ml Tribeca Eliquid - 6 Mg/ml,E-liquid,Tobacco,05/01/2025
842099113021,"Pure Laboratories, LLC.",Halo,60ml Tribeca Eliquid - 12 Mg/ml,E-liquid,Tobacco,05/01/2025
842099161749,"Pure Laboratories, LLC.",Halo,60ml Tribeca Eliquid - 18 Mg/ml,E-liquid,Tobacco,05/01/2025
842099113038,"Pure Laboratories, LLC.",Halo,60ml Tribeca Eliquid - 24 Mg/ml,E-liquid,Tobacco,05/01/2025
842099101660,"Pure Laboratories, LLC.",Halo,30ml Subzero Eliquid - 3 Mg/ml,E-liquid,Menthol,05/01/2025
842099104074,"Pure Laboratories, LLC.",Halo,30ml Subzero Eliquid - 6 Mg/ml,E-liquid,Menthol,05/01/2025
842099101691,"Pure Laboratories, LLC.",Halo,30ml Subzero Eliquid - 12 Mg/ml,E-liquid,Menthol,05/01/2025
842099104081,"Pure Laboratories, LLC.",Halo,30ml Subzero Eliquid - 18 Mg/ml,E-liquid,Menthol,05/01/2025
842099101677,"Pure Laboratories, LLC.",Halo,30ml Subzero Eliquid - 24 Mg/ml,E-liquid,Menthol,05/01/2025
842099113045,"Pure Laboratories, LLC.",Halo,60ml Subzero Eliquid - 3 Mg/ml,E-liquid,Menthol,05/01/2025
842099164436,"Pure Laboratories, LLC.",Halo,60ml Subzero Eliquid - 6 Mg/ml,E-liquid,Menthol,05/01/2025
842099113052,"Pure Laboratories, LLC.",Halo,60ml Subzero Eliquid - 12 Mg/ml,E-liquid,Menthol,05/01/2025
842099136709,"Pure Laboratories, LLC.",Halo,60ml Subzero Eliquid - 18 Mg/ml,E-liquid,Menthol,05/01/2025
842099113069,"Pure Laboratories, LLC.",Halo,60ml Subzero Eliquid - 24 Mg/ml,E-liquid,Menthol,05/01/2025
842099101646,"Pure Laboratories, LLC.",Halo,30ml Fusion Eliquid - 3 Mg/ml,E-liquid,Unflavored Tobacco,05/01/2025
842099104319,"Pure Laboratories, LLC.",Halo,30ml Fusion Eliquid - 6 Mg/ml,E-liquid,Unflavored Tobacco,05/01/2025
842099104050,"Pure Laboratories, LLC.",Halo,30ml Fusion Eliquid - 12 Mg/ml,E-liquid,Unflavored Tobacco,05/01/2025
842099104326,"Pure Laboratories, LLC.",Halo,30ml Fusion Eliquid - 18 Mg/ml,E-liquid,Unflavored Tobacco,05/01/2025
842099101653,"Pure Laboratories, LLC.",Halo,30ml Fusion Eliquid - 24 Mg/ml,E-liquid,Unflavored Tobacco,05/01/2025
842099102056,"Pure Laboratories, LLC.",Halo,60ml Fusion Eliquid - 3 Mg/ml,E-liquid,Unflavored Tobacco,05/01/2025
842099104340,"Pure Laboratories, LLC.",Halo,60ml Fusion Eliquid - 6 Mg/ml,E-liquid,Unflavored Tobacco,05/01/2025
842099102063,"Pure Laboratories, LLC.",Halo,60ml Fusion Eliquid - 12 Mg/ml,E-liquid,Unflavored Tobacco,05/01/2025
842099104357,"Pure Laboratories, LLC.",Halo,60ml Fusion Eliquid - 18 Mg/ml,E-liquid,Unflavored Tobacco,05/01/2025
842099102087,"Pure Laboratories, LLC.",Halo,60ml Fusion Eliquid - 24 Mg/ml,E-liquid,Unflavored Tobacco,05/01/2025
842099171113,"Pure Laboratories, LLC.",Halo,30ml Turkish Tobacco Eliquid - 3 Mg/ml,E-liquid,Tobacco,05/01/2025
842099171724,"Pure Laboratories, LLC.",Halo,30ml Turkish Tobacco Eliquid - 6 Mg/ml,E-liquid,Tobacco,05/01/2025
842099158442,"Pure Laboratories, LLC.",Halo,30ml Turkish Tobacco Eliquid - 12 Mg/ml,E-liquid,Tobacco,05/01/2025
842099158664,"Pure Laboratories, LLC.",Halo,30ml Turkish Tobacco Eliquid - 18 Mg/ml,E-liquid,Tobacco,05/01/2025
842099112802,"Pure Laboratories, LLC.",Halo,30ml Turkish Tobacco Eliquid - 24 Mg/ml,E-liquid,Tobacco,05/01/2025
842099113137,"Pure Laboratories, LLC.",Halo,60ml Turkish Tobacco Eliquid - 3 Mg/ml,E-liquid,Tobacco,05/01/2025
842099167246,"Pure Laboratories, LLC.",Halo,60ml Turkish Tobacco Eliquid - 6 Mg/ml,E-liquid,Tobacco,05/01/2025
842099113144,"Pure Laboratories, LLC.",Halo,60ml Turkish Tobacco Eliquid - 12 Mg/ml,E-liquid,Tobacco,05/01/2025
842099173346,"Pure Laboratories, LLC.",Halo,60ml Turkish Tobacco Eliquid - 18 Mg/ml,E-liquid,Tobacco,05/01/2025
842099113151,"Pure Laboratories, LLC.",Halo,60ml Turkish Tobacco Eliquid - 24 Mg/ml,E-liquid,Tobacco,05/01/2025
842099195256,"Pure Laboratories, LLC.",Halo,Triton Ii Single Kit (black),Device,N/A,05/01/2025
842099104968,"Pure Laboratories, LLC.",Halo,Triton Ii Single Kit (silver),Device,N/A,05/01/2025
842099104821,"Pure Laboratories, LLC.",Halo,Triton Ii Tank (1-pack),E-liquid Cartridge,N/A,05/01/2025
842099104975,"Pure Laboratories, LLC.",Halo,Triton Ii Coils (3-pack),E-liquid Cartridge,N/A,05/01/2025
842099195263,"Pure Laboratories, LLC.",Halo,Triton Ii Single Kit (blue),Device,N/A,05/05/2025
849205029993,R.J. Reynolds Vapor Company,Vuse,Alto Golden Tobacco All In One Kit 5%,E-liquid Pod,Tobacco,04/15/2025
849205030029,R.J. Reynolds Vapor Company,Vuse,Alto Menthol All In One Kit 5%,E-liquid Pod,Menthol,05/01/2025
849205030050,R.J. Reynolds Vapor Company,Vuse,Alto Golden Tobacco All In One Kit 2.4%,E-liquid Pod,Tobacco,05/01/2025
849205032603,R.J. Reynolds Vapor Company,Vuse,Alto Golden Spark/dusk Glow Tasting Kit 2.4%,E-liquid Pod,Tobacco,05/01/2025
849205021140,R.J. Reynolds Vapor Company,Vuse,Alto Power Unit Blue,Device,Unflavored,05/01/2025
849205021652,R.J. Reynolds Vapor Company,Vuse,Alto Power Unit Teal,Device,Unflavored,05/01/2025
849205018591,R.J. Reynolds Vapor Company,Vuse,Alto Power Unit Slate,Device,Unflavored,05/01/2025
849205021171,R.J. Reynolds Vapor Company,Vuse,Alto Power Unit Red,Device,Unflavored,05/01/2025
887969011397,Fontem US LLC,Blu,Blu Device – Limited Edition Midnight Blue,Device,N/A,05/01/2025
887969011557,Fontem US LLC,Blu,Blu Device – Forest Green,Device,N/A,05/01/2025
887969011366,Fontem US LLC,Blu,Blu Device – Graphite Black,Device,N/A,05/01/2025
887969011380,Fontem US LLC,Blu,Blu Device – Limited Edition Forest Green,Device,N/A,05/01/2025
887969011373,Fontem US LLC,Blu,Blu Device – Limited Edition Sand Gold,Device,N/A,05/01/2025
887969011571,Fontem US LLC,Blu,Blu Device – Midnight Blue,Device,N/A,05/01/2025
887969011311,Fontem US LLC,Blu,Blu Pods Gold Leaf Tobacco 1.2%,E-liquid Pod,Gold Leaf,05/01/2025
887969011304,Fontem US LLC,Blu,Blu Pods Gold Leaf Tobacco 2.4%,E-liquid Pod,Gold Leaf,05/01/2025
887969011342,Fontem US LLC,Blu,Blu Pods Rich Tobacco 2.4%,E-liquid Pod,Tobacco,05/01/2025
887969011359,Fontem US LLC,Blu,Blu Pods Rich Tobacco 3.6%,E-liquid Pod,Tobacco,05/01/2025
887969008700,Fontem US LLC,Blu Plus,Blu Plus+ Xpress Kit (classic Tobacco),E-liquid Cartridge,"N/A, Tobacco",05/01/2025
887969005112,Fontem US LLC,Blu Plus,Blu Plus+ Tanks Carolina Bold 2.0%,E-liquid Cartridge,Carolina Bold,05/01/2025
887969004887,Fontem US LLC,Blu Plus,Blu Plus+ Tanks Classic Tobacco 2.4%,E-liquid Cartridge,Tobacco,05/01/2025
887969004894,Fontem US LLC,Blu Plus,Blu Plus+ Tanks Classic Tobacco 1.2 %,E-liquid Cartridge,Tobacco,05/01/2025
887969007468,Fontem US LLC,Blu Plus,Blu Plus+ Tanks Gold Leaf Tobacco 1.2%,E-liquid Cartridge,Gold Leaf,05/01/2025
887969007482,Fontem US LLC,Blu Plus,Blu Plus+ Tanks Gold Leaf Tobacco 2.4%,E-liquid Cartridge,Gold Leaf,05/01/2025
887969004917,Fontem US LLC,Blu Plus,Blu Plus+ Tanks Menthol 1.2%,E-liquid Cartridge,Menthol,05/01/2025
887969004900,Fontem US LLC,Blu Plus,Blu Plus+ Tanks Menthol 2.4%,E-liquid Cartridge,Menthol,05/01/2025
887969011335,Fontem US LLC,Blu,Blu Pods Menthol 1.2%,E-liquid Pod,Menthol,05/01/2025
887969010581,Fontem US LLC,MyBlu,MyBlu Magnificent Menthol 1.2%,E-liquid Pod,Menthol,05/01/2025
887969011083,Fontem US LLC,MyBlu,MyBlu Device,Device,,05/01/2025
887969011267,Fontem US LLC,MyBlu,MyBlu Device – Anniversary Edition (silver),Device,,05/01/2025
887969010369,Fontem US LLC,MyBlu,MyBlu Gold Leaf Tobacco 1.2%,E-liquid Pod,Gold Leaf,05/01/2025
887969010345,Fontem US LLC,MyBlu,MyBlu Gold Leaf Tobacco 2.4%,E-liquid Pod,Gold Leaf,05/01/2025
887969010802,Fontem US LLC,MyBlu,MyBlu Intense Tobacco 2.4%,E-liquid Pod,Tobacco,05/01/2025
887969010789,Fontem US LLC,MyBlu,MyBlu Intense Tobacco 3.6%,E-liquid Pod,Tobacco,05/01/2025
887969009943,Fontem US LLC,MyBlu,MyBlu Intense Tobacco Chill 2.5%,E-liquid Pod,Tobacco Chill,05/01/2025
887969009967,Fontem US LLC,MyBlu,MyBlu Intense Tobacco Chill 4.0%,E-liquid Pod,Tobacco Chill,05/01/2025
887969010567,Fontem US LLC,MyBlu,MyBlu Menthol 2.4%,E-liquid Pod,Menthol,05/01/2025
887969008847,Fontem US LLC,MyBlu,MyBlu Starter Pack Gold Leaf 2.4%,E-liquid Pod,"N/A, Gold Leaf",05/01/2025
859654002010,Fontem US LLC,Blu Disposable,Blu Disposable Classic Tobacco 2.4%,Disposable,Tobacco,05/01/2025
859654002003,Fontem US LLC,Blu Disposable,Blu Disposable Menthol 2.4%,Disposable,Menthol,05/01/2025
887969005297,Fontem US LLC,Blu Disposable,Blu Disposable Vanilla 2.4%,Disposable,Vanilla,05/01/2025
887969007222,Fontem US LLC,Blu Disposable,Blu Disposable Polar Mint 2.4%,Disposable,Polar Mint,05/01/2025
858099003491,Fontem US LLC,Blu Disposable,Blu Disposable Cherry 2.4%,Disposable,Cherry,05/01/2025
887969011298,Fontem US LLC,Blu,Blu Pods Tobacco Ice 4.0%,E-liquid Pod,Tobacco Chill,05/01/2025
887969011281,Fontem US LLC,Blu,Blu Pods Tobacco Ice 2.5%,E-liquid Pod,Tobacco Chill,05/01/2025
887969011328,Fontem US LLC,Blu,Blu Pods Menthol 2.4%,E-liquid Pod,Menthol,05/01/2025
849205022192,R.J. Reynolds Vapor Company,Vuse,Alto 1 Pod Golden Tobacco 2.4%,E-liquid Pod,Tobacco,05/01/2025
849205022222,R.J. Reynolds Vapor Company,Vuse,Alto 1 Pod Golden Tobacco 5%,E-liquid Pod,Tobacco,05/01/2025
849205022109,R.J. Reynolds Vapor Company,Vuse,Alto 1 Pod Menthol 2.4%,E-liquid Pod,Menthol,05/01/2025
849205022130,R.J. Reynolds Vapor Company,Vuse,Alto 1 Pod Menthol 5%,E-liquid Pod,Menthol,05/01/2025
849205032016,R.J. Reynolds Vapor Company,Vuse,Alto Pod Classic Tobacco 1.8%,E-liquid Pod,Tobacco,05/01/2025
849205032078,R.J. Reynolds Vapor Company,Vuse,Alto Pod Classic Tobacco 2.4%,E-liquid Pod,Tobacco,05/01/2025
849205032047,R.J. Reynolds Vapor Company,Vuse,Alto Pod Classic Tobacco 5%,E-liquid Pod,Tobacco,05/01/2025
849205019703,R.J. Reynolds Vapor Company,Vuse,Alto Pod Rich Tobacco 1.8%,E-liquid Pod,Tobacco,05/01/2025
849205017907,R.J. Reynolds Vapor Company,Vuse,Alto Pod Rich Tobacco 2.4%,E-liquid Pod,Tobacco,05/01/2025
819913011580,"Juul Labs, Inc.",Juul,Juul Us Slate Device Kit,Device,N/A,05/01/2025
840048219251,"Juul Labs, Inc.",Juul,Juul Us Onyx Device Kit,Device,N/A,05/01/2025
819913015199,"Juul Labs, Inc.",Juul,Juulpods Virginia Tobacco 5% 1.4ml 2-pack,E-liquid Pod,Virginia Tobacco,05/01/2025
819913011429,"Juul Labs, Inc.",Juul,Juulpods Virginia Tobacco 5% 4-pack,E-liquid Pod,Virginia Tobacco,05/01/2025
819913015151,"Juul Labs, Inc.",Juul,Juulpods Menthol 5.0% 1.4ml 2-pack,E-liquid Pod,Menthol,05/01/2025
819913012594,"Juul Labs, Inc.",Juul,Juulpods Us Menthol 5.0% 4-pack,E-liquid Pod,Menthol,05/01/2025
840048202963,"Juul Labs, Inc.",Juul,Juulpods Us Menthol 3.0% 4-pack,E-liquid Pod,Menthol,05/01/2025
819913011740,"Juul Labs, Inc.",Juul,Juulpods Us Virginia Tobacco 3.0% 4-pack,E-liquid Pod,Virginia Tobacco,05/01/2025
819913014987,"Juul Labs, Inc.",Juul,Juulpods Us Virginia Tobacco 3.0% 1.4ml 2-pack,E-liquid Pod,Virginia Tobacco,05/01/2025
840048218940,"Juul Labs, Inc.",Juul,Juul Us Maroon Device Kit,Device,N/A,05/01/2025
840048219060,"Juul Labs, Inc.",Juul,Juulpods Us Menthol 5.0% 6-pack,E-liquid Pod,Menthol,05/01/2025
840048219053,"Juul Labs, Inc.",Juul,Juulpods Us Virginia Tobacco 5.0% 6-pack,E-liquid Pod,Virginia Tobacco,05/01/2025
840048219602,"Juul Labs, Inc.",Juul,Juulpods Us Menthol 5.0% 1-pack,E-liquid Pod,Menthol,05/01/2025
840048219619,"Juul Labs, Inc.",Juul,Juulpods Us Virginia Tobacco 5.0% 1-pack,E-liquid Pod,Virginia Tobacco,05/01/2025
840048219039,"Juul Labs, Inc.",Juul,Juulpods Virginia Tobacco - 5% Us Special 6-pack,E-liquid Pod,Virginia Tobacco,05/01/2025
840048219046,"Juul Labs, Inc.",Juul,Juulpods Menthol - 5% Us Special 6-pack,E-liquid Pod,Menthol,05/01/2025
840048219077,"Juul Labs, Inc.",Juul,Juulpods Virginia Tobacco - 5% Us Special 8-pack,E-liquid Pod,Virginia Tobacco,05/01/2025
840048219084,"Juul Labs, Inc.",Juul,Juulpods Menthol - 5% Us Special 8-pack,E-liquid Pod,Menthol,05/01/2025
840048219268,"Juul Labs, Inc.",Juul,Juul Device & Juulpods V. Tob. - 5% Special 2-pk,E-liquid Pod,Virginia Tobacco,05/01/2025
840048219275,"Juul Labs, Inc.",Juul,Juul Device & Juulpods Menthol - 5% Special 2-pk,E-liquid Pod,Menthol,05/01/2025
840048220394,"Juul Labs, Inc.",Juul,Juul Device & Juulpods V. Tob. - 5% Special 1-pk,E-liquid Pod,Virginia Tobacco,05/01/2025
840048220387,"Juul Labs, Inc.",Juul,Juul Device & Juulpods Menthol - 5% Special 1-pk,E-liquid Pod,Menthol,05/01/2025
815058022443,Logic Technology Development LLC,Pro Capsules Menthol 20 Mg/ml 2-ct,Logic Pro Menthol E-liquid,E-liquid,Menthol,05/01/2025
815058022320,Logic Technology Development LLC,Power Rechargeable Kit Tobacco 27 Mg/ml,Logic Power Tobacco E-liquid Package & Logic Power,Device,None,05/01/2025
815058022337,Logic Technology Development LLC,Power Rechargeable Kit Menthol 27 Mg/ml,Logic Power Menthol E-liquid Package / Logic Power,Device,Menthol,05/01/2025
815058022344,Logic Technology Development LLC,Power Cartridges Tobacco 27 Mg/ml 2-ct,Logic Power Tobacco E-liquid Package,E-liquid Cartridge,None,05/01/2025
815058022351,Logic Technology Development LLC,Power Cartridges Menthol 27 Mg/ml 2-ct,Logic Power Menthol E-liquid Package,E-liquid Cartridge,Menthol,05/01/2025
849205016283,R.J. Reynolds Vapor Company,Vuse,Alto Pod Rich Tobacco 5%,E-liquid Pod,Tobacco,05/01/2025
849205019765,R.J. Reynolds Vapor Company,Vuse,Alto Pod Golden Tobacco 1.8%,E-liquid Pod,Tobacco,05/01/2025
849205019468,R.J. Reynolds Vapor Company,Vuse,Alto Pod Golden Tobacco 2.4%,E-liquid Pod,Tobacco,05/01/2025
849205019345,R.J. Reynolds Vapor Company,Vuse,Alto Pod Golden Tobacco 5%,E-liquid Pod,Tobacco,05/01/2025
849205019673,R.J. Reynolds Vapor Company,Vuse,Alto Pod Menthol 1.8%,E-liquid Pod,Menthol,05/01/2025
849205019918,R.J. Reynolds Vapor Company,Vuse,Alto Pod Menthol 2.4%,E-liquid Pod,Menthol,05/01/2025
849205016252,R.J. Reynolds Vapor Company,Vuse,Alto Pod Menthol 5%,E-liquid Pod,Menthol,05/01/2025
849205032139,R.J. Reynolds Vapor Company,Vuse,Alto 4 Pod Classic Tobacco 2.4%,E-liquid Pod,Tobacco,05/01/2025
849205032108,R.J. Reynolds Vapor Company,Vuse,Alto 4 Pod Classic Tobacco 5%,E-liquid Pod,Tobacco,05/01/2025
849205023519,R.J. Reynolds Vapor Company,Vuse,Alto 4 Pod Golden Tobacco 2.4%,E-liquid Pod,Tobacco,05/01/2025
849205023540,R.J. Reynolds Vapor Company,Vuse,Alto 4 Pod Golden Tobacco 5%,E-liquid Pod,Tobacco,05/01/2025
849205032481,R.J. Reynolds Vapor Company,Vuse,Alto Menthol All In One Kit 2.4%,E-liquid Pod,Menthol,05/01/2025
849205032429,R.J. Reynolds Vapor Company,Vuse,Alto Pod Aqua Frost Menthol 5%,E-liquid Pod,Menthol,05/01/2025
849205031224,R.J. Reynolds Vapor Company,Vuse,Alto Pod Dusk Glow Tobacco 5%,E-liquid Pod,Tobacco,05/01/2025
849205031255,R.J. Reynolds Vapor Company,Vuse,Alto Pod Golden Spark Tobacco 5%,E-liquid Pod,Tobacco,05/01/2025
849205032573,R.J. Reynolds Vapor Company,Vuse,Alto Pod Aqua Frost Menthol 2.4%,E-liquid Pod,Menthol,05/01/2025
849205032511,R.J. Reynolds Vapor Company,Vuse,Alto Pod Dusk Glow Tobacco 2.4%,E-liquid Pod,Tobacco,05/01/2025
849205032542,R.J. Reynolds Vapor Company,Vuse,Alto Pod Golden Spark Tobacco 2.4%,E-liquid Pod,Tobacco,05/01/2025
849205032450,R.J. Reynolds Vapor Company,Vuse,Alto Pod Aqua Frost Menthol 5% Tasting Kit,E-liquid Pod,Menthol,05/01/2025
849205031347,R.J. Reynolds Vapor Company,Vuse,Alto Golden Spark/dusk Glow Tasting Kit 5%,E-liquid Pod,Tobacco,05/01/2025
849205032634,R.J. Reynolds Vapor Company,Vuse,Alto Pod Aqua Frost Menthol Tasting Kit 2.4%,E-liquid Pod,Menthol,05/01/2025
819913015434,"Juul Labs, Inc.",Juul,Juul Us Silver Device Kit,Device,N/A,05/01/2025
810429038498,"My Vape Order, Inc.",Air Factory,Tropic Freeze 3 Mg - 60ml,E-liquid,"Fruit, Menthol",05/08/2025
810429038504,"My Vape Order, Inc.",Air Factory,Tropic Freeze 6 Mg - 60ml,E-liquid,"Fruit, Menthol",05/08/2025
810429038511,"My Vape Order, Inc.",Air Factory,Tropic Freeze 18 Mg - 30ml,E-liquid,"Fruit, Menthol",05/08/2025
810429038528,"My Vape Order, Inc.",Air Factory,Tropic Freeze 36 Mg - 30ml,E-liquid,"Fruit, Menthol",05/08/2025
810429037972,"My Vape Order, Inc.",Air Factory,Unflavored 3 Mg - 60ml,E-liquid,None,05/08/2025
810429037989,"My Vape Order, Inc.",Air Factory,Unflavored 6 Mg - 60ml,E-liquid,None,05/08/2025
810429037996,"My Vape Order, Inc.",Air Factory,Unflavored 18 Mg - 30ml,E-liquid,None,05/08/2025
810429038009,"My Vape Order, Inc.",Air Factory,Unflavored 36 Mg - 60ml,E-liquid,None,05/08/2025
810429038658,"My Vape Order, Inc.",Air Factory,Strawberry Kiwi 3 Mg - 60ml,E-liquid,Strawberry,05/08/2025
810429038665,"My Vape Order, Inc.",Air Factory,Strawberry Kiwi 6 Mg - 60ml,E-liquid,Strawberry,05/08/2025
810429038672,"My Vape Order, Inc.",Air Factory,Strawberry Kiwi 18 Mg - 30ml,E-liquid,Strawberry,05/08/2025
810429038689,"My Vape Order, Inc.",Air Factory,Strawberry Kiwi 36 Mg - 30ml,E-liquid,Strawberry,05/08/2025
810429038658,"My Vape Order, Inc.",Air Factory,Tobacco 3 Mg - 60ml,E-liquid,Tobacco,05/08/2025
810429038023,"My Vape Order, Inc.",Air Factory,Tobacco 6 Mg - 60ml,E-liquid,Tobacco,05/08/2025
810429038030,"My Vape Order, Inc.",Air Factory,Tobacco 18 Mg - 30ml,E-liquid,Tobacco,05/08/2025
810429038047,"My Vape Order, Inc.",Air Factory,Tobacco 36 Mg - 30ml,E-liquid,Tobacco,05/08/2025
810429038214,"My Vape Order, Inc.",Air Factory,Melon Lush 3 Mg - 60ml,E-liquid,Melon,05/08/2025
810429038221,"My Vape Order, Inc.",Air Factory,Melon Lush 6 Mg - 60ml,E-liquid,Melon,05/08/2025
810429038238,"My Vape Order, Inc.",Air Factory,Melon Lush 18 Mg - 30ml,E-liquid,Melon,05/08/2025
810429038245,"My Vape Order, Inc.",Air Factory,Melon Lush 36 Mg - 30ml,E-liquid,Melon,05/08/2025
810429038610,"My Vape Order, Inc.",Air Factory,Melon Lush Ice 3 Mg - 60ml,E-liquid,"Melon, Menthol",05/08/2025
810429038627,"My Vape Order, Inc.",Air Factory,Melon Lush Ice 6 Mg - 60ml,E-liquid,"Melon, Menthol",05/08/2025
810429038634,"My Vape Order, Inc.",Air Factory,Melon Lush Ice 18 Mg - 30ml,E-liquid,"Melon, Menthol",05/08/2025
810429038641,"My Vape Order, Inc.",Air Factory,Melon Lush Ice 36 Mg - 30ml,E-liquid,"Melon, Menthol",05/08/2025
810429038535,"My Vape Order, Inc.",Air Factory,Mango Ice 3 Mg - 60ml,E-liquid,"Mango, Menthol",05/08/2025
810429038542,"My Vape Order, Inc.",Air Factory,Mango Ice 6 Mg - 60ml,E-liquid,"Mango, Menthol",05/08/2025
810429038559,"My Vape Order, Inc.",Air Factory,Mango Ice 18 Mg - 30ml,E-liquid,"Mango, Menthol",05/08/2025
810429038566,"My Vape Order, Inc.",Air Factory,Mango Ice 36 Mg - 30ml,E-liquid,"Mango, Menthol",05/08/2025
810429038177,"My Vape Order, Inc.",Air Factory,Mix Berry 3 Mg - 60ml,E-liquid,Raspberry,05/08/2025
810429038184,"My Vape Order, Inc.",Air Factory,Mix Berry 6 Mg - 60ml,E-liquid,Raspberry,05/08/2025
810429038191,"My Vape Order, Inc.",Air Factory,Mix Berry 18 Mg - 30ml,E-liquid,Raspberry,05/08/2025
810429038207,"My Vape Order, Inc.",Air Factory,Mix Berry 36 Mg - 30ml,E-liquid,Raspberry,05/08/2025
810429038375,"My Vape Order, Inc.",Air Factory,Custard Tobacco 3 Mg - 60ml,E-liquid,Tobacco,05/08/2025
810429038382,"My Vape Order, Inc.",Air Factory,Custard Tobacco 6 Mg - 60ml,E-liquid,Tobacco,05/08/2025
810429038399,"My Vape Order, Inc.",Air Factory,Custard Tobacco 18 Mg - 30ml,E-liquid,Tobacco,05/08/2025
810429038405,"My Vape Order, Inc.",Air Factory,Custard Tobacco 36 Mg - 30ml,E-liquid,Tobacco,05/08/2025
810429038290,"My Vape Order, Inc.",Air Factory,Mango 3 Mg - 60ml,E-liquid,Mango,05/08/2025
810429038306,"My Vape Order, Inc.",Air Factory,Mango 6 Mg - 60ml,E-liquid,Mango,05/08/2025
810429038313,"My Vape Order, Inc.",Air Factory,Mango 18 Mg - 30ml,E-liquid,Mango,05/08/2025
810429038320,"My Vape Order, Inc.",Air Factory,Mango 36 Mg - 30ml,E-liquid,Mango,05/08/2025
810429038450,"My Vape Order, Inc.",Air Factory,Creamy Crunch 3 Mg - 60ml,E-liquid,Cream,05/08/2025
810429038467,"My Vape Order, Inc.",Air Factory,Creamy Crunch 6 Mg - 60ml,E-liquid,Cream,05/08/2025
810429038474,"My Vape Order, Inc.",Air Factory,Creamy Crunch 18 Mg - 30ml,E-liquid,Cream,05/08/2025
810429038481,"My Vape Order, Inc.",Air Factory,Creamy Crunch 36 Mg - 30ml,E-liquid,Cream,05/08/2025
810429038412,"My Vape Order, Inc.",Air Factory,Custard 3 Mg - 60ml,E-liquid,Vanilla,05/08/2025
810429038429,"My Vape Order, Inc.",Air Factory,Custard 6 Mg - 60ml,E-liquid,Vanilla,05/08/2025
365860386603,"Dr Distributors, LLC",21st Century Smoke,21st Century Regular 1.6 Cartridge 3 Ct Box,E-liquid Cartridge,Tobacco-regular,05/01/2025
365860386665,"Dr Distributors, LLC",21st Century Smoke,21st Century Regular 2.0 Cartridge 3 Ct Box,E-liquid Cartridge,Tobacco-regular,05/01/2025
365860386849,"Dr Distributors, LLC",21st Century Smoke,21st Century Regular 1.6 Cartridge 6 Ct Box,E-liquid Cartridge,Tobacco-regular,05/01/2025
365860386900,"Dr Distributors, LLC",21st Century Smoke,21st Century Regular 2.0 Cartridge 6 Ct Box,E-liquid Cartridge,Tobacco-regular,05/01/2025
365860383763,"Dr Distributors, LLC",21st Century Smoke,21st Century Rechargeable Kit 1.6 Regular,Device,Tobacco-regular,05/01/2025
365860384210,"Dr Distributors, LLC",21st Century Smoke,21st Century Smoke Rechargeable Kit,Power Unit,N/A,05/01/2025
788782962609,MH Global LLC dba Streamline Vape Co. LLC,Bam's Cannoli,Bam's Cannoli Captain,E-liquid,Caramel Cream,05/01/2025
788782962616,MH Global LLC dba Streamline Vape Co. LLC,Bam's Cannoli,Bam's Cannoli Captain,E-liquid,Caramel Cream,05/01/2025
788782965228,MH Global LLC dba Streamline Vape Co. LLC,Juice Head,Juice Head Blueberry Lemon,E-liquid,Blueberry Lemon,05/01/2025
788782965235,MH Global LLC dba Streamline Vape Co. LLC,Juice Head,Juice Head Blueberry Lemon,E-liquid,Blueberry Lemon,05/01/2025
750253727819,MH Global LLC dba Streamline Vape Co. LLC,Juice Head,Juice Head Peach Pear,E-liquid,Peach Pear,05/01/2025
849205023427,R.J. Reynolds Vapor Company,Vuse,Alto 4 Pod Menthol 2.4%,E-liquid Pod,Menthol,05/01/2025
849205023458,R.J. Reynolds Vapor Company,Vuse,Alto 4 Pod Menthol 5%,E-liquid Pod,Menthol,05/01/2025
849205030623,R.J. Reynolds Vapor Company,Vuse,Alto 6 Pod Golden Tobacco 5%,E-liquid Pod,Tobacco,05/01/2025
849205030593,R.J. Reynolds Vapor Company,Vuse,Alto 6 Pod Menthol 5%,E-liquid Pod,Menthol,05/01/2025
849205034010,R.J. Reynolds Vapor Company,Vuse,Alto 6 Pod Golden Tobacco 2.4%,E-liquid Pod,Tobacco,05/01/2025
849205033983,R.J. Reynolds Vapor Company,Vuse,Alto 6 Pod Menthol 2.4%,E-liquid Pod,Menthol,05/01/2025
849205032160,R.J. Reynolds Vapor Company,Vuse,Alto Classic Tobacco All In One Kit 5%,E-liquid Pod,Tobacco,05/01/2025
810429038436,"My Vape Order, Inc.",Air Factory,Custard 18 Mg - 60ml,E-liquid,Vanilla,05/08/2025
810429038443,"My Vape Order, Inc.",Air Factory,Custard 36 Mg - 60ml,E-liquid,Vanilla,05/08/2025
810429038252,"My Vape Order, Inc.",Air Factory,Berry Rush 3 Mg - 60ml,E-liquid,Fruit,05/08/2025
810429038269,"My Vape Order, Inc.",Air Factory,Berry Rush 6 Mg - 60ml,E-liquid,Fruit,05/08/2025
810429038276,"My Vape Order, Inc.",Air Factory,Berry Rush 18 Mg - 30ml,E-liquid,Fruit,05/08/2025
810429038283,"My Vape Order, Inc.",Air Factory,Berry Rush 36 Mg - 30ml,E-liquid,Fruit,05/08/2025
810429038139,"My Vape Order, Inc.",Air Factory,Blue Razz 3 Mg - 60ml,E-liquid,Blueberry,05/08/2025
810429038146,"My Vape Order, Inc.",Air Factory,Blue Razz 6 Mg - 60ml,E-liquid,Blueberry,05/08/2025
810429038153,"My Vape Order, Inc.",Air Factory,Blue Razz 18 Mg - 30ml,E-liquid,Blueberry,05/08/2025
810429038160,"My Vape Order, Inc.",Air Factory,Blue Razz 36 Mg - 30ml,E-liquid,Blueberry,05/08/2025
810429038573,"My Vape Order, Inc.",Air Factory,Blue Razz Ice 3 Mg - 60ml,E-liquid,Blueberry,05/08/2025
811109022448,Flavors15 LLC,NicQuid,Day Break,E-liquid,Tobacco,06/04/2025
811109026293,Flavors15 LLC,NicQuid,Day Break,E-liquid,Tobacco,06/04/2025
811109026309,Flavors15 LLC,NicQuid,Day Break,E-liquid,Tobacco,06/04/2025
811109026316,Flavors15 LLC,NicQuid,Day Break,E-liquid,Tobacco,06/04/2025
811109024206,Flavors15 LLC,NicQuid,Day Break,E-liquid,Tobacco,06/04/2025
811109024268,Flavors15 LLC,NicQuid,Midnight Express,E-liquid,Tobacco,06/04/2025
811109022783,Flavors15 LLC,NicQuid,Midnight Express,E-liquid,Tobacco,06/04/2025
811109022790,Flavors15 LLC,NicQuid,Midnight Express,E-liquid,Tobacco,06/04/2025
811109022806,Flavors15 LLC,NicQuid,Midnight Express,E-liquid,Tobacco,06/04/2025
816332021633,Flavors15 LLC,NicQuid,Midnight Express,E-liquid,Tobacco,06/04/2025
816332021640,Flavors15 LLC,NicQuid,Midnight Express,E-liquid,Tobacco,06/04/2025
816332021657,Flavors15 LLC,NicQuid,Midnight Express,E-liquid,Tobacco,06/04/2025
816332021664,Flavors15 LLC,NicQuid,Midnight Express,E-liquid,Tobacco,06/04/2025
811109026392,Flavors15 LLC,NicQuid,Midnight Express,E-liquid,Tobacco,06/04/2025
811109024213,Flavors15 LLC,NicQuid,Gen7,E-liquid,Tobacco,06/04/2025
811109022523,Flavors15 LLC,NicQuid,Gen7,E-liquid,Tobacco,06/04/2025
811109022530,Flavors15 LLC,NicQuid,Gen7,E-liquid,Tobacco,06/04/2025
811109022547,Flavors15 LLC,NicQuid,Gen7,E-liquid,Tobacco,06/04/2025
811109022554,Flavors15 LLC,NicQuid,Gen7,E-liquid,Tobacco,06/04/2025
816332021336,Flavors15 LLC,NicQuid,Gen7,E-liquid,Tobacco,06/04/2025
816332021343,Flavors15 LLC,NicQuid,Gen7,E-liquid,Tobacco,06/04/2025
816332021350,Flavors15 LLC,NicQuid,Gen7,E-liquid,Tobacco,06/04/2025
816332021367,Flavors15 LLC,NicQuid,Gen7,E-liquid,Tobacco,06/04/2025
811109026415,Flavors15 LLC,NicQuid,Gen7,E-liquid,Tobacco,06/04/2025
811109024374,Flavors15 LLC,NicQuid,Soho,E-liquid,Tobacco,06/04/2025
811109023322,Flavors15 LLC,NicQuid,Soho,E-liquid,Tobacco,06/04/2025
811109023339,Flavors15 LLC,NicQuid,Soho,E-liquid,Tobacco,06/04/2025
811109023346,Flavors15 LLC,NicQuid,Soho,E-liquid,Tobacco,06/04/2025
811109023353,Flavors15 LLC,NicQuid,Soho,E-liquid,Tobacco,06/04/2025
816332022234,Flavors15 LLC,NicQuid,Soho,E-liquid,Tobacco,06/04/2025
816332022241,Flavors15 LLC,NicQuid,Soho,E-liquid,Tobacco,06/04/2025
816332022258,Flavors15 LLC,NicQuid,Soho,E-liquid,Tobacco,06/04/2025
816332022265,Flavors15 LLC,NicQuid,Soho,E-liquid,Tobacco,06/04/2025
811109026385,Flavors15 LLC,NicQuid,Soho,E-liquid,Tobacco,06/04/2025
811109026200,Flavors15 LLC,NicQuid,Tobacuccino,E-liquid,Tobacco,06/04/2025
811109026217,Flavors15 LLC,NicQuid,Tobacuccine,E-liquid,Tobacco,06/04/2025
811109026194,Flavors15 LLC,NicQuid,Tobacuccino,E-liquid,Tobacco,06/04/2025
811109026187,Flavors15 LLC,NicQuid,Tobacuccino,E-liquid,Tobacco,06/04/2025
811109026262,Flavors15 LLC,NicQuid,Tobacuccino,E-liquid,Tobacco,06/04/2025
811109026255,Flavors15 LLC,NicQuid,Tobacuccino,E-liquid,Tobacco,06/04/2025
811109026248,Flavors15 LLC,NicQuid,Tobacuccino,E-liquid,Tobacco,06/04/2025
811109026231,Flavors15 LLC,NicQuid,Tobacuccino,E-liquid,Tobacco,06/04/2025
811109026163,Flavors15 LLC,NicQuid,Menthol Blend,E-liquid,Menthol,06/04/2025
811109026156,Flavors15 LLC,NicQuid,Menthol Blend,E-liquid,Menthol,06/04/2025
811109026149,Flavors15 LLC,NicQuid,Menthol Blend,E-liquid,Menthol,06/04/2025
811109026132,Flavors15 LLC,NicQuid,Menthol Blend,E-liquid,Menthol,06/04/2025
811109026118,Flavors15 LLC,NicQuid,Menthol Blend,E-liquid,Menthol,06/04/2025
811109026101,Flavors15 LLC,NicQuid,Menthol Blend,E-liquid,Menthol,06/04/2025
811109026095,Flavors15 LLC,NicQuid,Menthol Blend,E-liquid,Menthol,06/04/2025
811109026088,Flavors15 LLC,NicQuid,Menthol Blend,E-liquid,Menthol,06/04/2025
811109024282,Flavors15 LLC,NicQuid,Mintoid,E-liquid,Menthol,06/04/2025
811109022875,Flavors15 LLC,NicQuid,Mintoid,E-liquid,Menthol,06/04/2025
811109022882,Flavors15 LLC,NicQuid,Mintoid,E-liquid,Menthol,06/04/2025
811109022899,Flavors15 LLC,NicQuid,Mintoid,E-liquid,Menthol,06/04/2025
811109022905,Flavors15 LLC,NicQuid,Mintoid,E-liquid,Menthol,06/04/2025
601956377408,Maduro Distributors Inc dba The Loon,Loon,Loon Air+,Disposable,Mint,05/01/2025
742259842450,Maduro Distributors Inc dba The Loon,Loon,Loon Air+,Disposable,Pineapple Ice,05/01/2025
601956377460,Maduro Distributors Inc dba The Loon,Loon,Loon Air+,Disposable,Strawberry Ice,05/01/2025
742259842474,Maduro Distributors Inc dba The Loon,Loon,Loon Air+,Disposable,Strawberry Watermelon,05/01/2025
601956377422,Maduro Distributors Inc dba The Loon,Loon,Loon Air+,Disposable,Orange (fantasie),05/01/2025
742259842498,Maduro Distributors Inc dba The Loon,Loon,Loon Air+,Disposable,Bad Bull,05/01/2025
601956377385,Maduro Distributors Inc dba The Loon,Loon,Loon Air+,Disposable,Lush Ice,05/01/2025
601956377347,Maduro Distributors Inc dba The Loon,Loon,Loon Air+,Disposable,Berry Lemonade,05/01/2025
601956377446,Maduro Distributors Inc dba The Loon,Loon,Loon Air+,Disposable,Raspberry Blueberry Lemon,05/01/2025
742259842511,Maduro Distributors Inc dba The Loon,Loon,Loon Air+,Disposable,Mango Ice,05/01/2025
601956377361,Maduro Distributors Inc dba The Loon,Loon,Loon Air+,Disposable,Grape,05/01/2025
601956373882,Maduro Distributors Inc dba The Loon,Loon,Loon Air Maxx,Disposable,Frozen Melon,05/01/2025
767461990393,Maduro Distributors Inc dba The Loon,Loon,Loon Air Maxx,Disposable,Kiwi Berry (bowzer Berry),05/01/2025
601956370737,Maduro Distributors Inc dba The Loon,Loon,Loon Air Maxx,Disposable,Blue Raspberry (blue Razz),05/01/2025
601956370836,Maduro Distributors Inc dba The Loon,Loon,Loon Air Maxx,Disposable,Grape,05/01/2025
767461990072,Maduro Distributors Inc dba The Loon,Loon,Tobacco 18,E-liquid Cartridge,Tobacco,05/01/2025
767461990126,Maduro Distributors Inc dba The Loon,Loon,Menthol 18,E-liquid Cartridge,Menthol,05/01/2025
850071163391,Blue Nine LLC,Crossbar,Crossbar E-cigarette Tobacco Rw,Disposable,Tobacco,05/01/2025
850071163377,Blue Nine LLC,Crossbar,Crossbar E-cigarette Tobacco Bs,Disposable,Tobacco,05/01/2025
850071163438,Blue Nine LLC,Crossbar,Crossbar E-cigarette Menthol Mm,Disposable,Menthol,05/01/2025
850071163414,Blue Nine LLC,Crossbar,Crossbar E-cigarette Menthol Br,Disposable,Menthol,05/01/2025
815058022863,Logic Technology Development LLC,Pro Device,Logic Pro Capsule Tank System,Device,None,05/01/2025
815058022436,Logic Technology Development LLC,Pro Capsules Tobacco 20 Mg/ml 2-ct,Logic Pro Tobacco E-liquid,E-liquid,None,05/01/2025
816332021695,Flavors15 LLC,NicQuid,Mintoid,E-liquid,Menthol,06/04/2025
816332021701,Flavors15 LLC,NicQuid,Mintoid,E-liquid,Menthol,06/04/2025
816332021718,Flavors15 LLC,NicQuid,Mintoid,E-liquid,Menthol,06/04/2025
816332021725,Flavors15 LLC,NicQuid,Mintoid,E-liquid,Menthol,06/04/2025
811109026378,Flavors15 LLC,NicQuid,Mintoid,E-liquid,Menthol,06/04/2025
811109025760,Flavors15 LLC,NicQuid,Smoothol,E-liquid,Menthol,06/04/2025
811109025753,Flavors15 LLC,NicQuid,Smoothol,E-liquid,Menthol,06/04/2025
811109025746,Flavors15 LLC,NicQuid,Smoothol,E-liquid,Menthol,06/04/2025
811109025739,Flavors15 LLC,NicQuid,Smoothol,E-liquid,Menthol,06/04/2025
811109026330,Flavors15 LLC,NicQuid,Smoothol,E-liquid,Menthol,06/04/2025
816332022173,Flavors15 LLC,NicQuid,Smoothol,E-liquid,Menthol,06/04/2025
810029043779,Wages & White Lion Investments LLC dba Triton Distribution,Vapetasia,Vapetasia Blueberry Parfait 100ml 3mg,E-liquid,Blueberry & Yogurt,05/29/2025
810029043786,Wages & White Lion Investments LLC dba Triton Distribution,Vapetasia,Vapetasia Blueberry Parfait 100ml 6mg,E-liquid,Blueberry & Yogurt,05/29/2025
810029041386,Wages & White Lion Investments LLC dba Triton Distribution,Vapetasia,Vapetasia Blueberry Parfait 60ml 0mg,E-liquid,Blueberry & Yogurt,05/29/2025
810029041393,Wages & White Lion Investments LLC dba Triton Distribution,Vapetasia,Vapetasia Blueberry Parfait 60ml 3mg,E-liquid,Blueberry & Yogurt,05/29/2025
810029041409,Wages & White Lion Investments LLC dba Triton Distribution,Vapetasia,Vapetasia Blueberry Parfait 60ml 6mg,E-liquid,Blueberry & Yogurt,05/29/2025
810029043847,Wages & White Lion Investments LLC dba Triton Distribution,Vapetasia,Vapetasia Blueberry Parfait Salt 30ml 24mg,E-liquid,Blueberry & Yogurt,05/29/2025
810029043854,Wages & White Lion Investments LLC dba Triton Distribution,Vapetasia,Vapetasia Blueberry Parfait Salt 30ml 48mg,E-liquid,Blueberry & Yogurt,05/29/2025
810029043922,Wages & White Lion Investments LLC dba Triton Distribution,Vapetasia,Vapetasia Iced Blackberry Lemonade 100ml 0mg,E-liquid,Menthol Blackberry Lemonade,05/29/2025
810029043939,Wages & White Lion Investments LLC dba Triton Distribution,Vapetasia,Vapetasia Iced Blackberry Lemonade 100ml 3mg,E-liquid,Menthol Blackberry Lemonade,05/29/2025
810029043946,Wages & White Lion Investments LLC dba Triton Distribution,Vapetasia,Vapetasia Iced Blackberry Lemonade 100ml 6mg,E-liquid,Menthol Blackberry Lemonade,05/29/2025
810029043045,Wages & White Lion Investments LLC dba Triton Distribution,Vapetasia,Vapetasia Iced Blackberry Lemonade 60ml 0mg,E-liquid,Menthol Blackberry Lemonade,05/29/2025
810029040662,Wages & White Lion Investments LLC dba Triton Distribution,Vapetasia,Vapetasia Killer Kustard Blueberry 100ml 6mg,E-liquid,Blueberry Vanilla Custard,05/29/2025
810029040884,Wages & White Lion Investments LLC dba Triton Distribution,Vapetasia,Vapetasia Killer Kustard Blueberry 60ml 0mg,E-liquid,Blueberry Vanilla Custard,05/29/2025
810029040891,Wages & White Lion Investments LLC dba Triton Distribution,Vapetasia,Vapetasia Killer Kustard Blueberry 60ml 3mg,E-liquid,Blueberry Vanilla Custard,05/29/2025
810029040464,Wages & White Lion Investments LLC dba Triton Distribution,Vapetasia,Vapetasia Killer Kustard Blueberry 60ml 6mg,E-liquid,Blueberry Vanilla Custard,05/29/2025
810029040822,Wages & White Lion Investments LLC dba Triton Distribution,Vapetasia,Vapetasia Killer Kustard Blueberry Salt 30ml 24mg,E-liquid,Blueberry Vanilla Custard,05/29/2025
810029040839,Wages & White Lion Investments LLC dba Triton Distribution,Vapetasia,Vapetasia Killer Kustard Blueberry Salt 30ml 48mg,E-liquid,Blueberry Vanilla Custard,05/29/2025
810029040686,Wages & White Lion Investments LLC dba Triton Distribution,Vapetasia,Vapetasia Killer Kustard Honeydew 100ml 0mg,E-liquid,Vanilla Honeydew Custard,05/29/2025
810029040693,Wages & White Lion Investments LLC dba Triton Distribution,Vapetasia,Vapetasia Killer Kustard Honeydew 100ml 3mg,E-liquid,Vanilla Honeydew Custard,05/29/2025
810029040709,Wages & White Lion Investments LLC dba Triton Distribution,Vapetasia,Vapetasia Killer Kustard Honeydew 100ml 6mg,E-liquid,Vanilla Honeydew Custard,05/29/2025
810029040723,Wages & White Lion Investments LLC dba Triton Distribution,Vapetasia,Vapetasia Killer Kustard Lemon 100ml 0mg,E-liquid,Vanilla Lemon & Custard,05/29/2025
810029040600,Wages & White Lion Investments LLC dba Triton Distribution,Vapetasia,Vapetasia Killer Kustard 100ml 0mg,E-liquid,Vanilla & Custard,05/29/2025
810029040617,Wages & White Lion Investments LLC dba Triton Distribution,Vapetasia,Vapetasia Killer Kustard 100ml 3mg,E-liquid,Vanilla & Custard,05/29/2025
810029040624,Wages & White Lion Investments LLC dba Triton Distribution,Vapetasia,Vapetasia Killer Kustard 100ml 6mg,E-liquid,Vanilla & Custard,05/29/2025
810029040631,Wages & White Lion Investments LLC dba Triton Distribution,Vapetasia,Vapetasia Killer Kustard 100ml 12mg,E-liquid,Vanilla & Custard,05/29/2025
810029040402,Wages & White Lion Investments LLC dba Triton Distribution,Vapetasia,Vapetasia Killer Kustard 60ml 0mg,E-liquid,Vanilla & Custard,05/29/2025
810029040419,Wages & White Lion Investments LLC dba Triton Distribution,Vapetasia,Vapetasia Killer Kustard 60ml 3mg,E-liquid,Vanilla & Custard,05/29/2025
810029040426,Wages & White Lion Investments LLC dba Triton Distribution,Vapetasia,Vapetasia Killer Kustard 60ml 6mg,E-liquid,Vanilla & Custard,05/29/2025
810029040433,Wages & White Lion Investments LLC dba Triton Distribution,Vapetasia,Vapetasia Killer Kustard 60ml 12mg,E-liquid,Vanilla & Custard,05/29/2025
810029040648,Wages & White Lion Investments LLC dba Triton Distribution,Vapetasia,Vapetasia Killer Kustard Blueberry 100ml 0mg,E-liquid,Blueberry Vanilla Custard,05/29/2025
810029040655,Wages & White Lion Investments LLC dba Triton Distribution,Vapetasia,Vapetasia Killer Kustard Blueberry 100ml 3mg,E-liquid,Blueberry Vanilla Custard,05/29/2025
810029040730,Wages & White Lion Investments LLC dba Triton Distribution,Vapetasia,Vapetasia Killer Kustard Lemon 100ml 3mg,E-liquid,Vanilla Lemon & Custard,05/29/2025
810029040747,Wages & White Lion Investments LLC dba Triton Distribution,Vapetasia,Vapetasia Killer Kustard Lemon 100ml 6mg,E-liquid,Vanilla Lemon & Custard,05/29/2025
810029040761,Wages & White Lion Investments LLC dba Triton Distribution,Vapetasia,Vapetasia Killer Kustard Strawberry 100ml 0mg,E-liquid,Strawberry Vanilla Custard,05/29/2025
810029040778,Wages & White Lion Investments LLC dba Triton Distribution,Vapetasia,Vapetasia Killer Kustard Strawberry 100ml 3mg,E-liquid,Strawberry Vanilla Custard,05/29/2025
810029040785,Wages & White Lion Investments LLC dba Triton Distribution,Vapetasia,Vapetasia Killer Kustard Strawberry 100ml 6mg,E-liquid,Strawberry Vanilla Custard,05/29/2025
810029044363,Wages & White Lion Investments LLC dba Triton Distribution,Vapetasia,Vapetasia Killer Kustard Salt 30ml 12mg,E-liquid,Vanilla & Custard,05/29/2025
810029040808,Wages & White Lion Investments LLC dba Triton Distribution,Vapetasia,Vapetasia Killer Kustard Salt 30ml 24mg,E-liquid,Vanilla & Custard,05/29/2025
810029040815,Wages & White Lion Investments LLC dba Triton Distribution,Vapetasia,Vapetasia Killer Kustard Salt 30ml 48mg,E-liquid,Vanilla & Custard,05/29/2025
810029040563,Wages & White Lion Investments LLC dba Triton Distribution,Vapetasia,Vapetasia Killer Kustard Strawberry 60ml 0mg,E-liquid,Strawberry Vanilla Custard,05/29/2025
810029040570,Wages & White Lion Investments LLC dba Triton Distribution,Vapetasia,Vapetasia Killer Kustard Strawberry 60ml 3mg,E-liquid,Strawberry Vanilla Custard,05/29/2025
810029040587,Wages & White Lion Investments LLC dba Triton Distribution,Vapetasia,Vapetasia Killer Kustard Strawberry 60ml 6mg,E-liquid,Strawberry Vanilla Custard,05/29/2025
810029044400,Wages & White Lion Investments LLC dba Triton Distribution,Vapetasia,Vapetasia Killer Kustard Strawberry Salt 30ml 12mg,E-liquid,Strawberry Vanilla Custard,05/29/2025
810029040884,Wages & White Lion Investments LLC dba Triton Distribution,Vapetasia,Vapetasia Killer Kustard Strawberry Salt 30ml 24mg,E-liquid,Strawberry Vanilla Custard,05/29/2025
6939986037134,"SV3, LLC",Mi-pod,Mi-pod Pro,Device,N/A,06/24/2025
813613026134,"SV3, LLC",Mi-pod,Mi-pod Pro Replacement Pods,Device,N/A,06/24/2025
810029040891,Wages & White Lion Investments LLC dba Triton Distribution,Vapetasia,Vapetasia Killer Kustard Strawberry Salt 30ml 48mg,E-liquid,Strawberry Vanilla Custard,05/29/2025
810029040167,Wages & White Lion Investments LLC dba Triton Distribution,Vapetasia,Vapetasia Milk Of The Poppy 100ml 0mg,E-liquid,Milk & Strawberry,05/29/2025
810029040174,Wages & White Lion Investments LLC dba Triton Distribution,Vapetasia,Vapetasia Milk Of The Poppy 100ml 3mg,E-liquid,Milk & Strawberry,05/29/2025
810029040181,Wages & White Lion Investments LLC dba Triton Distribution,Vapetasia,Vapetasia Milk Of The Poppy 100ml 6mg,E-liquid,Milk & Strawberry,05/29/2025
810029040198,Wages & White Lion Investments LLC dba Triton Distribution,Vapetasia,Vapetasia Milk Of The Poppy 100ml 12mg,E-liquid,Milk & Strawberry,05/29/2025
810029040006,Wages & White Lion Investments LLC dba Triton Distribution,Vapetasia,Vapetasia Milk Of The Poppy 60ml 0mg,E-liquid,Milk & Strawberry,05/29/2025
810029040013,Wages & White Lion Investments LLC dba Triton Distribution,Vapetasia,Vapetasia Milk Of The Poppy 60ml 3mg,E-liquid,Milk & Strawberry,05/29/2025
850011519219,Wages & White Lion Investments LLC dba Triton Distribution,Jimmy The Juiceman,Jimmy The Juiceman Raspberry French 120ml 6mg,E-liquid,Cream Raspberry Mixed Berry,05/29/2025
850011519226,Wages & White Lion Investments LLC dba Triton Distribution,Jimmy The Juiceman,Jimmy The Juiceman Raspberry French 120ml 12mg,E-liquid,Cream Raspberry Mixed Berry,05/29/2025
1000703060,Wages & White Lion Investments LLC dba Triton Distribution,Jimmy The Juiceman,Jimmy The Juiceman Raspberry French 60ml 3mg,E-liquid,Cream Raspberry Mixed Berry,05/29/2025
810029041447,Wages & White Lion Investments LLC dba Triton Distribution,Vapetasia,Vapetasia Strawberry Parfait 60ml 6mg,E-liquid,Strawberry & Yogurt,05/29/2025
810029043861,Wages & White Lion Investments LLC dba Triton Distribution,Vapetasia,Vapetasia Strawberry Parfait Salt 30ml 24mg,E-liquid,Strawberry & Yogurt,05/29/2025
810029043878,Wages & White Lion Investments LLC dba Triton Distribution,Vapetasia,Vapetasia Strawberry Parfait Salt 30ml 48mg,E-liquid,Strawberry & Yogurt,05/29/2025
900200120,Wages & White Lion Investments LLC dba Triton Distribution,Cold Fusion,Cold Fusion Hiss Tank 120ml 0mg,E-liquid,Raspberry & Dragon Fruit,05/29/2025
900203120,Wages & White Lion Investments LLC dba Triton Distribution,Cold Fusion,Cold Fusion Hiss Tank 120ml 3mg,E-liquid,Raspberry & Dragon Fruit,05/29/2025
900206120,Wages & White Lion Investments LLC dba Triton Distribution,Cold Fusion,Cold Fusion Hiss Tank 120ml 6mg,E-liquid,Raspberry & Dragon Fruit,05/29/2025
900212120,Wages & White Lion Investments LLC dba Triton Distribution,Cold Fusion,Cold Fusion Hiss Tank 120ml 12mg,E-liquid,Raspberry & Dragon Fruit,05/29/2025
900200060,Wages & White Lion Investments LLC dba Triton Distribution,Cold Fusion,Cold Fusion Hiss Tank 60ml 0mg,E-liquid,Raspberry & Dragon Fruit,05/29/2025
900203060,Wages & White Lion Investments LLC dba Triton Distribution,Cold Fusion,Cold Fusion Hiss Tank 60ml 3mg,E-liquid,Raspberry & Dragon Fruit,05/29/2025
900206060,Wages & White Lion Investments LLC dba Triton Distribution,Cold Fusion,Cold Fusion Hiss Tank 60ml 6mg,E-liquid,Raspberry & Dragon Fruit,05/29/2025
900212060,Wages & White Lion Investments LLC dba Triton Distribution,Cold Fusion,Cold Fusion Hiss Tank 60ml 12mg,E-liquid,Raspberry & Dragon Fruit,05/29/2025
860008032560,Wages & White Lion Investments LLC dba Triton Distribution,Suicide Bunny,Suicide Bunny The Ob 120ml 3mg,E-liquid,Sweet Cream & Savorly,05/29/2025
860008032577,Wages & White Lion Investments LLC dba Triton Distribution,Suicide Bunny,Suicide Bunny The Ob 120ml 6mg,E-liquid,Sweet Cream & Savorly,05/29/2025
100912120,Wages & White Lion Investments LLC dba Triton Distribution,Suicide Bunny,Suicide Bunny The Ob 120ml 12mg,E-liquid,Sweet Cream & Savorly,05/29/2025
100900060,Wages & White Lion Investments LLC dba Triton Distribution,Suicide Bunny,Suicide Bunny The Ob 60ml 0mg,E-liquid,Sweet Cream & Savorly,05/29/2025
100915060,Wages & White Lion Investments LLC dba Triton Distribution,Suicide Bunny,Suicide Bunny The Ob 60ml 1.5mg,E-liquid,Sweet Cream & Savorly,05/29/2025
100903060,Wages & White Lion Investments LLC dba Triton Distribution,Suicide Bunny,Suicide Bunny The Ob 60ml 3mg,E-liquid,Sweet Cream & Savorly,05/29/2025
100906060,Wages & White Lion Investments LLC dba Triton Distribution,Suicide Bunny,Suicide Bunny The Ob 60ml 6mg,E-liquid,Sweet Cream & Savorly,05/29/2025
100912060,Wages & White Lion Investments LLC dba Triton Distribution,Suicide Bunny,Suicide Bunny The Ob 60ml 12mg,E-liquid,Sweet Cream & Savorly,05/29/2025
100918060,Wages & White Lion Investments LLC dba Triton Distribution,Suicide Bunny,Suicide Bunny The Ob 60ml 18mg,E-liquid,Sweet Cream & Savorly,05/29/2025
100600120,Wages & White Lion Investments LLC dba Triton Distribution,Suicide Bunny,Suicide Bunny Queen Cake 120ml 0mg,E-liquid,Sweet Cream & Pineapple,05/29/2025
100615120,Wages & White Lion Investments LLC dba Triton Distribution,Suicide Bunny,Suicide Bunny Queen Cake 120ml 1.5mg,E-liquid,Sweet Cream & Pineapple,05/29/2025
810429038580,"My Vape Order, Inc.",Air Factory,Blue Razz Ice 6 Mg - 60ml,E-liquid,Blueberry,05/08/2025
810429038597,"My Vape Order, Inc.",Air Factory,Blue Razz Ice 18 Mg - 30ml,E-liquid,Blueberry,05/08/2025
810429038603,"My Vape Order, Inc.",Air Factory,Blue Razz Ice 36 Mg - 30ml,E-liquid,Blueberry,05/08/2025
810429038337,"My Vape Order, Inc.",Air Factory,Bold Tobacco 3 Mg - 60ml,E-liquid,Tobacco,05/08/2025
810429038344,"My Vape Order, Inc.",Air Factory,Bold Tobacco 6 Mg - 60ml,E-liquid,Tobacco,05/08/2025
810429038351,"My Vape Order, Inc.",Air Factory,Bold Tobacco 18 Mg - 30ml,E-liquid,Tobacco,05/08/2025
810429038368,"My Vape Order, Inc.",Air Factory,Bold Tobacco 3 Mg - 30ml,E-liquid,Tobacco,05/08/2025
810429038054,"My Vape Order, Inc.",Air Factory,Menthol 3 Mg - 60ml,E-liquid,Menthol,05/08/2025
810429038061,"My Vape Order, Inc.",Air Factory,Menthol 6 Mg - 60ml,E-liquid,Menthol,05/08/2025
810429038078,"My Vape Order, Inc.",Air Factory,Menthol 18 Mg - 30ml,E-liquid,Menthol,05/08/2025
810429038085,"My Vape Order, Inc.",Air Factory,Menthol 36 Mg - 30ml,E-liquid,Menthol,05/08/2025
810429038092,"My Vape Order, Inc.",Air Factory,Menthol 3 Mg - 60ml,E-liquid,Menthol,05/08/2025
810429038108,"My Vape Order, Inc.",Air Factory,Menthol 6 Mg - 60ml,E-liquid,Menthol,05/08/2025
810429038115,"My Vape Order, Inc.",Air Factory,Menthol 18 Mg - 30ml,E-liquid,Menthol,05/08/2025
810429038122,"My Vape Order, Inc.",Air Factory,Menthol 36 Mg - 30ml,E-liquid,Menthol,05/08/2025
810132652103,Breeze Smoke LLC,Breeze Smoke,Breeze Smoke Disposable Pod Ends Tobacco,Disposable,Tobacco,05/13/2025
811109022776,Flavors15 LLC,NicQuid,Midnight Express,E-liquid,Tobacco,06/04/2025
811109022424,Flavors15 LLC,NicQuid,Day Break,E-liquid,Tobacco,06/04/2025
811109022431,Flavors15 LLC,NicQuid,Day Break,E-liquid,Tobacco,06/04/2025
811109026286,Flavors15 LLC,NicQuid,Day Break,E-liquid,Tobacco,06/04/2025
811109022455,Flavors15 LLC,NicQuid,Day Break,E-liquid,Tobacco,06/04/2025
811109026408,Flavors15 LLC,NicQuid,Day Break,E-liquid,Tobacco,06/04/2025
850037435494,VDX Distro Inc.,Four Seasons,Menthol 60ml 6mg,E-liquid,Menthol,11/04/2025
850037435500,VDX Distro Inc.,Four Seasons,Menthol 60ml 12mg,E-liquid,Menthol,11/04/2025
850037435517,VDX Distro Inc.,Four Seasons,Menthol 60ml 18mg,E-liquid,Menthol,11/04/2025
850037435432,VDX Distro Inc.,Four Seasons,Menthol Tobacco 60ml 3mg,E-liquid,"Menthol, Tobacco",11/04/2025
850037435449,VDX Distro Inc.,Four Seasons,Menthol Tobacco 60ml 6mg,E-liquid,"Menthol, Tobacco",11/04/2025
850037435456,VDX Distro Inc.,Four Seasons,Menthol Tobacco 60ml 12mg,E-liquid,"Menthol, Tobacco",11/04/2025
850037435463,VDX Distro Inc.,Four Seasons,Menthol Tobacco 60ml 18mg,E-liquid,"Menthol, Tobacco",11/04/2025
850011260586,VDX Distro Inc.,Four Seasons,Menthol Tobacco Salt 30ml 30mg,E-liquid,"Menthol, Tobacco",11/04/2025
850011260593,VDX Distro Inc.,Four Seasons,Menthol Tobacco Salt 30ml 50mg,E-liquid,"Menthol, Tobacco",11/04/2025
850037435531,VDX Distro Inc.,Four Seasons,Ry4 Tobacco 60ml 3mg,E-liquid,Tobacco,11/04/2025
850037435548,VDX Distro Inc.,Four Seasons,Ry4 Tobacco 60ml 6mg,E-liquid,Tobacco,11/04/2025
850037435555,VDX Distro Inc.,Four Seasons,Ry4 Tobacco 60ml 12mg,E-liquid,Caramelized Tobacco,11/04/2025
850037435562,VDX Distro Inc.,Four Seasons,Ry4 Tobacco 60ml 18mg,E-liquid,Caramelized Tobacco,11/04/2025
850011260500,VDX Distro Inc.,Four Seasons,Ry4 Tobacco Salt 30ml 30mg,E-liquid,Caramelized Tobacco,11/04/2025
850011260517,VDX Distro Inc.,Four Seasons,Ry4 Tobacco Salt 30ml 50mg,E-liquid,Caramelized Tobacco,11/04/2025
850037435586,VDX Distro Inc.,Four Seasons,Turkish Tobacco 60ml 3mg,E-liquid,Latakia Tobacco,11/04/2025
850037435593,VDX Distro Inc.,Four Seasons,Turkish Tobacco 60ml 6mg,E-liquid,Latakia Tobacco,11/04/2025
850037435609,VDX Distro Inc.,Four Seasons,Turkish Tobacco 60ml 12mg,E-liquid,Latakia Tobacco,11/04/2025
850037435616,VDX Distro Inc.,Four Seasons,Turkish Tobacco 60ml 18mg,E-liquid,Latakia Tobacco,11/04/2025
850022314872,VDX Distro Inc.,Four Seasons,Virginia Tobacco 60ml 12mg,E-liquid,Virginia Tobacco,11/04/2025
816332022180,Flavors15 LLC,NicQuid,Smoothol,E-liquid,Menthol,06/04/2025
816332022197,Flavors15 LLC,NicQuid,Smoothol,E-liquid,Menthol,06/04/2025
816332022203,Flavors15 LLC,NicQuid,Smoothol,E-liquid,Menthol,06/04/2025
811109026347,Flavors15 LLC,NicQuid,Smoothol,E-liquid,Menthol,06/04/2025
811109024381,Flavors15 LLC,NicQuid,Southern Freeze,E-liquid,Menthol,06/04/2025
811109023377,Flavors15 LLC,NicQuid,Southern Freeze,E-liquid,Menthol,06/04/2025
811109023384,Flavors15 LLC,NicQuid,Southern Freeze,E-liquid,Menthol,06/04/2025
811109023391,Flavors15 LLC,NicQuid,Southern Freeze,E-liquid,Menthol,06/04/2025
811109023407,Flavors15 LLC,NicQuid,Southern Freeze,E-liquid,Menthol,06/04/2025
816332022296,Flavors15 LLC,NicQuid,Southern Freeze,E-liquid,Menthol,06/04/2025
816332022302,Flavors15 LLC,NicQuid,Southern Freeze,E-liquid,Menthol,06/04/2025
816332022319,Flavors15 LLC,NicQuid,Southern Freeze,E-liquid,Menthol,06/04/2025
816332022326,Flavors15 LLC,NicQuid,Southern Freeze,E-liquid,Menthol,06/04/2025
811109026453,Flavors15 LLC,NicQuid,Southern Freeze,E-liquid,Menthol,06/04/2025
811109025869,Flavors15 LLC,NicQuid,Spearmint,E-liquid,Menthol,06/04/2025
811109025852,Flavors15 LLC,NicQuid,Spearmint,E-liquid,Menthol,06/04/2025
811109025845,Flavors15 LLC,NicQuid,Spearmint,E-liquid,Menthol,06/04/2025
811109025838,Flavors15 LLC,NicQuid,Spearmint,E-liquid,Menthol,06/04/2025
811109025791,Flavors15 LLC,NicQuid,Spearmint,E-liquid,Menthol,06/04/2025
811109025807,Flavors15 LLC,NicQuid,Spearmint,E-liquid,Menthol,06/04/2025
811109025814,Flavors15 LLC,NicQuid,Spearmint,E-liquid,Menthol,06/04/2025
811109025821,Flavors15 LLC,NicQuid,Spearmint,E-liquid,Menthol,06/04/2025
811109025913,Flavors15 LLC,NicQuid,Sweet Leaf,E-liquid,Tobacco,06/04/2025
811109025906,Flavors15 LLC,NicQuid,Sweet Leaf,E-liquid,Tobacco,06/04/2025
811109025890,Flavors15 LLC,NicQuid,Sweet Leaf,E-liquid,Tobacco,06/04/2025
811109025883,Flavors15 LLC,NicQuid,Sweet Leaf,E-liquid,Tobacco,06/04/2025
811109025968,Flavors15 LLC,NicQuid,Sweet Leaf,E-liquid,Tobacco,06/04/2025
811109025951,Flavors15 LLC,NicQuid,Sweet Leaf,E-liquid,Tobacco,06/04/2025
811109025944,Flavors15 LLC,NicQuid,Sweet Leaf,E-liquid,Tobacco,06/04/2025
811109025937,Flavors15 LLC,NicQuid,Sweet Leaf,E-liquid,Tobacco,06/04/2025
840048220370,"Juul Labs, Inc.",Juul,Juul Us Sapphire Device Kit,Device,N/A,05/13/2025
810050170062,South Beach Holding/TPB Beast,South Beach Smoke,South Beach Smoke - 5 Pack Tobacco Gold 6mg/ml,E-liquid Cartridge,Tobacco,05/21/2025
810050170079,South Beach Holding/TPB Beast,South Beach Smoke,South Beach Smoke - 5 Pack Tobacco Gold 12mg/ml,E-liquid Cartridge,Tobacco,05/21/2025
810050170086,South Beach Holding/TPB Beast,South Beach Smoke,South Beach Smoke - 5 Pack Tobacco Gold 16mg/ml,E-liquid Cartridge,Tobacco,05/21/2025
810050170093,South Beach Holding/TPB Beast,South Beach Smoke,South Beach Smoke - 5 Pack Tobacco Gold 24mg/ml,E-liquid Cartridge,Tobacco,05/21/2025
810050170017,South Beach Holding/TPB Beast,South Beach Smoke,South Beach Smoke - 5 Pack Tobacco Classic 6mg/ml,E-liquid Cartridge,Tobacco,05/21/2025
810050170024,South Beach Holding/TPB Beast,South Beach Smoke,South Beach Smoke - 5 Pack Tobacco Classic 12mg/ml,E-liquid Cartridge,Tobacco,05/21/2025
810050170031,South Beach Holding/TPB Beast,South Beach Smoke,South Beach Smoke - 5 Pack Tobacco Classic 16mg/ml,E-liquid Cartridge,Tobacco,05/21/2025
810050170048,South Beach Holding/TPB Beast,South Beach Smoke,South Beach Smoke - 5 Pack Tobacco Classic 24mg/ml,E-liquid Cartridge,Tobacco,05/21/2025
810050170116,South Beach Holding/TPB Beast,South Beach Smoke,South Beach Smoke - 5 Pack Tobacco Blue 6mg/ml,E-liquid Cartridge,Tobacco,05/21/2025
810050170123,South Beach Holding/TPB Beast,South Beach Smoke,South Beach Smoke - 5 Pack Tobacco Blue 12mg/ml,E-liquid Cartridge,Tobacco,05/21/2025
810050170130,South Beach Holding/TPB Beast,South Beach Smoke,South Beach Smoke - 5 Pack Tobacco Blue 16mg/ml,E-liquid Cartridge,Tobacco,05/21/2025
810050170147,South Beach Holding/TPB Beast,South Beach Smoke,South Beach Smoke - 5 Pack Tobacco Blue 24mg/ml,E-liquid Cartridge,Tobacco,05/21/2025
810050170161,South Beach Holding/TPB Beast,South Beach Smoke,South Beach Smoke - 5 Pack Menthol 6mg/ml,E-liquid Cartridge,Menthol,05/21/2025
810050170178,South Beach Holding/TPB Beast,South Beach Smoke,South Beach Smoke - 5 Pack Menthol 12mg/ml,E-liquid Cartridge,Menthol,05/21/2025
810050170185,South Beach Holding/TPB Beast,South Beach Smoke,South Beach Smoke - 5 Pack Menthol 16mg/ml,E-liquid Cartridge,Menthol,05/21/2025
810050170192,South Beach Holding/TPB Beast,South Beach Smoke,South Beach Smoke - 5 Pack Menthol 24mg/ml,E-liquid Cartridge,Menthol,05/21/2025
810050170208,South Beach Holding/TPB Beast,South Beach Smoke,South Beach Smoke - Long White Automatic Battery,Power Unit,,05/21/2025
601956370775,Maduro Distributors Inc dba The Loon,Loon,Loon Air Maxx,Disposable,Frozen Mango,05/15/2025
810029041027,Wages & White Lion Investments LLC dba Triton Distribution,Vapetasia,Vapetasia Blackberry Lemonade 100ml 0mg,E-liquid,Blackberry & Lemonade,05/29/2025
810029041034,Wages & White Lion Investments LLC dba Triton Distribution,Vapetasia,Vapetasia Blackberry Lemonade 100ml 3mg,E-liquid,Blackberry & Lemonade,05/29/2025
810029041041,Wages & White Lion Investments LLC dba Triton Distribution,Vapetasia,Vapetasia Blackberry Lemonade 100ml 6mg,E-liquid,Blackberry & Lemonade,05/29/2025
810029040907,Wages & White Lion Investments LLC dba Triton Distribution,Vapetasia,Vapetasia Blackberry Lemonade 60ml 0mg,E-liquid,Blackberry & Lemonade,05/29/2025
810029040914,Wages & White Lion Investments LLC dba Triton Distribution,Vapetasia,Vapetasia Blackberry Lemonade 60ml 3mg,E-liquid,Blackberry & Lemonade,05/29/2025
810029040921,Wages & White Lion Investments LLC dba Triton Distribution,Vapetasia,Vapetasia Blackberry Lemonade 60ml 6mg,E-liquid,Blackberry & Lemonade,05/29/2025
810029041140,Wages & White Lion Investments LLC dba Triton Distribution,Vapetasia,Vapetasia Blackberry Lemonade Salt 30ml 24mg,E-liquid,Blackberry & Lemonade,05/29/2025
810029041157,Wages & White Lion Investments LLC dba Triton Distribution,Vapetasia,Vapetasia Blackberry Lemonade Salt 30ml 48mg,E-liquid,Blackberry & Lemonade,05/29/2025
810029043762,Wages & White Lion Investments LLC dba Triton Distribution,Vapetasia,Vapetasia Blueberry Parfait 100ml 0mg,E-liquid,Blueberry & Yogurt,05/29/2025
1000706060,Wages & White Lion Investments LLC dba Triton Distribution,Jimmy The Juiceman,Jimmy The Juiceman Raspberry French 60ml 6mg,E-liquid,Cream Raspberry Mixed Berry,05/29/2025
1000712060,Wages & White Lion Investments LLC dba Triton Distribution,Jimmy The Juiceman,Jimmy The Juiceman Raspberry French 60ml 12mg,E-liquid,Cream Raspberry Mixed Berry,05/29/2025
1000718060,Wages & White Lion Investments LLC dba Triton Distribution,Jimmy The Juiceman,Jimmy The Juiceman Raspberry French 60ml 18mg,E-liquid,Cream Raspberry Mixed Berry,05/29/2025
850011519158,Wages & White Lion Investments LLC dba Triton Distribution,Jimmy The Juiceman,Jimmy The Juiceman Shurb 120ml 0mg,E-liquid,Mixed Citrus & Raspberry,05/29/2025
850011519165,Wages & White Lion Investments LLC dba Triton Distribution,Jimmy The Juiceman,Jimmy The Juiceman Shurb 120ml 3mg,E-liquid,Mixed Citrus & Raspberry,05/29/2025
850011519172,Wages & White Lion Investments LLC dba Triton Distribution,Jimmy The Juiceman,Jimmy The Juiceman Shurb 120ml 6mg,E-liquid,Mixed Citrus & Raspberry,05/29/2025
1001000060,Wages & White Lion Investments LLC dba Triton Distribution,Jimmy The Juiceman,Jimmy The Juiceman Strawberry Astronaut 60ml 0mg,E-liquid,Strawberry & Mixed Berry,05/29/2025
1001003060,Wages & White Lion Investments LLC dba Triton Distribution,Jimmy The Juiceman,Jimmy The Juiceman Strawberry Astronaut 60ml 3mg,E-liquid,Strawberry & Mixed Berry,05/29/2025
1001006060,Wages & White Lion Investments LLC dba Triton Distribution,Jimmy The Juiceman,Jimmy The Juiceman Strawberry Astronaut 60ml 6mg,E-liquid,Strawberry & Mixed Berry,05/29/2025
1001012060,Wages & White Lion Investments LLC dba Triton Distribution,Jimmy The Juiceman,Jimmy The Juiceman Strawberry Astronaut 60ml 12mg,E-liquid,Strawberry & Mixed Berry,05/29/2025
1001018060,Wages & White Lion Investments LLC dba Triton Distribution,Jimmy The Juiceman,Jimmy The Juiceman Strawberry Astronaut 60ml 18mg,E-liquid,Strawberry & Mixed Berry,05/29/2025
850011519189,Wages & White Lion Investments LLC dba Triton Distribution,Jimmy The Juiceman,Jimmy The Juiceman Shurb 120ml 12mg,E-liquid,Mixed Citrus & Raspberry,05/29/2025
1000800060,Wages & White Lion Investments LLC dba Triton Distribution,Jimmy The Juiceman,Jimmy The Juiceman Shurb 60ml 0mg,E-liquid,Mixed Citrus & Raspberry,05/29/2025
1000803060,Wages & White Lion Investments LLC dba Triton Distribution,Jimmy The Juiceman,Jimmy The Juiceman Shurb 60ml 3mg,E-liquid,Mixed Citrus & Raspberry,05/29/2025
1000806060,Wages & White Lion Investments LLC dba Triton Distribution,Jimmy The Juiceman,Jimmy The Juiceman Shurb 60ml 6mg,E-liquid,Mixed Citrus & Raspberry,05/29/2025
1000812060,Wages & White Lion Investments LLC dba Triton Distribution,Jimmy The Juiceman,Jimmy The Juiceman Shurb 60ml 12mg,E-liquid,Mixed Citrus & Raspberry,05/29/2025
1000818060,Wages & White Lion Investments LLC dba Triton Distribution,Jimmy The Juiceman,Jimmy The Juiceman Shurb 60ml 18mg,E-liquid,Mixed Citrus & Raspberry,05/29/2025
850011519011,Wages & White Lion Investments LLC dba Triton Distribution,Jimmy The Juiceman,Jimmy The Juiceman Strawberry Astronaut 120ml 0mg,E-liquid,Strawberry & Mixed Berry,05/29/2025
850011519028,Wages & White Lion Investments LLC dba Triton Distribution,Jimmy The Juiceman,Jimmy The Juiceman Strawberry Astronaut 120ml 3mg,E-liquid,Strawberry & Mixed Berry,05/29/2025
850011519134,Wages & White Lion Investments LLC dba Triton Distribution,Jimmy The Juiceman,Jimmy The Juiceman Strawberry Astronaut 120ml 6mg,E-liquid,Strawberry & Mixed Berry,05/29/2025
850011519141,Wages & White Lion Investments LLC dba Triton Distribution,Jimmy The Juiceman,Jimmy The Juiceman Strawberry Astronaut 120ml 12mg,E-liquid,Strawberry & Mixed Berry,05/29/2025
810029040020,Wages & White Lion Investments LLC dba Triton Distribution,Vapetasia,Vapetasia Milk Of The Poppy 60ml 6mg,E-liquid,Milk & Strawberry,05/29/2025
810029040037,Wages & White Lion Investments LLC dba Triton Distribution,Vapetasia,Vapetasia Milk Of The Poppy 60ml 12mg,E-liquid,Milk & Strawberry,05/29/2025
810029044523,Wages & White Lion Investments LLC dba Triton Distribution,Vapetasia,Vapetasia Milk Of The Poppy Salt 30ml 12mg,E-liquid,Milk & Strawberry,05/29/2025
810029044202,Wages & White Lion Investments LLC dba Triton Distribution,Vapetasia,Vapetasia Milk Of The Poppy Salt 30ml 24mg,E-liquid,Milk & Strawberry,05/29/2025
810029044219,Wages & White Lion Investments LLC dba Triton Distribution,Vapetasia,Vapetasia Milk Of The Poppy Salt 30ml 48mg,E-liquid,Milk & Strawberry,05/29/2025
810029040204,Wages & White Lion Investments LLC dba Triton Distribution,Vapetasia,Vapetasia Pineapple Express 100ml 0mg,E-liquid,Pineapple,05/29/2025
810029040211,Wages & White Lion Investments LLC dba Triton Distribution,Vapetasia,Vapetasia Pineapple Express 100ml 3mg,E-liquid,Pineapple,05/29/2025
810029040228,Wages & White Lion Investments LLC dba Triton Distribution,Vapetasia,Vapetasia Pineapple Express 100ml 6mg,E-liquid,Pineapple,05/29/2025
810029040044,Wages & White Lion Investments LLC dba Triton Distribution,Vapetasia,Vapetasia Pineapple Express 60ml 0mg,E-liquid,Pineapple,05/29/2025
810029040051,Wages & White Lion Investments LLC dba Triton Distribution,Vapetasia,Vapetasia Pineapple Express 60ml 3mg,E-liquid,Pineapple,05/29/2025
810029040068,Wages & White Lion Investments LLC dba Triton Distribution,Vapetasia,Vapetasia Pineapple Express 60ml 6mg,E-liquid,Pineapple,05/29/2025
810029040341,Wages & White Lion Investments LLC dba Triton Distribution,Vapetasia,Vapetasia Pineapple Express Salt 30ml 24mg,E-liquid,Pineapple,05/29/2025
810029040358,Wages & White Lion Investments LLC dba Triton Distribution,Vapetasia,Vapetasia Pineapple Express Salt 30ml 48mg,E-liquid,Pineapple,05/29/2025
810029041102,Wages & White Lion Investments LLC dba Triton Distribution,Vapetasia,Vapetasia Pink Lemonade 100ml 0mg,E-liquid,Strawberry & Lemonade,05/29/2025
810029041119,Wages & White Lion Investments LLC dba Triton Distribution,Vapetasia,Vapetasia Pink Lemonade 100ml 3mg,E-liquid,Strawberry & Lemonade,05/29/2025
810029041126,Wages & White Lion Investments LLC dba Triton Distribution,Vapetasia,Vapetasia Pink Lemonade 100ml 6mg,E-liquid,Strawberry & Lemonade,05/29/2025
810029040983,Wages & White Lion Investments LLC dba Triton Distribution,Vapetasia,Vapetasia Pink Lemonade 60ml 0mg,E-liquid,Strawberry & Lemonade,05/29/2025
810029040990,Wages & White Lion Investments LLC dba Triton Distribution,Vapetasia,Vapetasia Pink Lemonade 60ml 3mg,E-liquid,Strawberry & Lemonade,05/29/2025
810029041003,Wages & White Lion Investments LLC dba Triton Distribution,Vapetasia,Vapetasia Pink Lemonade 60ml 6mg,E-liquid,Strawberry & Lemonade,05/29/2025
810029041188,Wages & White Lion Investments LLC dba Triton Distribution,Vapetasia,Vapetasia Pink Lemonade Salt 30ml 24mg,E-liquid,Strawberry & Lemonade,05/29/2025
810029041195,Wages & White Lion Investments LLC dba Triton Distribution,Vapetasia,Vapetasia Pink Lemonade Salt 30ml 48mg,E-liquid,Strawberry & Lemonade,05/29/2025
810029040280,Wages & White Lion Investments LLC dba Triton Distribution,Vapetasia,Vapetasia Royalty Ii 100ml 0mg,E-liquid,Tobacco Flavor,05/29/2025
810029040297,Wages & White Lion Investments LLC dba Triton Distribution,Vapetasia,Vapetasia Royalty Ii 100ml 3mg,E-liquid,Tobacco Flavor,05/29/2025
810029040303,Wages & White Lion Investments LLC dba Triton Distribution,Vapetasia,Vapetasia Royalty Ii 100ml 6mg,E-liquid,Tobacco Flavor,05/29/2025
810029040310,Wages & White Lion Investments LLC dba Triton Distribution,Vapetasia,Vapetasia Royalty Ii 100ml 12mg,E-liquid,Tobacco Flavor,05/29/2025
810029040129,Wages & White Lion Investments LLC dba Triton Distribution,Vapetasia,Vapetasia Royalty Ii 60ml 0mg,E-liquid,Tobacco Flavor,05/29/2025
810029040136,Wages & White Lion Investments LLC dba Triton Distribution,Vapetasia,Vapetasia Royalty Ii 60ml 3mg,E-liquid,Tobacco Flavor,05/29/2025
810029040143,Wages & White Lion Investments LLC dba Triton Distribution,Vapetasia,Vapetasia Royalty Ii 60ml 6mg,E-liquid,Tobacco Flavor,05/29/2025
810029040150,Wages & White Lion Investments LLC dba Triton Distribution,Vapetasia,Vapetasia Royalty Ii 60ml 12mg,E-liquid,Tobacco Flavor,05/29/2025
810029044356,Wages & White Lion Investments LLC dba Triton Distribution,Vapetasia,Vapetasia Royalty Ii Salt 30ml 12mg,E-liquid,Tobacco Flavor,05/29/2025
810029040389,Wages & White Lion Investments LLC dba Triton Distribution,Vapetasia,Vapetasia Royalty Ii Salt 30ml 24mg,E-liquid,Tobacco Flavor,05/29/2025
810029040396,Wages & White Lion Investments LLC dba Triton Distribution,Vapetasia,Vapetasia Royalty Ii Salt 30ml 48mg,E-liquid,Tobacco Flavor,05/29/2025
810029040242,Wages & White Lion Investments LLC dba Triton Distribution,Vapetasia,Vapetasia Rainbow Road 100ml 0mg,E-liquid,Fruit Mix,05/29/2025
810029040259,Wages & White Lion Investments LLC dba Triton Distribution,Vapetasia,Vapetasia Rainbow Road 100ml 3mg,E-liquid,Fruit Mix,05/29/2025
810029040266,Wages & White Lion Investments LLC dba Triton Distribution,Vapetasia,Vapetasia Rainbow Road 100ml 6mg,E-liquid,Fruit Mix,05/29/2025
810029040082,Wages & White Lion Investments LLC dba Triton Distribution,Vapetasia,Vapetasia Rainbow Road 60ml 0mg,E-liquid,Fruit Mix,05/29/2025
810029040099,Wages & White Lion Investments LLC dba Triton Distribution,Vapetasia,Vapetasia Rainbow Road 60ml 3mg,E-liquid,Fruit Mix,05/29/2025
810029040105,Wages & White Lion Investments LLC dba Triton Distribution,Vapetasia,Vapetasia Rainbow Road 60ml 6mg,E-liquid,Fruit Mix,05/29/2025
810029040365,Wages & White Lion Investments LLC dba Triton Distribution,Vapetasia,Vapetasia Rainbow Road Salt 30ml 24mg,E-liquid,Fruit Mix,05/29/2025
810029040372,Wages & White Lion Investments LLC dba Triton Distribution,Vapetasia,Vapetasia Rainbow Road Salt 30ml 48mg,E-liquid,Fruit Mix,05/29/2025
810029043809,Wages & White Lion Investments LLC dba Triton Distribution,Vapetasia,Vapetasia Strawberry Parfait 100ml 0mg,E-liquid,Strawberry & Yogurt,05/29/2025
810029043816,Wages & White Lion Investments LLC dba Triton Distribution,Vapetasia,Vapetasia Strawberry Parfait 100ml 3mg,E-liquid,Strawberry & Yogurt,05/29/2025
810029043823,Wages & White Lion Investments LLC dba Triton Distribution,Vapetasia,Vapetasia Strawberry Parfait 100ml 6mg,E-liquid,Strawberry & Yogurt,05/29/2025
810029041423,Wages & White Lion Investments LLC dba Triton Distribution,Vapetasia,Vapetasia Strawberry Parfait 60ml 0mg,E-liquid,Strawberry & Yogurt,05/29/2025
810029041430,Wages & White Lion Investments LLC dba Triton Distribution,Vapetasia,Vapetasia Strawberry Parfait 60ml 3mg,E-liquid,Strawberry & Yogurt,05/29/2025
900218060,Wages & White Lion Investments LLC dba Triton Distribution,Cold Fusion,Cold Fusion Hiss Tank 60ml 18mg,E-liquid,Raspberry & Dragon Fruit,05/29/2025
850011519288,Wages & White Lion Investments LLC dba Triton Distribution,Jimmy The Juiceman,Jimmy The Juiceman Creme Brulee 120ml 3mg,E-liquid,Sweet Cream & Sugar,05/29/2025
850011519295,Wages & White Lion Investments LLC dba Triton Distribution,Jimmy The Juiceman,Jimmy The Juiceman Creme Brulee 120ml 6mg,E-liquid,Sweet Cream & Sugar,05/29/2025
850011519301,Wages & White Lion Investments LLC dba Triton Distribution,Jimmy The Juiceman,Jimmy The Juiceman Creme Brulee 120ml 12mg,E-liquid,Sweet Cream & Sugar,05/29/2025
1000300060,Wages & White Lion Investments LLC dba Triton Distribution,Jimmy The Juiceman,Jimmy The Juiceman Creme Brulee 60ml 0mg,E-liquid,Sweet Cream & Sugar,05/29/2025
1000303060,Wages & White Lion Investments LLC dba Triton Distribution,Jimmy The Juiceman,Jimmy The Juiceman Creme Brulee 60ml 3mg,E-liquid,Sweet Cream & Sugar,05/29/2025
1000306060,Wages & White Lion Investments LLC dba Triton Distribution,Jimmy The Juiceman,Jimmy The Juiceman Creme Brulee 60ml 6mg,E-liquid,Sweet Cream & Sugar,05/29/2025
1000312060,Wages & White Lion Investments LLC dba Triton Distribution,Jimmy The Juiceman,Jimmy The Juiceman Creme Brulee 60ml 12mg,E-liquid,Sweet Cream & Sugar,05/29/2025
1000318060,Wages & White Lion Investments LLC dba Triton Distribution,Jimmy The Juiceman,Jimmy The Juiceman Creme Brulee 60ml 18mg,E-liquid,Sweet Cream & Sugar,05/29/2025
850011519240,Wages & White Lion Investments LLC dba Triton Distribution,Jimmy The Juiceman,Jimmy The Juiceman Peachy Strawberry 120ml 3mg,E-liquid,Peach Strawberry Mix fruit,05/29/2025
850011519257,Wages & White Lion Investments LLC dba Triton Distribution,Jimmy The Juiceman,Jimmy The Juiceman Peachy Strawberry 120ml 6mg,E-liquid,Peach Strawberry Mix fruit,05/29/2025
850011519264,Wages & White Lion Investments LLC dba Triton Distribution,Jimmy The Juiceman,Jimmy The Juiceman Peachy Strawberry 120ml 12mg,E-liquid,Peach Strawberry Mix fruit,05/29/2025
1000600060,Wages & White Lion Investments LLC dba Triton Distribution,Jimmy The Juiceman,Jimmy The Juiceman Peachy Strawberry 60ml 0mg,E-liquid,Peach Strawberry Mix fruit,05/29/2025
1000603060,Wages & White Lion Investments LLC dba Triton Distribution,Jimmy The Juiceman,Jimmy The Juiceman Peachy Strawberry 60ml 3mg,E-liquid,Peach Strawberry Mix fruit,05/29/2025
1000606060,Wages & White Lion Investments LLC dba Triton Distribution,Jimmy The Juiceman,Jimmy The Juiceman Peachy Strawberry 60ml 6mg,E-liquid,Peach Strawberry Mix fruit,05/29/2025
1000612060,Wages & White Lion Investments LLC dba Triton Distribution,Jimmy The Juiceman,Jimmy The Juiceman Peachy Strawberry 60ml 12mg,E-liquid,Peach Strawberry Mix fruit,05/29/2025
1000618060,Wages & White Lion Investments LLC dba Triton Distribution,Jimmy The Juiceman,Jimmy The Juiceman Peachy Strawberry 60ml 18mg,E-liquid,Peach Strawberry Mix fruit,05/29/2025
850011519202,Wages & White Lion Investments LLC dba Triton Distribution,Jimmy The Juiceman,Jimmy The Juiceman Raspberry French 120ml 3mg,E-liquid,Cream Raspberry Mixed Berry,05/29/2025
100100120,Wages & White Lion Investments LLC dba Triton Distribution,Suicide Bunny,Suicide Bunny Bunny Season 120ml 0mg,E-liquid,Lime & Cookie,05/29/2025
100103120,Wages & White Lion Investments LLC dba Triton Distribution,Suicide Bunny,Suicide Bunny Bunny Season 120ml 3mg,E-liquid,Lime & Cookie,05/29/2025
100106120,Wages & White Lion Investments LLC dba Triton Distribution,Suicide Bunny,Suicide Bunny Bunny Season 120ml 6mg,E-liquid,Lime & Cookie,05/29/2025
100100060,Wages & White Lion Investments LLC dba Triton Distribution,Suicide Bunny,Suicide Bunny Bunny Season 60ml 0mg,E-liquid,Lime & Cookie,05/29/2025
100103060,Wages & White Lion Investments LLC dba Triton Distribution,Suicide Bunny,Suicide Bunny Bunny Season 60ml 3mg,E-liquid,Lime & Cookie,05/29/2025
100106060,Wages & White Lion Investments LLC dba Triton Distribution,Suicide Bunny,Suicide Bunny Bunny Season 60ml 6mg,E-liquid,Lime & Cookie,05/29/2025
850011519417,Wages & White Lion Investments LLC dba Triton Distribution,Suicide Bunny,Suicide Bunny Derailed 120ml 0mg,E-liquid,Bannana Cinnamon & Cookie,05/29/2025
100215120,Wages & White Lion Investments LLC dba Triton Distribution,Suicide Bunny,Suicide Bunny Derailed 120ml 1.5mg,E-liquid,Bannana Cinnamon & Cookie,05/29/2025
850011519837,Wages & White Lion Investments LLC dba Triton Distribution,Suicide Bunny,Suicide Bunny Derailed 120ml 3mg,E-liquid,Bannana Cinnamon & Cookie,05/29/2025
850011519844,Wages & White Lion Investments LLC dba Triton Distribution,Suicide Bunny,Suicide Bunny Derailed 120ml 6mg,E-liquid,Bannana Cinnamon & Cookie,05/29/2025
100212120,Wages & White Lion Investments LLC dba Triton Distribution,Suicide Bunny,Suicide Bunny Derailed 120ml 12mg,E-liquid,Bannana Cinnamon & Cookie,05/29/2025
100200060,Wages & White Lion Investments LLC dba Triton Distribution,Suicide Bunny,Suicide Bunny Derailed 60ml 0mg,E-liquid,Bannana Cinnamon & Cookie,05/29/2025
100215060,Wages & White Lion Investments LLC dba Triton Distribution,Suicide Bunny,Suicide Bunny Derailed 60ml 1.5mg,E-liquid,Bannana Cinnamon & Cookie,05/29/2025
100203060,Wages & White Lion Investments LLC dba Triton Distribution,Suicide Bunny,Suicide Bunny Derailed 60ml 3mg,E-liquid,Bannana Cinnamon & Cookie,05/29/2025
100206060,Wages & White Lion Investments LLC dba Triton Distribution,Suicide Bunny,Suicide Bunny Derailed 60ml 6mg,E-liquid,Bannana Cinnamon & Cookie,05/29/2025
100212060,Wages & White Lion Investments LLC dba Triton Distribution,Suicide Bunny,Suicide Bunny Derailed 60ml 12mg,E-liquid,Bannana Cinnamon & Cookie,05/29/2025
100218060,Wages & White Lion Investments LLC dba Triton Distribution,Suicide Bunny,Suicide Bunny Derailed 60ml 18mg,E-liquid,Bannana Cinnamon & Cookie,05/29/2025
850011519325,Wages & White Lion Investments LLC dba Triton Distribution,Suicide Bunny,Suicide Bunny Madrina 120ml 0mg,E-liquid,Sweet Cream & Melon,05/29/2025
100315120,Wages & White Lion Investments LLC dba Triton Distribution,Suicide Bunny,Suicide Bunny Madrina 120ml 1.5mg,E-liquid,Sweet Cream & Melon,05/29/2025
860008032584,Wages & White Lion Investments LLC dba Triton Distribution,Suicide Bunny,Suicide Bunny Madrina 120ml 3mg,E-liquid,Sweet Cream & Melon,05/29/2025
860008032539,Wages & White Lion Investments LLC dba Triton Distribution,Suicide Bunny,Suicide Bunny Mothers Milk And Cookies 120ml 6mg,E-liquid,Sweet Cream Milk & Cookie,05/29/2025
100500060,Wages & White Lion Investments LLC dba Triton Distribution,Suicide Bunny,Suicide Bunny Mothers Milk And Cookies 60ml 0mg,E-liquid,Sweet Cream Milk & Cookie,05/29/2025
100503060,Wages & White Lion Investments LLC dba Triton Distribution,Suicide Bunny,Suicide Bunny Mothers Milk And Cookies 60ml 3mg,E-liquid,Sweet Cream Milk & Cookie,05/29/2025
100506060,Wages & White Lion Investments LLC dba Triton Distribution,Suicide Bunny,Suicide Bunny Mothers Milk And Cookies 60ml 6mg,E-liquid,Sweet Cream Milk & Cookie,05/29/2025
850011519509,Wages & White Lion Investments LLC dba Triton Distribution,Suicide Bunny,Suicide Bunny Mothers Milk 120ml 0mg,E-liquid,Milk & Strawberry,05/29/2025
100415120,Wages & White Lion Investments LLC dba Triton Distribution,Suicide Bunny,Suicide Bunny Mothers Milk 120ml 1.5mg,E-liquid,Milk & Strawberry,05/29/2025
860008032508,Wages & White Lion Investments LLC dba Triton Distribution,Suicide Bunny,Suicide Bunny Mothers Milk 120ml 3mg,E-liquid,Milk & Strawberry,05/29/2025
860008032515,Wages & White Lion Investments LLC dba Triton Distribution,Suicide Bunny,Suicide Bunny Mothers Milk 120ml 6mg,E-liquid,Milk & Strawberry,05/29/2025
100412120,Wages & White Lion Investments LLC dba Triton Distribution,Suicide Bunny,Suicide Bunny Mothers Milk 120ml 12mg,E-liquid,Milk & Strawberry,05/29/2025
100400060,Wages & White Lion Investments LLC dba Triton Distribution,Suicide Bunny,Suicide Bunny Mothers Milk 60ml 0mg,E-liquid,Milk & Strawberry,05/29/2025
860008032591,Wages & White Lion Investments LLC dba Triton Distribution,Suicide Bunny,Suicide Bunny Madrina 120ml 6mg,E-liquid,Sweet Cream & Melon,05/29/2025
100312120,Wages & White Lion Investments LLC dba Triton Distribution,Suicide Bunny,Suicide Bunny Madrina 120ml 12mg,E-liquid,Sweet Cream & Melon,05/29/2025
100300060,Wages & White Lion Investments LLC dba Triton Distribution,Suicide Bunny,Suicide Bunny Madrina 60ml 0mg,E-liquid,Sweet Cream & Melon,05/29/2025
100315060,Wages & White Lion Investments LLC dba Triton Distribution,Suicide Bunny,Suicide Bunny Madrina 60ml 1.5mg,E-liquid,Sweet Cream & Melon,05/29/2025
100303060,Wages & White Lion Investments LLC dba Triton Distribution,Suicide Bunny,Suicide Bunny Madrina 60ml 3mg,E-liquid,Sweet Cream & Melon,05/29/2025
100306060,Wages & White Lion Investments LLC dba Triton Distribution,Suicide Bunny,Suicide Bunny Madrina 60ml 6mg,E-liquid,Sweet Cream & Melon,05/29/2025
100312060,Wages & White Lion Investments LLC dba Triton Distribution,Suicide Bunny,Suicide Bunny Madrina 60ml 12mg,E-liquid,Sweet Cream & Melon,05/29/2025
100318060,Wages & White Lion Investments LLC dba Triton Distribution,Suicide Bunny,Suicide Bunny Madrina 60ml 18mg,E-liquid,Sweet Cream & Melon,05/29/2025
850011519998,Wages & White Lion Investments LLC dba Triton Distribution,Suicide Bunny,Suicide Bunny Mothers Milk And Cookies 120ml 0mg,E-liquid,Sweet Cream Milk & Cookie,05/29/2025
860008032522,Wages & White Lion Investments LLC dba Triton Distribution,Suicide Bunny,Suicide Bunny Mothers Milk And Cookies 120ml 3mg,E-liquid,Sweet Cream Milk & Cookie,05/29/2025
100415060,Wages & White Lion Investments LLC dba Triton Distribution,Suicide Bunny,Suicide Bunny Mothers Milk 60ml 1.5mg,E-liquid,Milk & Strawberry,05/29/2025
100403060,Wages & White Lion Investments LLC dba Triton Distribution,Suicide Bunny,Suicide Bunny Mothers Milk 60ml 3mg,E-liquid,Milk & Strawberry,05/29/2025
100406060,Wages & White Lion Investments LLC dba Triton Distribution,Suicide Bunny,Suicide Bunny Mothers Milk 60ml 6mg,E-liquid,Milk & Strawberry,05/29/2025
100412060,Wages & White Lion Investments LLC dba Triton Distribution,Suicide Bunny,Suicide Bunny Mothers Milk 60ml 12mg,E-liquid,Milk & Strawberry,05/29/2025
100418060,Wages & White Lion Investments LLC dba Triton Distribution,Suicide Bunny,Suicide Bunny Mothers Milk 60ml 18mg,E-liquid,Milk & Strawberry,05/29/2025
850011519493,Wages & White Lion Investments LLC dba Triton Distribution,Suicide Bunny,Suicide Bunny The Ob 120ml 0mg,E-liquid,Sweet Cream & Savorly,05/29/2025
100915120,Wages & White Lion Investments LLC dba Triton Distribution,Suicide Bunny,Suicide Bunny The Ob 120ml 1.5mg,E-liquid,Sweet Cream & Savorly,05/29/2025
100603120,Wages & White Lion Investments LLC dba Triton Distribution,Suicide Bunny,Suicide Bunny Queen Cake 120ml 3mg,E-liquid,Sweet Cream & Pineapple,05/29/2025
100606120,Wages & White Lion Investments LLC dba Triton Distribution,Suicide Bunny,Suicide Bunny Queen Cake 120ml 6mg,E-liquid,Sweet Cream & Pineapple,05/29/2025
100612120,Wages & White Lion Investments LLC dba Triton Distribution,Suicide Bunny,Suicide Bunny Queen Cake 120ml 12mg,E-liquid,Sweet Cream & Pineapple,05/29/2025
100600060,Wages & White Lion Investments LLC dba Triton Distribution,Suicide Bunny,Suicide Bunny Queen Cake 60ml 0mg,E-liquid,Sweet Cream & Pineapple,05/29/2025
100615060,Wages & White Lion Investments LLC dba Triton Distribution,Suicide Bunny,Suicide Bunny Queen Cake 60ml 1.5mg,E-liquid,Sweet Cream & Pineapple,05/29/2025
100603060,Wages & White Lion Investments LLC dba Triton Distribution,Suicide Bunny,Suicide Bunny Queen Cake 60ml 3mg,E-liquid,Sweet Cream & Pineapple,05/29/2025
100606060,Wages & White Lion Investments LLC dba Triton Distribution,Suicide Bunny,Suicide Bunny Queen Cake 60ml 6mg,E-liquid,Sweet Cream & Pineapple,05/29/2025
100612060,Wages & White Lion Investments LLC dba Triton Distribution,Suicide Bunny,Suicide Bunny Queen Cake 60ml 12mg,E-liquid,Sweet Cream & Pineapple,05/29/2025
100618060,Wages & White Lion Investments LLC dba Triton Distribution,Suicide Bunny,Suicide Bunny Queen Cake 60ml 18mg,E-liquid,Sweet Cream & Pineapple,05/29/2025
850011519486,Wages & White Lion Investments LLC dba Triton Distribution,Suicide Bunny,Suicide Bunny Sucker Punch 120ml 0mg,E-liquid,Sweet Cream Mixed fruit Dragonfruit,05/29/2025
100815120,Wages & White Lion Investments LLC dba Triton Distribution,Suicide Bunny,Suicide Bunny Sucker Punch 120ml 1.5mg,E-liquid,Sweet Cream Mixed fruit Dragonfruit,05/29/2025
860008032546,Wages & White Lion Investments LLC dba Triton Distribution,Suicide Bunny,Suicide Bunny Sucker Punch 120ml 3mg,E-liquid,Sweet Cream Mixed fruit Dragonfruit,05/29/2025
860008032553,Wages & White Lion Investments LLC dba Triton Distribution,Suicide Bunny,Suicide Bunny Sucker Punch 120ml 6mg,E-liquid,Sweet Cream Mixed fruit Dragonfruit,05/29/2025
100812120,Wages & White Lion Investments LLC dba Triton Distribution,Suicide Bunny,Suicide Bunny Sucker Punch 120ml 12mg,E-liquid,Sweet Cream Mixed fruit Dragonfruit,05/29/2025
100800060,Wages & White Lion Investments LLC dba Triton Distribution,Suicide Bunny,Suicide Bunny Sucker Punch 60ml 0mg,E-liquid,Sweet Cream Mixed fruit Dragonfruit,05/29/2025
100815060,Wages & White Lion Investments LLC dba Triton Distribution,Suicide Bunny,Suicide Bunny Sucker Punch 60ml 1.5mg,E-liquid,Sweet Cream Mixed fruit Dragonfruit,05/29/2025
100803060,Wages & White Lion Investments LLC dba Triton Distribution,Suicide Bunny,Suicide Bunny Sucker Punch 60ml 3mg,E-liquid,Sweet Cream Mixed fruit Dragonfruit,05/29/2025
100806060,Wages & White Lion Investments LLC dba Triton Distribution,Suicide Bunny,Suicide Bunny Sucker Punch 60ml 6mg,E-liquid,Sweet Cream Mixed fruit Dragonfruit,05/29/2025
100812060,Wages & White Lion Investments LLC dba Triton Distribution,Suicide Bunny,Suicide Bunny Sucker Punch 60ml 12mg,E-liquid,Sweet Cream Mixed fruit Dragonfruit,05/29/2025
100818060,Wages & White Lion Investments LLC dba Triton Distribution,Suicide Bunny,Suicide Bunny Sucker Punch 60ml 18mg,E-liquid,Sweet Cream Mixed fruit Dragonfruit,05/29/2025
101000120,Wages & White Lion Investments LLC dba Triton Distribution,Suicide Bunny,Suicide Bunny Wanderlust 120ml 0mg,E-liquid,Sweet Cream & Vanilla,05/29/2025
101015120,Wages & White Lion Investments LLC dba Triton Distribution,Suicide Bunny,Suicide Bunny Wanderlust 120ml 1.5mg,E-liquid,Sweet Cream & Vanilla,05/29/2025
101003120,Wages & White Lion Investments LLC dba Triton Distribution,Suicide Bunny,Suicide Bunny Wanderlust 120ml 3mg,E-liquid,Sweet Cream & Vanilla,05/29/2025
101006120,Wages & White Lion Investments LLC dba Triton Distribution,Suicide Bunny,Suicide Bunny Wanderlust 120ml 6mg,E-liquid,Sweet Cream & Vanilla,05/29/2025
101012120,Wages & White Lion Investments LLC dba Triton Distribution,Suicide Bunny,Suicide Bunny Wanderlust 120ml 12mg,E-liquid,Sweet Cream & Vanilla,05/29/2025
101000060,Wages & White Lion Investments LLC dba Triton Distribution,Suicide Bunny,Suicide Bunny Wanderlust 60ml 0mg,E-liquid,Sweet Cream & Vanilla,05/29/2025
101015060,Wages & White Lion Investments LLC dba Triton Distribution,Suicide Bunny,Suicide Bunny Wanderlust 60ml 1.5mg,E-liquid,Sweet Cream & Vanilla,05/29/2025
101003060,Wages & White Lion Investments LLC dba Triton Distribution,Suicide Bunny,Suicide Bunny Wanderlust 60ml 3mg,E-liquid,Sweet Cream & Vanilla,05/29/2025
101006060,Wages & White Lion Investments LLC dba Triton Distribution,Suicide Bunny,Suicide Bunny Wanderlust 60ml 6mg,E-liquid,Sweet Cream & Vanilla,05/29/2025
100812060,Wages & White Lion Investments LLC dba Triton Distribution,Suicide Bunny,Suicide Bunny Wanderlust 60ml 12mg,E-liquid,Sweet Cream & Vanilla,05/29/2025
101018060,Wages & White Lion Investments LLC dba Triton Distribution,Suicide Bunny,Suicide Bunny Wanderlust 60ml 18mg,E-liquid,Sweet Cream & Vanilla,05/29/2025
810029044202,Wages & White Lion Investments LLC dba Triton Distribution,Vapetasia,Vapetasia Iced Milk Of The Poppy Salt 30ml 24mg,E-liquid,Menthol Milk & Strawberry,05/29/2025
810029044219,Wages & White Lion Investments LLC dba Triton Distribution,Vapetasia,Vapetasia Iced Milk Of The Poppy Salt 30ml 48mg,E-liquid,Menthol Milk & Strawberry,05/29/2025
810029044042,Wages & White Lion Investments LLC dba Triton Distribution,Vapetasia,Vapetasia Iced Pineapple Express 100ml 0mg,E-liquid,Menthol Pineapple Lemonade,05/29/2025
810029044059,Wages & White Lion Investments LLC dba Triton Distribution,Vapetasia,Vapetasia Iced Pineapple Express 100ml 3mg,E-liquid,Menthol Pineapple Lemonade,05/29/2025
810029044066,Wages & White Lion Investments LLC dba Triton Distribution,Vapetasia,Vapetasia Iced Pineapple Express 100ml 6mg,E-liquid,Menthol Pineapple Lemonade,05/29/2025
810029043168,Wages & White Lion Investments LLC dba Triton Distribution,Vapetasia,Vapetasia Iced Pineapple Express 60ml 0mg,E-liquid,Menthol Pineapple Lemonade,05/29/2025
810029043175,Wages & White Lion Investments LLC dba Triton Distribution,Vapetasia,Vapetasia Iced Pineapple Express 60ml 3mg,E-liquid,Menthol Pineapple Lemonade,05/29/2025
810029043182,Wages & White Lion Investments LLC dba Triton Distribution,Vapetasia,Vapetasia Iced Pineapple Express 60ml 6mg,E-liquid,Menthol Pineapple Lemonade,05/29/2025
810029044189,Wages & White Lion Investments LLC dba Triton Distribution,Vapetasia,Vapetasia Iced Pineapple Express Salt 30ml 24mg,E-liquid,Menthol Pineapple Lemonade,05/29/2025
810029044196,Wages & White Lion Investments LLC dba Triton Distribution,Vapetasia,Vapetasia Iced Pineapple Express Salt 30ml 48mg,E-liquid,Menthol Pineapple Lemonade,05/29/2025
810029043052,Wages & White Lion Investments LLC dba Triton Distribution,Vapetasia,Vapetasia Iced Blackberry Lemonade 60ml 3mg,E-liquid,Menthol Blackberry Lemonade,05/29/2025
810029043069,Wages & White Lion Investments LLC dba Triton Distribution,Vapetasia,Vapetasia Iced Blackberry Lemonade 60ml 6mg,E-liquid,Menthol Blackberry Lemonade,05/29/2025
810029044127,Wages & White Lion Investments LLC dba Triton Distribution,Vapetasia,Vapetasia Iced Blackberry Lemonade Salt 30ml 24mg,E-liquid,Menthol Blackberry Lemonade,05/29/2025
810029044134,Wages & White Lion Investments LLC dba Triton Distribution,Vapetasia,Vapetasia Iced Blackberry Lemonade Salt 30ml 48mg,E-liquid,Menthol Blackberry Lemonade,05/29/2025
810029044080,Wages & White Lion Investments LLC dba Triton Distribution,Vapetasia,Vapetasia Iced Milk Of The Poppy 100ml 0mg,E-liquid,Menthol Milk & Strawberry,05/29/2025
810029044097,Wages & White Lion Investments LLC dba Triton Distribution,Vapetasia,Vapetasia Iced Milk Of The Poppy 100ml 3mg,E-liquid,Menthol Milk & Strawberry,05/29/2025
810029044103,Wages & White Lion Investments LLC dba Triton Distribution,Vapetasia,Vapetasia Iced Milk Of The Poppy 100ml 6mg,E-liquid,Menthol Milk & Strawberry,05/29/2025
810029043205,Wages & White Lion Investments LLC dba Triton Distribution,Vapetasia,Vapetasia Iced Milk Of The Poppy 60ml 0mg,E-liquid,Menthol Milk & Strawberry,05/29/2025
810029043212,Wages & White Lion Investments LLC dba Triton Distribution,Vapetasia,Vapetasia Iced Milk Of The Poppy 60ml 3mg,E-liquid,Menthol Milk & Strawberry,05/29/2025
810029043229,Wages & White Lion Investments LLC dba Triton Distribution,Vapetasia,Vapetasia Iced Milk Of The Poppy 60ml 6mg,E-liquid,Menthol Milk & Strawberry,05/29/2025
900212120,Wages & White Lion Investments LLC dba Triton Distribution,Cold Fusion,Cold Fusion Hiss Tank 120ml 12mg,E-liquid,Raspberry & Dragon Fruit,05/29/2025
819979012248,"NJOY, LLC",NJOY,NJOY Ace Pod Menthol 5% 1ct,E-liquid Pod,Menthol,05/27/2025
6927697700881,"Boulder International, Inc.",Boulder International Inc.,Boulder E-liquid Menthol,E-liquid,Menthol,06/24/2025
6927697701833,"Boulder International, Inc.",Boulder,Boulder E-liquid,E-liquid,Menthol,06/24/2025
6927697700850,"Boulder International, Inc.",Boulder International Inc.,Boulder E-liquid Menthol,E-liquid,Menthol,06/24/2025
6927697700843,"Boulder International, Inc.",Boulder International Inc.,Boulder E-liquid Menthol,E-liquid,Menthol,06/24/2025
6927697701291,"Boulder International, Inc.",Boulder International Inc.,Boulder American Blend Tobacco,E-liquid,American Blend Tobacco,06/24/2025
6927697701819,"Boulder International, Inc.",Boulder International Inc.,Boulder American Blend Tobacco,E-liquid,American Blend Tobacco,06/24/2025
6927697701277,"Boulder International, Inc.",Boulder International Inc.,Boulder American Blend Tobacco,E-liquid,American Blend Tobacco,06/24/2025
6927697701260,"Boulder International, Inc.",Boulder International Inc.,Boulder American Blend Tobacco,E-liquid,American Blend Tobacco,06/24/2025
6927697721022,"Boulder International, Inc.",Boulder International Inc.,Aspen Slim Tank,Power Unit,None,06/24/2025
6927697722166,"Boulder International, Inc.",Boulder International Inc.,Boulder Rock,Device,None,06/24/2025
850011260425,VDX Distro Inc.,Four Seasons,Menthol Salt 30ml 30mg,E-liquid,Menthol,07/02/2025
850011260432,VDX Distro Inc.,Four Seasons,Menthol Salt 30ml 50mg,E-liquid,Menthol,07/02/2025
24589791029,LA EJUICE LLC,SilverBack Juice Co,SilverBack - Tfn - 120ml -amy 03mg,E-liquid,Other:desert,07/08/2025
24589791036,LA EJUICE LLC,SilverBack Juice Co,SilverBack - Tfn - 120ml -amy 06mg,E-liquid,Other:desert,07/08/2025
24589790985,LA EJUICE LLC,SilverBack Juice Co,SilverBack - Tfn - 120ml -booboo 03mg,E-liquid,Other:fruit Mix,07/08/2025
850025076203,Shenzen Yibo Technology Co. Ltd.,Z Stick,Z Stick Clear 5%,Disposable,Clear,08/14/2025
24589790992,LA EJUICE LLC,SilverBack Juice Co,SilverBack - Tfn - 120ml -booboo 06mg,E-liquid,Other:fruit Mix,07/08/2025
24589791043,LA EJUICE LLC,SilverBack Juice Co,SilverBack - Tfn - 120ml -harambe 03mg,E-liquid,Other:rum Horchata,07/08/2025
24589791050,LA EJUICE LLC,SilverBack Juice Co,SilverBack - Tfn - 120ml -harambe 06mg,E-liquid,Other:rum Horchata,07/08/2025
24589790923,LA EJUICE LLC,SilverBack Juice Co,SilverBack - Tfn - 120ml -jenny 03mg,E-liquid,Other:fruit Mix,07/08/2025
24589790930,LA EJUICE LLC,SilverBack Juice Co,SilverBack - Tfn - 120ml -jenny 06mg,E-liquid,Other:fruit Mix,07/08/2025
24589791005,LA EJUICE LLC,SilverBack Juice Co,SilverBack - Tfn - 120ml -lola 03mg,E-liquid,Other:fruit Mix,07/08/2025
24589791012,LA EJUICE LLC,SilverBack Juice Co,SilverBack - Tfn - 120ml -lola 06mg,E-liquid,Other:fruit Mix,07/08/2025
24589790961,LA EJUICE LLC,SilverBack Juice Co,SilverBack - Tfn - 120ml -rocky 03mg,E-liquid,Other:fruit Mix,07/08/2025
24589790978,LA EJUICE LLC,SilverBack Juice Co,SilverBack - Tfn - 120ml -rocky 06mg,E-liquid,Other:fruit Mix,07/08/2025
24589790947,LA EJUICE LLC,SilverBack Juice Co,SilverBack - Tfn - 120ml -sandy 03mg,E-liquid,Other:fruit Mix,07/08/2025
24589790954,LA EJUICE LLC,SilverBack Juice Co,SilverBack - Tfn - 120ml -sandy 06mg,E-liquid,Other:fruit Mix,07/08/2025
24589791166,LA EJUICE LLC,SilverBack Juice Co,SilverBack - Tfn - 30ml -amy 25mg,E-liquid,Other:desert,07/08/2025
24589791173,LA EJUICE LLC,SilverBack Juice Co,SilverBack - Tfn - 30ml -amy 45mg,E-liquid,Other:desert,07/08/2025
24589791128,LA EJUICE LLC,SilverBack Juice Co,SilverBack - Tfn - 30ml -booboo 25mg,E-liquid,Other:fruit Mix,07/08/2025
24589791135,LA EJUICE LLC,SilverBack Juice Co,SilverBack - Tfn - 30ml -booboo 45mg,E-liquid,Other:fruit Mix,07/08/2025
24589791180,LA EJUICE LLC,SilverBack Juice Co,SilverBack - Tfn - 30ml -harambe 25mg,E-liquid,Other:rum Horchata,07/08/2025
24589791197,LA EJUICE LLC,SilverBack Juice Co,SilverBack - Tfn - 30ml -harambe 45mg,E-liquid,Other:rum Horchata,07/08/2025
24589791463,LA EJUICE LLC,SilverBack Juice Co,SilverBack Platinum - Tfn-120ml- Jack- 03mg,E-liquid,Other:fruit Mix,07/08/2025
24589791470,LA EJUICE LLC,SilverBack Juice Co,SilverBack Platinum - Tfn-120ml- Jack- 06mg,E-liquid,Other:fruit Mix,07/08/2025
24589791487,LA EJUICE LLC,SilverBack Juice Co,SilverBack Platinum - Tfn-120ml- Paco- 03mg,E-liquid,Other:fruit Mix,07/08/2025
24589791494,LA EJUICE LLC,SilverBack Juice Co,SilverBack Platinum - Tfn-120ml- Paco- 06mg,E-liquid,Other:fruit Mix,07/08/2025
24589791500,LA EJUICE LLC,SilverBack Juice Co,SilverBack Platinum - Tfn Salts - 30ml -cody -25mg,E-liquid,Other:fruit Mix,07/08/2025
24589791517,LA EJUICE LLC,SilverBack Juice Co,SilverBack Platinum - Tfn Salts - 30ml -cody -25mg,E-liquid,Other:fruit Mix,07/08/2025
24589791524,LA EJUICE LLC,SilverBack Juice Co,SilverBack Platinum - Tfn Salts - 30ml -jack-25mg,E-liquid,Other:fruit Mix,07/08/2025
24589791531,LA EJUICE LLC,SilverBack Juice Co,SilverBack Platinum - Tfn Salts - 30ml -jack-45mg,E-liquid,Other:fruit Mix,07/08/2025
24589791548,LA EJUICE LLC,SilverBack Juice Co,SilverBack Platinum - Tfn Salts - 30ml -paco-25mg,E-liquid,Other:fruit Mix,07/08/2025
24589791555,LA EJUICE LLC,SilverBack Juice Co,SilverBack Platinum - Tfn Salts - 30ml -paco-45mg,E-liquid,Other:fruit Mix,07/08/2025
24589791067,LA EJUICE LLC,SilverBack Juice Co,SilverBack - Tfn - 30ml -jenny 25mg,E-liquid,Other:fruit Mix,07/08/2025
24589791074,LA EJUICE LLC,SilverBack Juice Co,SilverBack - Tfn - 30ml -jenny 45mg,E-liquid,Other:fruit Mix,07/08/2025
24589791142,LA EJUICE LLC,SilverBack Juice Co,SilverBack - Tfn - 30ml -lola 25mg,E-liquid,Other:fruit Mix,07/08/2025
24589791159,LA EJUICE LLC,SilverBack Juice Co,SilverBack - Tfn - 30ml -lola 45mg,E-liquid,Other:fruit Mix,07/08/2025
24589791104,LA EJUICE LLC,SilverBack Juice Co,SilverBack - Tfn - 30ml -rocky 25mg,E-liquid,Other:fruit Mix,07/08/2025
24589791111,LA EJUICE LLC,SilverBack Juice Co,SilverBack - Tfn - 30ml -rocky 45mg,E-liquid,Other:fruit Mix,07/08/2025
24589791081,LA EJUICE LLC,SilverBack Juice Co,SilverBack - Tfn - 30ml -sandy 25mg,E-liquid,Other:fruit Mix,07/08/2025
24589791098,LA EJUICE LLC,SilverBack Juice Co,SilverBack - Tfn - 30ml -sandy 45mg,E-liquid,Other:fruit Mix,07/08/2025
24589791449,LA EJUICE LLC,SilverBack Juice Co,SilverBack Platinum - Tfn-120ml- Cody- 03mg,E-liquid,Other:fruit Mix,07/08/2025
24589791456,LA EJUICE LLC,SilverBack Juice Co,SilverBack Platinum - Tfn-120ml- Cody- 06mg,E-liquid,Other:fruit Mix,07/08/2025
850011260265,VDX Distro Inc.,Four Seasons,American Tobacco Salt 30ml 30mg,E-liquid,Tobacco,07/02/2025
850011260272,VDX Distro Inc.,Four Seasons,American Tobacco Salt 30ml 30mg,E-liquid,Tobacco,07/02/2025
850011260340,VDX Distro Inc.,Four Seasons,Desert Tobacco Salt 30ml 30mg,E-liquid,Tobacco,07/02/2025
850011260357,VDX Distro Inc.,Four Seasons,Desert Tobacco Salt 30ml 50mg,E-liquid,Tobacco,07/02/2025
850011260661,VDX Distro Inc.,Four Seasons,Turkish Tobacco Salt 30ml 30mg,E-liquid,Latakia Tobacco,07/02/2025
850011260678,VDX Distro Inc.,Four Seasons,Turkish Tobacco Salt 30ml 50mg,E-liquid,Latakia Tobacco,07/02/2025
850022314858,VDX Distro Inc.,Four Seasons,Virginia Tobacco 60ml 3mg,E-liquid,Virginia Tobacco,07/02/2025
850022314865,VDX Distro Inc.,Four Seasons,Virginia Tobacco 60ml 6mg,E-liquid,Virginia Tobacco,07/02/2025
850022314889,VDX Distro Inc.,Four Seasons,Virginia Tobacco 60ml 18mg,E-liquid,Virginia Tobacco,07/02/2025
850022314896,VDX Distro Inc.,Four Seasons,Virginia Tobacco Salt 30ml 30mg,E-liquid,Virginia Tobacco,07/02/2025
850022314919,VDX Distro Inc.,Four Seasons,Virginia Tobacco Salt 50ml 30mg,E-liquid,Virginia Tobacco,07/02/2025
600176051853,Coastal Clouds LLC,Coastal Clouds,Apple Peach Strawberry 3mg 60ml,E-liquid,"Apple, Peach, Strawberry",07/01/2025
600176051860,Coastal Clouds LLC,Coastal Clouds,Apple Peach Strawberry 6mg 60ml,E-liquid,"Apple, Peach, Strawberry",07/01/2025
600176052218,Coastal Clouds LLC,Coastal Clouds,Blood Orange Mango 3mg 60ml,E-liquid,"Blood Orange, Mango, Lemon",07/01/2025
600176052225,Coastal Clouds LLC,Coastal Clouds,Blood Orange Mango 6mg 60ml,E-liquid,"Blood Orange, Mango, Lemon",07/01/2025
600176051785,Coastal Clouds LLC,Coastal Clouds,Blueberry Banana 3mg 60ml,E-liquid,"Blueberry, Banana, Bakery",07/01/2025
600176051808,Coastal Clouds LLC,Coastal Clouds,Blueberry Banana 6mg 60ml,E-liquid,"Blueberry, Banana, Bakery",07/01/2025
600176052126,Coastal Clouds LLC,Coastal Clouds,Blueberry Limeade 3mg 60ml,E-liquid,"Blueberry, Lemon, Lime",07/01/2025
600176052133,Coastal Clouds LLC,Coastal Clouds,Blueberry Limeade 6mg 60ml,E-liquid,"Blueberry, Lemon, Lime",07/01/2025
600176052997,Coastal Clouds LLC,Coastal Clouds,Citrus Peach 3mg 60ml,E-liquid,"Peach, Apple, Citrus",07/01/2025
600176053000,Coastal Clouds LLC,Coastal Clouds,Citrus Peach 6mg 60ml,E-liquid,"Peach, Apple, Citrus",07/01/2025
600176051884,Coastal Clouds LLC,Coastal Clouds,Iced Apple Peach Strawberry 3mg 60ml,E-liquid,"Apple, Peach, Strawberry",07/01/2025
600176051891,Coastal Clouds LLC,Coastal Clouds,Iced Apple Peach Strawberry 6mg 60ml,E-liquid,"Apple, Peach, Strawberry",07/01/2025
684417989440,Coastal Clouds LLC,Coastal Clouds,Iced Blood Orange Mango 3mg 60ml,E-liquid,"Blood Orange, Mango, Lemon",07/01/2025
684417989457,Coastal Clouds LLC,Coastal Clouds,Iced Blood Orange Mango 6mg 60ml,E-liquid,"Blood Orange, Mango, Lemon",07/01/2025
684417989471,Coastal Clouds LLC,Coastal Clouds,Iced Grape Berries 3mg 60ml,E-liquid,"Grape, Berry, Menthol",07/01/2025
684417989488,Coastal Clouds LLC,Coastal Clouds,Iced Grape Berries 6mg 60ml,E-liquid,"Grape, Berry, Menthol",07/01/2025
600176051679,Coastal Clouds LLC,Coastal Clouds,Iced Mango Berries 3mg 60ml,E-liquid,"Mango, Strawberry, Kiwi",07/01/2025
600176051686,Coastal Clouds LLC,Coastal Clouds,Iced Mango Berries 6mg 60ml,E-liquid,"Mango, Strawberry, Kiwi",07/01/2025
684417989419,Coastal Clouds LLC,Coastal Clouds,Iced Melon Berries 3mg 60ml,E-liquid,"Watermelon, Cantaloupe, Honeydew",07/01/2025
684417989426,Coastal Clouds LLC,Coastal Clouds,Iced Melon Berries 6mg 60ml,E-liquid,"Watermelon, Cantaloupe, Honeydew",07/01/2025
600176051945,Coastal Clouds LLC,Coastal Clouds,Iced Passion Fruit Orange Guava 3mg 60ml,E-liquid,"Passion Fruit, Orange, Guava",07/01/2025
600176051952,Coastal Clouds LLC,Coastal Clouds,Iced Passion Fruit Orange Guava 6mg 60ml,E-liquid,"Passion Fruit, Orange, Guava",07/01/2025
600176051716,Coastal Clouds LLC,Coastal Clouds,Lemon Meringue 3mg 60ml,E-liquid,"Lemon, Cream, Bakery",07/01/2025
600176051723,Coastal Clouds LLC,Coastal Clouds,Lemon Meringue 6mg 60ml,E-liquid,"Lemon, Cream, Bakery",07/01/2025
600176051754,Coastal Clouds LLC,Coastal Clouds,Lemon Raspberry 3mg 60ml,E-liquid,"Raspberry, Lemon, Lime",07/01/2025
600176051761,Coastal Clouds LLC,Coastal Clouds,Lemon Raspberry 6mg 60ml,E-liquid,"Raspberry, Lemon, Lime",07/01/2025
600176052812,Coastal Clouds LLC,Coastal Clouds,Mango Berries 3mg 60ml,E-liquid,"Mango, Strawberry, Kiwi",07/01/2025
600176052904,Coastal Clouds LLC,Coastal Clouds,Mango Berries 6mg 60ml,E-liquid,"Mango, Strawberry, Kiwi",07/01/2025
600176051792,Coastal Clouds LLC,Coastal Clouds,Maple Butter 3mg 60ml,E-liquid,"Maple, Cream",07/01/2025
600176051730,Coastal Clouds LLC,Coastal Clouds,Maple Butter 6mg 60ml,E-liquid,"Maple, Cream",07/01/2025
684417989501,Coastal Clouds LLC,Coastal Clouds,Melon Berries 3mg 60ml,E-liquid,"Watermelon, Cantaloupe, Honeydew",07/01/2025
684417989518,Coastal Clouds LLC,Coastal Clouds,Melon Berries 6mg 60ml,E-liquid,"Watermelon, Cantaloupe, Honeydew",07/01/2025
684417990033,Coastal Clouds LLC,Coastal Clouds,Menthol 3mg 60ml,E-liquid,Menthol,07/01/2025
684417990040,Coastal Clouds LLC,Coastal Clouds,Menthol 6mg 60ml,E-liquid,Menthol,07/01/2025
684417990156,Coastal Clouds LLC,Coastal Clouds,Mixed Berries 3mg 60ml,E-liquid,"Boysenberry, Apple, Raspberry",07/01/2025
684417990163,Coastal Clouds LLC,Coastal Clouds,Mixed Berries 6mg 60ml,E-liquid,"Boysenberry, Apple, Raspberry",07/01/2025
600176051914,Coastal Clouds LLC,Coastal Clouds,Passion Fruit Orange Guava 3mg 60ml,E-liquid,"Passion Fruit, Orange, Guava",07/01/2025
600176051921,Coastal Clouds LLC,Coastal Clouds,Passion Fruit Orange Guava 6mg 60ml,E-liquid,"Passion Fruit, Orange, Guava",07/01/2025
600176052157,Coastal Clouds LLC,Coastal Clouds,Peach Tea 3mg 60ml,E-liquid,"Peach, Tea",07/01/2025
600176052164,Coastal Clouds LLC,Coastal Clouds,Peach Tea 6mg 60ml,E-liquid,"Peach, Tea",07/01/2025
600176051976,Coastal Clouds LLC,Coastal Clouds,Pineapple Guava 3mg 60ml,E-liquid,"Guava, Pineapple, Mango",07/01/2025
600176051983,Coastal Clouds LLC,Coastal Clouds,Pineapple Guava 6mg 60ml,E-liquid,"Guava, Pineapple, Mango",07/01/2025
600176052003,Coastal Clouds LLC,Coastal Clouds,Pink Lemonade 3mg 60ml,E-liquid,"Strawberry, Lemon, Lime",07/01/2025
600176052010,Coastal Clouds LLC,Coastal Clouds,Pink Lemonade 6mg 60ml,E-liquid,"Strawberry, Lemon, Lime",07/01/2025
600176052096,Coastal Clouds LLC,Coastal Clouds,Strawberry Cream 3mg 60ml,E-liquid,"Strawberry, Berry, Cream",07/01/2025
600176052102,Coastal Clouds LLC,Coastal Clouds,Strawberry Cream 6mg 60ml,E-liquid,"Strawberry, Berry, Cream",07/01/2025
600176052188,Coastal Clouds LLC,Coastal Clouds,Strawberry Pineapple Coconut 3mg 60ml,E-liquid,"Strawberry, Coconut, Pine",07/01/2025
600176052195,Coastal Clouds LLC,Coastal Clouds,Strawberry Pineapple Coconut 6mg 60ml,E-liquid,"Strawberry, Coconut, Pine",07/01/2025
600176052034,Coastal Clouds LLC,Coastal Clouds,Tobacco 3mg 60ml,E-liquid,Tobacco,07/01/2025
600176052041,Coastal Clouds LLC,Coastal Clouds,Tobacco 6mg 60ml,E-liquid,Tobacco,07/01/2025
684417990187,Coastal Clouds LLC,Coastal Clouds,Tres Leches 3mg 60ml,E-liquid,Tres Leches,07/01/2025
684417990194,Coastal Clouds LLC,Coastal Clouds,Tres Leches 6mg 60ml,E-liquid,Tres Leches,07/01/2025
600176053024,Coastal Clouds LLC,Coastal Clouds,Tropical Lemonade 3mg 60ml,E-liquid,"Papaya, Mango, Lemon, Lime",07/01/2025
600176053031,Coastal Clouds LLC,Coastal Clouds,Tropical Lemonade 6mg 60ml,E-liquid,"Papaya, Mango, Lemon, Lime",07/01/2025
600176052065,Coastal Clouds LLC,Coastal Clouds,Watermelon Cream 3mg 60ml,E-liquid,"Watermelon, Cream",07/01/2025
600176052072,Coastal Clouds LLC,Coastal Clouds,Watermelon Cream 6mg 60ml,E-liquid,"Watermelon, Cream",07/01/2025
600176053291,Coastal Clouds LLC,Coastal Clouds,Apple Peach Strawberry 35mg 30ml,E-liquid,"Apple, Peach, Strawberry",07/01/2025
600176053307,Coastal Clouds LLC,Coastal Clouds,Apple Peach Strawberry 50mg 30ml,E-liquid,"Apple, Peach, Strawberry",07/01/2025
684417989846,Coastal Clouds LLC,Coastal Clouds,Blueberry Limeade 35mg 30ml,E-liquid,"Blueberry, Lemon, Lime",07/01/2025
684417989853,Coastal Clouds LLC,Coastal Clouds,Blueberry Limeade 50mg 30ml,E-liquid,"Blueberry, Lemon, Lime",07/01/2025
684417989761,Coastal Clouds LLC,Coastal Clouds,Chilled Apple Pear 35mg 30ml,E-liquid,"Apple, Pear, Kiwi, Menthol",07/01/2025
684417989778,Coastal Clouds LLC,Coastal Clouds,Chilled Apple Pear 50mg 30ml,E-liquid,"Apple, Pear, Kiwi, Menthol",07/01/2025
600176053352,Coastal Clouds LLC,Coastal Clouds,Citrus Peach 35mg 30ml,E-liquid,"Peach, Apple, Citrus",07/01/2025
600176053369,Coastal Clouds LLC,Coastal Clouds,Citrus Peach 50mg 30ml,E-liquid,"Peach, Apple, Citrus",07/01/2025
684417989808,Coastal Clouds LLC,Coastal Clouds,Iced Mango Berries 35mg 30ml,E-liquid,"Mango, Strawberry, Kiwi",07/01/2025
684417989815,Coastal Clouds LLC,Coastal Clouds,Iced Mango Berries 50mg 30ml,E-liquid,"Mango, Strawberry, Kiwi",07/01/2025
600176053314,Coastal Clouds LLC,Coastal Clouds,Mango 35mg 30ml,E-liquid,Mango,07/01/2025
600176053321,Coastal Clouds LLC,Coastal Clouds,Mango 50mg 30ml,E-liquid,Mango,07/01/2025
684417989822,Coastal Clouds LLC,Coastal Clouds,Melon Berries 35mg 30ml,E-liquid,"Watermelon, Cantaloupe, Honeydew",07/01/2025
684417989839,Coastal Clouds LLC,Coastal Clouds,Melon Berries 50mg 30ml,E-liquid,"Watermelon, Cantaloupe, Honeydew",07/01/2025
600176053338,Coastal Clouds LLC,Coastal Clouds,Menthol 35mg 30ml,E-liquid,Menthol,07/01/2025
600176053345,Coastal Clouds LLC,Coastal Clouds,Menthol 50mg 30ml,E-liquid,Menthol,07/01/2025
600176053390,Coastal Clouds LLC,Coastal Clouds,Tobacco 35mg 30ml,E-liquid,Tobacco,07/01/2025
600176053406,Coastal Clouds LLC,Coastal Clouds,Tobacco 50mg 30ml,E-liquid,Tobacco,07/01/2025
850025076326,Shenzen Yibo Technology Co. Ltd.,Z Stick,Z Stick Mint 5%,Disposable,Mint,07/22/2025
850025076388,Shenzen Yibo Technology Co. Ltd.,Z Stick,Z Stick Menthol 5%,Disposable,Menthol,07/22/2025
850023554963,Shenzen Yibo Technology Co. Ltd.,Z Stick,Z Stick Banana Pineapple 5%,Disposable,Banana Pineapple,07/22/2025
850025076265,Shenzen Yibo Technology Co. Ltd.,Z Stick,Zstick Strawberry Lemonade 5%,Disposable,Strawberry Lemonade,07/22/2025
850025076500,Shenzen Yibo Technology Co. Ltd.,Z Stick,Zstick Tobacco 5%,Disposable,Tobacco,07/22/2025
850025076081,Shenzen Yibo Technology Co. Ltd.,Z Stick,Z Stick Banana 5%,Disposable,Banana,07/22/2025
850025076449,Shenzen Yibo Technology Co. Ltd.,Z Stick,Z Stick Strawberry 5%,Disposable,Strawberry,07/22/2025
850025076623,Shenzen Yibo Technology Co. Ltd.,Z Stick,Z Stick Mango 5%,Disposable,Mango,07/22/2025
850025076029,Shenzen Yibo Technology Co. Ltd.,Z Stick,Z Stick Berry Mix 5%,Disposable,Berry Mix,07/22/2025
850025076142,Shenzen Yibo Technology Co. Ltd.,Z Stick,Z Stick Grape 5%,Disposable,Grape,07/22/2025
195893373239,Custom Technologies LLC,Ecig 4 Inmate,Ecig 4 Inmate,Disposable,Tobacco,08/05/2025
195893309108,Custom Technologies LLC,Ecig 4 Inmate,Ecig 4 Inmate,Disposable,Menthol,08/05/2025
195893210497,Custom Technologies LLC,Ecig 4 Inmate,Ecig 4 Inmate,Disposable,Mixed Berry,08/05/2025
195893637300,Custom Technologies LLC,Ecig 4 Inmate,Ecig 4 Inmate,Disposable,Peach,08/05/2025
195893368501,Custom Technologies LLC,Ecig 4 Inmate,Ecig 4 Inmate,Disposable,Ice Peach,08/05/2025
840048220653,"Juul Labs, Inc.",Juul,Juul Us Turquoise Device Kit,Device,N/A,07/31/2025
840048219282,"Juul Labs, Inc.",Juul,Juulpods Virginia Tobacco - 5% Us Special 6-pack,E-liquid Pod,Virginia Tobacco,07/31/2025
840048220554,"Juul Labs, Inc.",Juul,Juulpods Virginia Tobacco - 5% Us Special 8-pack,E-liquid Pod,Virginia Tobacco,07/31/2025
840048220516,"Juul Labs, Inc.",Juul,Juulpods Virginia Tobacco - 5% Us Special 6-pack,E-liquid Pod,Virginia Tobacco,07/31/2025
840048220530,"Juul Labs, Inc.",Juul,Juulpods Virginia Tobacco - 5% Us Special 6-pack,E-liquid Pod,Virginia Tobacco,07/31/2025
840048220691,"Juul Labs, Inc.",Juul,Juul Device & Juulpods V. Tob. - 5% Special 1-pk,E-liquid Pod,Virginia Tobacco,07/31/2025
840048217448,"Juul Labs, Inc.",Juul,Juul Device & Juulpods V. Tob. - 5% Special 2-pk,E-liquid Pod,Virginia Tobacco,07/31/2025
840048219299,"Juul Labs, Inc.",Juul,Juulpods Menthol - 5% Us Special 6-pack,E-liquid Pod,Menthol,07/31/2025
840048220561,"Juul Labs, Inc.",Juul,Juulpods Menthol - 5% Us Special 8-pack,E-liquid Pod,Menthol,07/31/2025
840048220523,"Juul Labs, Inc.",Juul,Juulpods Menthol - 5% Us Special 6-pack,E-liquid Pod,Menthol,07/31/2025
840048220547,"Juul Labs, Inc.",Juul,Juulpods Menthol - 5% Us Special 6-pack,E-liquid Pod,Menthol,07/31/2025
840048220684,"Juul Labs, Inc.",Juul,Juul Device & Juulpods Menthol - 5% Special 1-pk,E-liquid Pod,Menthol,07/31/2025
840048217349,"Juul Labs, Inc.",Juul,Juul Device & Juulpods Menthol - 5% Special 2-pk,E-liquid Pod,Menthol,07/31/2025
840048217455,"Juul Labs, Inc.",Juul,Juul Device & Juulpods Menthol - 5% Special 2-pk,E-liquid Pod,Menthol,07/31/2025
850037435388,VDX Distro Inc.,Four Seasons,American Tobacco 60ml 3mg,E-liquid,Tobacco,11/04/2025
850037435395,VDX Distro Inc.,Four Seasons,American Tobacco 60ml 6mg,E-liquid,Tobacco,11/04/2025
850037435401,VDX Distro Inc.,Four Seasons,American Tobacco 60ml 12mg,E-liquid,Tobacco,11/04/2025
850037435418,VDX Distro Inc.,Four Seasons,American Tobacco 60ml 18mg,E-liquid,Tobacco,11/04/2025
850037435630,VDX Distro Inc.,Four Seasons,Desert Tobacco 60ml 3mg,E-liquid,Tobacco,11/04/2025
850037435647,VDX Distro Inc.,Four Seasons,Desert Tobacco 60ml 6mg,E-liquid,Tobacco,11/04/2025
850037435654,VDX Distro Inc.,Four Seasons,Desert Tobacco 60ml 12mg,E-liquid,Tobacco,11/04/2025
850037435661,VDX Distro Inc.,Four Seasons,Desert Tobacco 60ml 18mg,E-liquid,Tobacco,11/04/2025
850037435487,VDX Distro Inc.,Four Seasons,Menthol 60ml 3mg,E-liquid,Menthol,11/04/2025
840048220783,"Juul Labs, Inc.",Juul,Juul Us Emerald Device Kit,Device,N/A,12/18/2025
840048218742,"Juul Labs, Inc.",Juul,Juul Us Gold Device Kit,Device,None,03/12/2026
