Unique Product Identifier (UPC or SKU),Manufacturer,Brand Name,Product Name,Category,Flavor,Date Added to Directory
888861300992,"E-Alternative Solutions, LLC",Leap,Leap Device Kit,Device,N/A,05/01/2025
888861302101,"E-Alternative Solutions, LLC",Leap,Leap Pod Menthol 4.8% Nicotine,E-liquid Pod,Menthol,05/01/2025
888861302026,"E-Alternative Solutions, LLC",Leap,Leap Pod Kentucky Menthol 4.8% Nicotine,E-liquid Pod,Menthol,05/01/2025
888861302194,"E-Alternative Solutions, LLC",Leap,Leap Pod Rough-cut Tobacco 4.8% Nicotine,E-liquid Pod,None,05/01/2025
888861302125,"E-Alternative Solutions, LLC",Leap,Leap Pod Georgia Tobacco 4.8% Nicotine,E-liquid Pod,None,05/01/2025
888861302019,"E-Alternative Solutions, LLC",Leap,Leap Pod Kentucky Tobacco 4.8% Nicotine,E-liquid Pod,None,05/01/2025
888861302064,"E-Alternative Solutions, LLC",Leap,Leap Pod Carolina Tobacco 4.8% Nicotine,E-liquid Pod,None,05/01/2025
888861301111,"E-Alternative Solutions, LLC",Leap,Leap Pod Menthol 2.4% Nicotine,E-liquid Pod,Menthol,05/01/2025
888861301036,"E-Alternative Solutions, LLC",Leap,Leap Pod Kentucky Menthol 2.4% Nicotine,E-liquid Pod,Menthol,05/01/2025
888861301203,"E-Alternative Solutions, LLC",Leap,Leap Pod Rough-cut Tobacco 2.4% Nicotine,E-liquid Pod,None,05/01/2025
888861301135,"E-Alternative Solutions, LLC",Leap,Leap Pod Georgia Tobacco 2.4% Nicotine,E-liquid Pod,None,05/01/2025
888861301029,"E-Alternative Solutions, LLC",Leap,Leap Pod Kentucky Tobacco 2.4% Nicotine,E-liquid Pod,None,05/01/2025
888861301074,"E-Alternative Solutions, LLC",Leap,Leap Pod Carolina Tobacco 2.4% Nicotine,E-liquid Pod,None,05/01/2025
888861306024,"E-Alternative Solutions, LLC",Leap Go,Leap Go Mango 5% Nicotine,Disposable,Mango,05/01/2025
888861306031,"E-Alternative Solutions, LLC",Leap Go,Leap Go Mint 5% Nicotine,Disposable,Mint,05/01/2025
888861306000,"E-Alternative Solutions, LLC",Leap Go,Leap Go Smooth Tobacco 5% Nicotine,Disposable,Tobacco,05/01/2025
840094600928,The Schwartz E Liquid,Naked100,American Patriots 0mg,E-liquid,Tobacco,05/01/2025
840094600935,The Schwartz E Liquid,Naked100,American Patriots 3mg,E-liquid,Tobacco,05/01/2025
840094600942,The Schwartz E Liquid,Naked100,American Patriots 6mg,E-liquid,Tobacco,05/01/2025
840094600959,The Schwartz E Liquid,Naked100,American Patriots 12mg,E-liquid,Tobacco,05/01/2025
840094600980,The Schwartz E Liquid,Naked100,Cuban Blend 0mg,E-liquid,Tobacco,05/01/2025
840094600997,The Schwartz E Liquid,Naked100,Cuban Blend 3mg,E-liquid,Tobacco,05/01/2025
840094601000,The Schwartz E Liquid,Naked100,Cuban Blend 6mg,E-liquid,Tobacco,04/01/2025
840094601017,The Schwartz E Liquid,Naked100,Cuban Blend 12mg,E-liquid,Tobacco,05/01/2025
840094601024,The Schwartz E Liquid,Naked100,Euro Gold 0mg,E-liquid,Tobacco,05/01/2025
840094601031,The Schwartz E Liquid,Naked100,Euro Gold 3mg,E-liquid,Tobacco,05/01/2025
840094600287,The Schwartz E Liquid,Naked100,Really Berry 0mg,E-liquid,Blackberry Blueberry Lemon,05/01/2025
840094600294,The Schwartz E Liquid,Naked100,Really Berry 3mg,E-liquid,Blackberry Blueberry Lemon,05/01/2025
840094600300,The Schwartz E Liquid,Naked100,Really Berry 6mg,E-liquid,Blackberry Blueberry Lemon,05/01/2025
840094600317,The Schwartz E Liquid,Naked100,Really Berry 12mg,E-liquid,Blackberry Blueberry Lemon,05/01/2025
840094600522,The Schwartz E Liquid,Naked100,Berry 0mg,E-liquid,Berry Menthol,05/01/2025
840094600539,The Schwartz E Liquid,Naked100,Berry 3mg,E-liquid,Berry Menthol,05/01/2025
840094600546,The Schwartz E Liquid,Naked100,Berry 6mg,E-liquid,Berry Menthol,05/01/2025
840094600553,The Schwartz E Liquid,Naked100,Berry 12mg,E-liquid,Berry Menthol,05/01/2025
840094601505,The Schwartz E Liquid,Naked100,Crisp Menthol 0mg,E-liquid,Menthol,05/01/2025
840094601512,The Schwartz E Liquid,Naked100,Crisp Menthol 3mg,E-liquid,Menthol,05/01/2025
840094601529,The Schwartz E Liquid,Naked100,Crisp Menthol 6mg,E-liquid,Menthol,05/01/2025
840094601536,The Schwartz E Liquid,Naked100,Crisp Menthol 12mg,E-liquid,Menthol,05/01/2025
840094600485,The Schwartz E Liquid,Naked100,Melon 0mg,E-liquid,Pineapple Melon Menthol,05/01/2025
840094600492,The Schwartz E Liquid,Naked100,Melon 3mg,E-liquid,Pineapple Melon Menthol,05/01/2025
840094600508,The Schwartz E Liquid,Naked100,Melon 6mg,E-liquid,Pineapple Melon Menthol,05/01/2025
840094600515,The Schwartz E Liquid,Naked100,Melon 12mg,E-liquid,Pineapple Melon Menthol,05/01/2025
840094600362,The Schwartz E Liquid,Naked100,Strawberry Pom 0mg,E-liquid,Strawberry Kiwi Menthol,05/01/2025
840094600379,The Schwartz E Liquid,Naked100,Strawberry Pom 3mg,E-liquid,Strawberry Kiwi Menthol,05/01/2025
840094600386,The Schwartz E Liquid,Naked100,Strawberry Pom 6mg,E-liquid,Strawberry Kiwi Menthol,05/01/2025
840094600393,The Schwartz E Liquid,Naked100,Strawberry Pom 12mg,E-liquid,Strawberry Kiwi Menthol,05/01/2025
840094601048,The Schwartz E Liquid,Naked100,Euro Gold 6mg,E-liquid,Tobacco,05/01/2025
840094601055,The Schwartz E Liquid,Naked100,Euro Gold 12mg,E-liquid,Tobacco,05/01/2025
840094600126,The Schwartz E Liquid,Naked100,Hawaiian Pog 0mg,E-liquid,Passionfruit Orange Guava,05/01/2025
840094600133,The Schwartz E Liquid,Naked100,Hawaiian Pog 3mg,E-liquid,Passionfruit Orange Guava,05/01/2025
840094600140,The Schwartz E Liquid,Naked100,Hawaiian Pog 6mg,E-liquid,Passionfruit Orange Guava,05/01/2025
840094600157,The Schwartz E Liquid,Naked100,Hawaiian Pog 12mg,E-liquid,Passionfruit Orange Guava,05/01/2025
840094600164,The Schwartz E Liquid,Naked100,Lava Flow 0mg,E-liquid,Strawberry Pineapple Coco,05/01/2025
840094600171,The Schwartz E Liquid,Naked100,Lava Flow 3mg,E-liquid,Strawberry Pineapple Coco,05/01/2025
840094600188,The Schwartz E Liquid,Naked100,Lava Flow 6mg,E-liquid,Strawberry Pineapple Coco,05/01/2025
840094600195,The Schwartz E Liquid,Naked100,Lava Flow 12mg,E-liquid,Strawberry Pineapple Coco,05/01/2025
704751829216,Fumizer LLC,Twist E-liquid,Pink No. 1 - 3mg/ml,E-liquid,None,05/01/2025
704751829223,Fumizer LLC,Twist E-liquid,Pink No. 1 - 6mg/ml,E-liquid,None,05/01/2025
704751729124,Fumizer LLC,Twist E-liquid,Green No. 1 - 3mg/ml,E-liquid,None,05/01/2025
704751829131,Fumizer LLC,Twist E-liquid,Green No. 1 - 6mg/ml,E-liquid,None,05/01/2025
704751829094,Fumizer LLC,Twist E-liquid,Blend No. 1 - 3mg/ml,E-liquid,None,05/01/2025
704751829100,Fumizer LLC,Twist E-liquid,Blend No. 1 - 6mg/ml,E-liquid,None,05/01/2025
704751829278,Fumizer LLC,Twist E-liquid,Red No. 1 - 3mg/ml,E-liquid,None,05/01/2025
704751829261,Fumizer LLC,Twist E-liquid,Red No. 1 - 6mg/ml,E-liquid,None,05/01/2025
704751829360,Fumizer LLC,Twist E-liquid,Pink 0° - 3mg/ml,E-liquid,None,05/01/2025
704751829377,Fumizer LLC,Twist E-liquid,Pink 0° - 6mg/ml,E-liquid,None,05/01/2025
13415353104,Fumizer LLC,Twist E-liquid,Purple No. 1 - 3mg/ml,E-liquid,None,05/01/2025
13415353111,Fumizer LLC,Twist E-liquid,Purple No. 1 - 6mg/ml,E-liquid,None,05/01/2025
704751829247,Fumizer LLC,Twist E-liquid,Crimson No. 1- 3mg/ml,E-liquid,None,05/01/2025
704751829254,Fumizer LLC,Twist E-liquid,Crimson No. 1 - 6mg/ml,E-liquid,None,05/01/2025
13415358284,Fumizer LLC,Twist E-liquid,Menthol No. 1 - 3mg/ml,E-liquid,Menthol,05/01/2025
13415358291,Fumizer LLC,Twist E-liquid,Menthol No. 1 - 6mg/ml,E-liquid,Menthol,05/01/2025
13415358307,Fumizer LLC,Twist E-liquid,Menthol No. 1 - 12mg/ml,E-liquid,Menthol,05/01/2025
13415358314,Fumizer LLC,Twist E-liquid,Menthol No. 1 - 18mg/ml,E-liquid,Menthol,05/01/2025
13415358222,Fumizer LLC,Twist E-liquid,Tobacco Platinum No. 1 - 3mg/ml,E-liquid,Tobacco,05/01/2025
13415358239,Fumizer LLC,Twist E-liquid,Tobacco Platinum No. 1 - 6mg/ml,E-liquid,Tobacco,05/01/2025
13415358246,Fumizer LLC,Twist E-liquid,Tobacco Platimun No. 1 - 12mg/ml,E-liquid,Tobacco,05/01/2025
13415358253,Fumizer LLC,Twist E-liquid,Tobacco Platimun No. 1 - 18mg/ml,E-liquid,Tobacco,05/01/2025
13415358086,Fumizer LLC,Twist E-liquid,Tobacco Gold No. 1- 3mg/ml,E-liquid,Tobacco,05/01/2025
13415358093,Fumizer LLC,Twist E-liquid,Tobacco Gold No. 1 - 6mg/ml,E-liquid,Tobacco,05/01/2025
13415358123,Fumizer LLC,Twist E-liquid,Tobacco Gold No. 1 - 12mg/ml,E-liquid,Tobacco,05/01/2025
13415358130,Fumizer LLC,Twist E-liquid,Tobacco Gold No. 1 - 18mg/ml,E-liquid,Tobacco,05/01/2025
13415358178,Fumizer LLC,Twist E-liquid,Tobacco Silver No. 1 - 6mg/ml,E-liquid,Tobacco,05/01/2025
13415358185,Fumizer LLC,Twist E-liquid,Tobacco Silver No. 1 - 12mg/ml,E-liquid,Tobacco,05/01/2025
13415358192,Fumizer LLC,Twist E-liquid,Tobacco Silver No. 1 - 18mg/ml,E-liquid,Tobacco,05/01/2025
13415353555,Fumizer LLC,Twist E-liquid,Purple No. 1 - 35mg/ml,E-liquid,None,05/01/2025
13415353562,Fumizer LLC,Twist E-liquid,Purple No. 1 - 50mg/ml,E-liquid,None,05/01/2025
12436990695,Fumizer LLC,Twist E-liquid,Crimson No. 1 - 35mg/ml,E-liquid,None,05/01/2025
12436990701,Fumizer LLC,Twist E-liquid,Crimson No. 1 - 50mg/ml,E-liquid,None,05/01/2025
12436990718,Fumizer LLC,Twist E-liquid,Menthol No. 1 - 35mg/ml,E-liquid,Menthol,05/01/2025
12436990725,Fumizer LLC,Twist E-liquid,Menthol No. 1 - 50mg/ml,E-liquid,Menthol,05/01/2025
12436990381,Fumizer LLC,Twist E-liquid,Tobacco Gold No. 1 - 35mg/ml,E-liquid,Tobacco,05/01/2025
12436990398,Fumizer LLC,Twist E-liquid,Tobacco Gold No. 1 - 50mg/ml,E-liquid,Tobacco,05/01/2025
13415350615,Fumizer LLC,Twist E-liquid,Mint 0° - 35mg/ml,E-liquid,Mint,05/01/2025
13415352114,Fumizer LLC,Twist E-liquid,Mint 0° - 50mg/ml,E-liquid,Mint,05/01/2025
19213583637,Fumizer LLC,Twist E-liquid,Green No. 1 - 35mg/ml,E-liquid,None,05/01/2025
19213583644,Fumizer LLC,Twist E-liquid,Green No. 1 - 50mg/ml,E-liquid,None,05/01/2025
19213583675,Fumizer LLC,Twist E-liquid,Pink No. 1 - 35mg/ml,E-liquid,None,05/01/2025
19213583682,Fumizer LLC,Twist E-liquid,Pink No. 1 - 50mg/ml,E-liquid,None,05/01/2025
12436990671,Fumizer LLC,Twist E-liquid,Blend No. 1 - 35mg/ml,E-liquid,None,05/01/2025
12436990688,Fumizer LLC,Twist E-liquid,Blend No. 1 - 50mg/ml,E-liquid,None,05/01/2025
19213583699,Fumizer LLC,Twist E-liquid,Red No. 1 - 35mg/ml,E-liquid,None,05/01/2025
19213583705,Fumizer LLC,Twist E-liquid,Red No. 1 - 50mg/ml,E-liquid,None,05/01/2025
704751828929,Fumizer LLC,Twist E-liquid,Pink 0° - 35mg/ml,E-liquid,None,05/01/2025
750253727796,MH Global LLc dba Streamline Vape Co. LLC,Juice Head,Juice Head Peach Pear,E-liquid,Peach Pear,05/01/2025
750253728380,MH Global LLc dba Streamline Vape Co. LLC,Juice Head,Juice Head Watermelon Lime,E-liquid,Watermelon Lime,05/01/2025
750253728397,MH Global LLc dba Streamline Vape Co. LLC,Juice Head,Juice Head Watermelon Lime,E-liquid,Watermelon Lime,05/01/2025
750253729073,MH Global LLc dba Streamline Vape Co. LLC,Khali Vapors,Khali Vapors Devil's Punchbowl,E-liquid,Guava Peach,05/01/2025
750253729066,MH Global LLc dba Streamline Vape Co. LLC,Khali Vapors,Khali Vapors Devil's Punchbowl,E-liquid,Guava Peach,05/01/2025
750253728410,MH Global LLc dba Streamline Vape Co. LLC,Juice Head,Juice Head Strawberry Kiwi,E-liquid,Strawberry Kiwi,05/01/2025
750253728403,MH Global LLc dba Streamline Vape Co. LLC,Juice Head,Juice Head Strawberry Kiwi,E-liquid,Strawberry Kiwi,05/01/2025
788782962654,MH Global LLc dba Streamline Vape Co. LLC,Juice Head,Juice Head Peach Pear Salt,E-liquid,Peach Pear,05/01/2025
788782962661,MH Global LLc dba Streamline Vape Co. LLC,Juice Head,Juice Head Peach Pear Salt,E-liquid,Peach Pear,05/01/2025
788782964979,MH Global LLc dba Streamline Vape Co. LLC,Juice Head,Juice Head Blueberry Lemon Freeze,E-liquid,Blueberry Lemon Freeze,05/01/2025
788782964986,MH Global LLc dba Streamline Vape Co. LLC,Juice Head,Juice Head Blueberry Lemon Freeze,E-liquid,Blueberry Lemon Freeze,05/01/2025
788782965167,MH Global LLc dba Streamline Vape Co. LLC,Juice Head,Juice Head Blueberry Lemon Salt,E-liquid,Blueberry Lemon,05/01/2025
788782965136,MH Global LLc dba Streamline Vape Co. LLC,Juice Head,Juice Head Blueberry Lemon Salt,E-liquid,Blueberry Lemon,05/01/2025
788782964184,MH Global LLc dba Streamline Vape Co. LLC,Juice Head,Juice Head Pineapple Grapefruit Salt,E-liquid,Pineapple Grapefruit,05/01/2025
788782964177,MH Global LLc dba Streamline Vape Co. LLC,Juice Head,Juice Head Pineapple Grapefruit Salt,E-liquid,Pineapple Grapefruit,05/01/2025
750253729004,MH Global LLc dba Streamline Vape Co. LLC,Khali Vapors,Khali Vapors Devil's Punchbowl Ice,E-liquid,Guava Peach Ice,05/01/2025
750253729028,MH Global LLc dba Streamline Vape Co. LLC,Khali Vapors,Khali Vapors Devil's Punchbowl Ice,E-liquid,Guava Peach Ice,05/01/2025
788782965037,MH Global LLc dba Streamline Vape Co. LLC,Juice Head,Juice Head Peach Pear Freeze,E-liquid,Peach Pear Freeze,05/01/2025
788782965044,MH Global LLc dba Streamline Vape Co. LLC,Juice Head,Juice Head Peach Pear Freeze,E-liquid,Peach Pear Freeze,05/01/2025
788782965099,MH Global LLc dba Streamline Vape Co. LLC,Juice Head,Juice Head Strawberry Kiwi Freeze,E-liquid,Strawberry Kiwi Freeze,05/01/2025
788782965105,MH Global LLc dba Streamline Vape Co. LLC,Juice Head,Juice Head Strawberry Kiwi Freeze,E-liquid,Strawberry Kiwi Freeze,05/01/2025
788782962708,MH Global LLc dba Streamline Vape Co. LLC,Juice Head,Juice Head Strawberry Kiwi Salts,E-liquid,Strawberry Kiwi,05/01/2025
788782962692,MH Global LLc dba Streamline Vape Co. LLC,Juice Head,Juice Head Strawberry Kiwi Salts,E-liquid,Strawberry Kiwi,05/01/2025
788782962678,MH Global LLc dba Streamline Vape Co. LLC,Juice Head,Juice Head Watermelon Lime Salt,E-liquid,Watermelon Lime,05/01/2025
788782962685,MH Global LLc dba Streamline Vape Co. LLC,Juice Head,Juice Head Watermelon Lime Salt,E-liquid,Watermelon Lime,05/01/2025
788782962401,MH Global LLc dba Streamline Vape Co. LLC,Khali Vapors,Khali Vapors Devil's Punchbowl Ice Salts,E-liquid,Guava Peach,05/01/2025
788782962395,MH Global LLc dba Streamline Vape Co. LLC,Khali Vapors,Khali Vapors Devil's Punchbowl Ice Salts,E-liquid,Guava Peach,05/01/2025
762876650146,MH Global LLc dba Streamline Vape Co. LLC,Juice Head,Juice Head Guava Peach,E-liquid,Guava Peach,05/01/2025
762876650153,MH Global LLc dba Streamline Vape Co. LLC,Juice Head,Juice Head Guava Peach,E-liquid,Guava Peach,05/01/2025
762876650160,MH Global LLc dba Streamline Vape Co. LLC,Juice Head,Juice Head Guava Peach Salt,E-liquid,Guava Peach,05/01/2025
762876650177,MH Global LLc dba Streamline Vape Co. LLC,Juice Head,Juice Head Guava Peach Salt,E-liquid,Guava Peach,05/01/2025
788782963859,MH Global LLc dba Streamline Vape Co. LLC,Juice Head,Juice Head Pineapple Grapefruit,E-liquid,Pineapple Grapefruit,05/01/2025
788782963866,MH Global LLc dba Streamline Vape Co. LLC,Juice Head,Juice Head Pineapple Grapefruit,E-liquid,Pineapple Grapefruit,05/01/2025
788782962623,MH Global LLc dba Streamline Vape Co. LLC,Bam's Cannoli,Bam's Cannoli Strawberry,E-liquid,Strawberry Cannoli,05/01/2025
788782962647,MH Global LLc dba Streamline Vape Co. LLC,Bam's Cannoli,Bam's Cannoli Strawberry,E-liquid,Strawberry Cannoli,05/01/2025
788782962548,MH Global LLc dba Streamline Vape Co. LLC,Bam's Cannoli,Bam's Cannoli Birthday,E-liquid,Cake Batter Cannoli,05/01/2025
788782962555,MH Global LLc dba Streamline Vape Co. LLC,Bam's Cannoli,Bam's Cannoli Birthday,E-liquid,Cake Batter Cannoli,05/01/2025
788782962579,MH Global LLc dba Streamline Vape Co. LLC,Bam's Cannoli,Bam's Cannoli Original,E-liquid,Caramel Cream,05/01/2025
788782962586,MH Global LLc dba Streamline Vape Co. LLC,Bam's Cannoli,Bam's Cannoli Original,E-liquid,Caramel Cream,05/01/2025
814826023958,"Charlie's Chalk Dust, LLC",Pachamama,Fuji - 60ml - 0mg,E-liquid,Apple,05/01/2025
814826023965,"Charlie's Chalk Dust, LLC",Pachamama,Fuji - 60ml - 3mg,E-liquid,Apple,05/01/2025
814826023972,"Charlie's Chalk Dust, LLC",Pachamama,Fuji - 60ml - 6mg,E-liquid,Apple,05/01/2025
814826023996,"Charlie's Chalk Dust, LLC",Pachamama,Fuji - 60ml - 12mg,E-liquid,Apple,05/01/2025
814826023644,"Charlie's Chalk Dust, LLC",Pachamama,Mint - 60ml - 0mg,E-liquid,Mint,05/01/2025
814826023651,"Charlie's Chalk Dust, LLC",Pachamama,Mint - 60ml - 3mg,E-liquid,Mint,05/01/2025
814826023736,"Charlie's Chalk Dust, LLC",Pachamama,Mint - 60ml - 6mg,E-liquid,Mint,05/01/2025
814826026157,"Charlie's Chalk Dust, LLC",Pachamama,Mint - 60ml - 12mg,E-liquid,Mint,05/01/2025
814826022524,"Charlie's Chalk Dust, LLC",Charlie's Chalk Dust,Citrus - 60ml - 0mg,E-liquid,Citrus,05/01/2025
814826021916,"Charlie's Chalk Dust, LLC",Charlie's Chalk Dust,Citrus - 60ml - 3mg,E-liquid,Citrus,05/01/2025
814826022531,"Charlie's Chalk Dust, LLC",Charlie's Chalk Dust,Citrus - 60ml - 6mg,E-liquid,Citrus,05/01/2025
814826023460,"Charlie's Chalk Dust, LLC",Charlie's Chalk Dust,Citrus - 60ml - 12mg,E-liquid,Citrus,05/01/2025
814826029646,"Charlie's Chalk Dust, LLC",Charlie's Chalk Dust,Tobacco - 60ml - 0mg,E-liquid,Tobacco,05/01/2025
814826029615,"Charlie's Chalk Dust, LLC",Charlie's Chalk Dust,Tobacco - 60ml - 3mg,E-liquid,Tobacco,05/01/2025
814826029639,"Charlie's Chalk Dust, LLC",Charlie's Chalk Dust,Tobacco - 60ml - 6mg,E-liquid,Tobacco,05/01/2025
814826029622,"Charlie's Chalk Dust, LLC",Charlie's Chalk Dust,Tobacco - 60ml - 12mg,E-liquid,Tobacco,05/01/2025
814826029653,"Charlie's Chalk Dust, LLC",Charlie's Chalk Dust,Menthol - 60ml - 0mg,E-liquid,Menthol,05/01/2025
814826029660,"Charlie's Chalk Dust, LLC",Charlie's Chalk Dust,Menthol - 60ml - 3mg,E-liquid,Menthol,05/01/2025
814826029677,"Charlie's Chalk Dust, LLC",Charlie's Chalk Dust,Menthol - 60ml - 6mg,E-liquid,Menthol,05/01/2025
814826029684,"Charlie's Chalk Dust, LLC",Charlie's Chalk Dust,Menthol - 60ml - 12mg,E-liquid,Menthol,05/01/2025
849205015125,R.J. Reynolds Vapor Company,Vuse,Ciro Original 1.5%,E-liquid Pod,Tobacco,05/01/2025
849205015101,R.J. Reynolds Vapor Company,Vuse,Ciro Kit Original 1.5%,E-liquid Pod,Tobacco,05/01/2025
849205015002,R.J. Reynolds Vapor Company,Vuse,Ciro Power Unit,Device,Unflavored,05/01/2025
849205017150,R.J. Reynolds Vapor Company,Vuse,Vibe Power Unit,Device,Unflavored,05/01/2025
849205015415,R.J. Reynolds Vapor Company,Vuse,Vibe Tank Menthol 3.0%,E-liquid Pod,Menthol,05/01/2025
849205015293,R.J. Reynolds Vapor Company,Vuse,Vibe Tank Original 3.0%,E-liquid Pod,Tobacco,05/01/2025
849205000619,R.J. Reynolds Vapor Company,Vuse,Solo Menthol 4.8%,E-liquid Pod,Menthol,05/01/2025
849205000589,R.J. Reynolds Vapor Company,Vuse,Solo Original 4.8%,E-liquid Pod,Tobacco,05/01/2025
849205001340,R.J. Reynolds Vapor Company,Vuse,Solo Original Kit,E-liquid Pod,Tobacco,05/01/2025
849205015033,R.J. Reynolds Vapor Company,Vuse,Solo Power Unit,Device,Unflavored,05/01/2025
842099104098,"Pure Laboratories, LLC.",Halo,30ml Tribeca Eliquid - 0 Mg/ml,E-liquid,Tobacco,05/01/2025
842099101684,"Pure Laboratories, LLC.",Halo,30ml Tribeca Eliquid - 3 Mg/ml,E-liquid,Tobacco,05/01/2025
842099104104,"Pure Laboratories, LLC.",Halo,30ml Tribeca Eliquid - 6 Mg/ml,E-liquid,Tobacco,05/01/2025
842099101707,"Pure Laboratories, LLC.",Halo,30ml Tribeca Eliquid - 12 Mg/ml,E-liquid,Tobacco,05/01/2025
842099104111,"Pure Laboratories, LLC.",Halo,30ml Tribeca Eliquid - 18 Mg/ml,E-liquid,Tobacco,05/01/2025
842099170864,"Pure Laboratories, LLC.",Halo,30ml Tribeca Eliquid - 24 Mg/ml,E-liquid,Tobacco,05/01/2025
842099160285,"Pure Laboratories, LLC.",Halo,60ml Tribeca Eliquid - 0 Mg/ml,E-liquid,Tobacco,05/01/2025
842099113014,"Pure Laboratories, LLC.",Halo,60ml Tribeca Eliquid - 3 Mg/ml,E-liquid,Tobacco,05/01/2025
842099160896,"Pure Laboratories, LLC.",Halo,60ml Tribeca Eliquid - 6 Mg/ml,E-liquid,Tobacco,05/01/2025
842099113021,"Pure Laboratories, LLC.",Halo,60ml Tribeca Eliquid - 12 Mg/ml,E-liquid,Tobacco,05/01/2025
842099161749,"Pure Laboratories, LLC.",Halo,60ml Tribeca Eliquid - 18 Mg/ml,E-liquid,Tobacco,05/01/2025
842099113038,"Pure Laboratories, LLC.",Halo,60ml Tribeca Eliquid - 24 Mg/ml,E-liquid,Tobacco,05/01/2025
842099101660,"Pure Laboratories, LLC.",Halo,30ml Subzero Eliquid - 3 Mg/ml,E-liquid,Menthol,05/01/2025
842099104074,"Pure Laboratories, LLC.",Halo,30ml Subzero Eliquid - 6 Mg/ml,E-liquid,Menthol,05/01/2025
842099101691,"Pure Laboratories, LLC.",Halo,30ml Subzero Eliquid - 12 Mg/ml,E-liquid,Menthol,05/01/2025
842099104081,"Pure Laboratories, LLC.",Halo,30ml Subzero Eliquid - 18 Mg/ml,E-liquid,Menthol,05/01/2025
842099101677,"Pure Laboratories, LLC.",Halo,30ml Subzero Eliquid - 24 Mg/ml,E-liquid,Menthol,05/01/2025
842099113045,"Pure Laboratories, LLC.",Halo,60ml Subzero Eliquid - 3 Mg/ml,E-liquid,Menthol,05/01/2025
842099164436,"Pure Laboratories, LLC.",Halo,60ml Subzero Eliquid - 6 Mg/ml,E-liquid,Menthol,05/01/2025
842099113052,"Pure Laboratories, LLC.",Halo,60ml Subzero Eliquid - 12 Mg/ml,E-liquid,Menthol,05/01/2025
842099136709,"Pure Laboratories, LLC.",Halo,60ml Subzero Eliquid - 18 Mg/ml,E-liquid,Menthol,05/01/2025
842099113069,"Pure Laboratories, LLC.",Halo,60ml Subzero Eliquid - 24 Mg/ml,E-liquid,Menthol,05/01/2025
842099101646,"Pure Laboratories, LLC.",Halo,30ml Fusion Eliquid - 3 Mg/ml,E-liquid,Unflavored Tobacco,05/01/2025
842099104319,"Pure Laboratories, LLC.",Halo,30ml Fusion Eliquid - 6 Mg/ml,E-liquid,Unflavored Tobacco,05/01/2025
842099104050,"Pure Laboratories, LLC.",Halo,30ml Fusion Eliquid - 12 Mg/ml,E-liquid,Unflavored Tobacco,05/01/2025
842099104326,"Pure Laboratories, LLC.",Halo,30ml Fusion Eliquid - 18 Mg/ml,E-liquid,Unflavored Tobacco,05/01/2025
842099101653,"Pure Laboratories, LLC.",Halo,30ml Fusion Eliquid - 24 Mg/ml,E-liquid,Unflavored Tobacco,05/01/2025
842099102056,"Pure Laboratories, LLC.",Halo,60ml Fusion Eliquid - 3 Mg/ml,E-liquid,Unflavored Tobacco,05/01/2025
842099104340,"Pure Laboratories, LLC.",Halo,60ml Fusion Eliquid - 6 Mg/ml,E-liquid,Unflavored Tobacco,05/01/2025
842099102063,"Pure Laboratories, LLC.",Halo,60ml Fusion Eliquid - 12 Mg/ml,E-liquid,Unflavored Tobacco,05/01/2025
842099104357,"Pure Laboratories, LLC.",Halo,60ml Fusion Eliquid - 18 Mg/ml,E-liquid,Unflavored Tobacco,05/01/2025
842099102087,"Pure Laboratories, LLC.",Halo,60ml Fusion Eliquid - 24 Mg/ml,E-liquid,Unflavored Tobacco,05/01/2025
842099171113,"Pure Laboratories, LLC.",Halo,30ml Turkish Tobacco Eliquid - 3 Mg/ml,E-liquid,Tobacco,05/01/2025
842099171724,"Pure Laboratories, LLC.",Halo,30ml Turkish Tobacco Eliquid - 6 Mg/ml,E-liquid,Tobacco,05/01/2025
842099158442,"Pure Laboratories, LLC.",Halo,30ml Turkish Tobacco Eliquid - 12 Mg/ml,E-liquid,Tobacco,05/01/2025
842099158664,"Pure Laboratories, LLC.",Halo,30ml Turkish Tobacco Eliquid - 18 Mg/ml,E-liquid,Tobacco,05/01/2025
842099112802,"Pure Laboratories, LLC.",Halo,30ml Turkish Tobacco Eliquid - 24 Mg/ml,E-liquid,Tobacco,05/01/2025
842099113137,"Pure Laboratories, LLC.",Halo,60ml Turkish Tobacco Eliquid - 3 Mg/ml,E-liquid,Tobacco,05/01/2025
842099167246,"Pure Laboratories, LLC.",Halo,60ml Turkish Tobacco Eliquid - 6 Mg/ml,E-liquid,Tobacco,05/01/2025
842099113144,"Pure Laboratories, LLC.",Halo,60ml Turkish Tobacco Eliquid - 12 Mg/ml,E-liquid,Tobacco,05/01/2025
842099173346,"Pure Laboratories, LLC.",Halo,60ml Turkish Tobacco Eliquid - 18 Mg/ml,E-liquid,Tobacco,05/01/2025
842099113151,"Pure Laboratories, LLC.",Halo,60ml Turkish Tobacco Eliquid - 24 Mg/ml,E-liquid,Tobacco,05/01/2025
842099195256,"Pure Laboratories, LLC.",Halo,Triton Ii Single Kit (black),Device,N/A,05/01/2025
842099104968,"Pure Laboratories, LLC.",Halo,Triton Ii Single Kit (silver),Device,N/A,05/01/2025
842099104821,"Pure Laboratories, LLC.",Halo,Triton Ii Tank (1-pack),E-liquid Cartridge,N/A,05/01/2025
842099104975,"Pure Laboratories, LLC.",Halo,Triton Ii Coils (3-pack),E-liquid Cartridge,N/A,05/01/2025
842099195263,"Pure Laboratories, LLC.",Halo,Triton Ii Single Kit (blue),Device,N/A,05/05/2025
849205029993,R.J. Reynolds Vapor Company,Vuse,Alto Golden Tobacco All In One Kit 5%,E-liquid Pod,Tobacco,04/15/2025
849205030029,R.J. Reynolds Vapor Company,Vuse,Alto Menthol All In One Kit 5%,E-liquid Pod,Menthol,05/01/2025
849205030050,R.J. Reynolds Vapor Company,Vuse,Alto Golden Tobacco All In One Kit 2.4%,E-liquid Pod,Tobacco,05/01/2025
849205032603,R.J. Reynolds Vapor Company,Vuse,Alto Golden Spark/dusk Glow Tasting Kit 2.4%,E-liquid Pod,Tobacco,05/01/2025
849205021140,R.J. Reynolds Vapor Company,Vuse,Alto Power Unit Blue,Device,Unflavored,05/01/2025
849205021652,R.J. Reynolds Vapor Company,Vuse,Alto Power Unit Teal,Device,Unflavored,05/01/2025
849205018591,R.J. Reynolds Vapor Company,Vuse,Alto Power Unit Slate,Device,Unflavored,05/01/2025
849205021171,R.J. Reynolds Vapor Company,Vuse,Alto Power Unit Red,Device,Unflavored,05/01/2025
887969011397,Fontem US LLC,Blu,Blu Device –Limited Edition Midnight Blue,Device,N/A,05/01/2025
887969011557,Fontem US LLC,Blu,Blu Device – Forest Green,Device,N/A,05/01/2025
887969011366,Fontem US LLC,Blu,Blu Device – Graphite Black,Device,N/A,05/01/2025
887969011380,Fontem US LLC,Blu,Blu Device – Limited Edition Forest Green,Device,N/A,05/01/2025
887969011373,Fontem US LLC,Blu,Blu Device – Limited Edition Sand Gold,Device,N/A,05/01/2025
887969011571,Fontem US LLC,Blu,Blu Device – Midnight Blue,Device,N/A,05/01/2025
887969011311,Fontem US LLC,Blu,Blu Pods Gold Leaf Tobacco 1.2%,E-liquid Pod,Gold Leaf,05/01/2025
887969011304,Fontem US LLC,Blu,Blu Pods Gold Leaf Tobacco 2.4%,E-liquid Pod,Gold Leaf,05/01/2025
887969011342,Fontem US LLC,Blu,Blu Pods Rich Tobacco 2.4%,E-liquid Pod,Tobacco,05/01/2025
887969011359,Fontem US LLC,Blu,Blu Pods Rich Tobacco 3.6%,E-liquid Pod,Tobacco,05/01/2025
887969008700,Fontem US LLC,Blu Plus,Blu Plus+ Xpress Kit (classic Tobacco),E-liquid Cartridge,NA / Tobacco,05/01/2025
887969005112,Fontem US LLC,Blu Plus,Blu Plus+ Tanks Carolina Bold 2.0%,E-liquid Cartridge,Carolina Bold,05/01/2025
887969004887,Fontem US LLC,Blu Plus,Blu Plus+ Tanks Classic Tobacco2.4%,E-liquid Cartridge,Tobacco,05/01/2025
887969004894,Fontem US LLC,Blu Plus,Blu Plus+ Tanks Classic Tobacco 1.2 %,E-liquid Cartridge,Tobacco,05/01/2025
887969007468,Fontem US LLC,Blu Plus,Blu Plus+ Tanks Gold Leaf Tobacco 1.2%,E-liquid Cartridge,Gold Leaf,05/01/2025
887969007482,Fontem US LLC,Blu Plus,Blu Plus+ Tanks Gold Leaf Tobacco 2.4%,E-liquid Cartridge,Gold Leaf,05/01/2025
887969004917,Fontem US LLC,Blu Plus,Blu Plus+ Tanks Menthol 1.2%,E-liquid Cartridge,Menthol,05/01/2025
887969004900,Fontem US LLC,Blu Plus,Blu Plus+ Tanks Menthol 2.4%,E-liquid Cartridge,Menthol,05/01/2025
887969011335,Fontem US LLC,Blu,Blu Pods Menthol 1.2%,E-liquid Pod,Menthol,05/01/2025
887969010581,Fontem US LLC,Myblu,Myblu Magnificent Menthol 1.2%,E-liquid Pod,Menthol,05/01/2025
887969011083,Fontem US LLC,Myblu,Myblu Device,Device,,05/01/2025
887969011267,Fontem US LLC,Myblu,Myblu Device – Anniversary Edition (silver),Device,,05/01/2025
887969010369,Fontem US LLC,Myblu,Myblu Gold Leaf Tobacco 1.2%,E-liquid Pod,Gold Leaf,05/01/2025
887969010345,Fontem US LLC,Myblu,Myblu Gold Leaf Tobacco 2.4%,E-liquid Pod,Gold Leaf,05/01/2025
887969010802,Fontem US LLC,Myblu,Myblu Intense Tobacco 2.4%,E-liquid Pod,Tobacco,05/01/2025
887969010789,Fontem US LLC,Myblu,Myblu Intense Tobacco 3.6%,E-liquid Pod,Tobacco,05/01/2025
887969009943,Fontem US LLC,Myblu,Myblu Intense Tobacco Chill 2.5%,E-liquid Pod,Tobacco Chill,05/01/2025
887969009967,Fontem US LLC,Myblu,Myblu Intense Tobacco Chill 4.0%,E-liquid Pod,Tobacco Chill,05/01/2025
887969010567,Fontem US LLC,Myblu,Myblu Menthol2.4%,E-liquid Pod,Menthol,05/01/2025
887969008847,Fontem US LLC,Myblu,Myblu Starter Pack Gold Leaf 2.4%,E-liquid Pod,"N/A, Gold Leaf",05/01/2025
859654002010,Fontem US LLC,Blu Disposable,Blu Disposable Classic Tobacco 2.4%,Disposable,Tobacco,05/01/2025
859654002003,Fontem US LLC,Blu Disposable,Blu Disposable Menthol 2.4%,Disposable,Menthol,05/01/2025
887969005297,Fontem US LLC,Blu Disposable,Blu Disposable Vanilla 2.4%,Disposable,Vanilla,05/01/2025
887969007222,Fontem US LLC,Blu Disposable,Blu Disposable Polar Mint 2.4%,Disposable,Polar Mint,05/01/2025
858099003491,Fontem US LLC,Blu Disposable,Blu Disposable Cherry 2.4%,Disposable,Cherry,05/01/2025
887969011298,Fontem US LLC,Blu,Blu Pods Tobacco Ice 4.0%,E-liquid Pod,Tobacco Chill,05/01/2025
887969011281,Fontem US LLC,Blu,Blu Pods Tobacco Ice 2.5%,E-liquid Pod,Tobacco Chill,05/01/2025
887969011328,Fontem US LLC,Blu,Blu Pods Menthol 2.4%,E-liquid Pod,Menthol,05/01/2025
849205022192,R.J. Reynolds Vapor Company,Vuse,Alto 1 Pod Golden Tobacco 2.4%,E-liquid Pod,Tobacco,05/01/2025
849205022222,R.J. Reynolds Vapor Company,Vuse,Alto 1 Pod Golden Tobacco 5%,E-liquid Pod,Tobacco,05/01/2025
849205022109,R.J. Reynolds Vapor Company,Vuse,Alto 1 Pod Menthol 2.4%,E-liquid Pod,Menthol,05/01/2025
849205022130,R.J. Reynolds Vapor Company,Vuse,Alto 1 Pod Menthol 5%,E-liquid Pod,Menthol,05/01/2025
849205032016,R.J. Reynolds Vapor Company,Vuse,Alto Pod Classic Tobacco 1.8%,E-liquid Pod,Tobacco,05/01/2025
849205032078,R.J. Reynolds Vapor Company,Vuse,Alto Pod Classic Tobacco 2.4%,E-liquid Pod,Tobacco,05/01/2025
849205032047,R.J. Reynolds Vapor Company,Vuse,Alto Pod Classic Tobacco 5%,E-liquid Pod,Tobacco,05/01/2025
849205019703,R.J. Reynolds Vapor Company,Vuse,Alto Pod Rich Tobacco 1.8%,E-liquid Pod,Tobacco,05/01/2025
849205017907,R.J. Reynolds Vapor Company,Vuse,Alto Pod Rich Tobacco 2.4%,E-liquid Pod,Tobacco,05/01/2025
819913011580,"Juul Labs, Inc.",Juul,Juul Us Slate Device Kit,Device,N/A,05/01/2025
840048219251,"Juul Labs, Inc.",Juul,Juul Us Onyx Device Kit,Device,N/A,05/01/2025
819913015199,"Juul Labs, Inc.",Juul,Juulpods Virginia Tobacco 5% 1.4ml 2-pack,E-liquid Pod,Virginia Tobacco,05/01/2025
819913011429,"Juul Labs, Inc.",Juul,Juulpods Virginia Tobacco 5% 4-pack,E-liquid Pod,Virginia Tobacco,05/01/2025
819913015151,"Juul Labs, Inc.",Juul,Juulpods Menthol 5.0% 1.4ml 2-pack,E-liquid Pod,Menthol,05/01/2025
819913012594,"Juul Labs, Inc.",Juul,Juulpods Us Menthol 5.0% 4-pack,E-liquid Pod,Menthol,05/01/2025
840048202963,"Juul Labs, Inc.",Juul,Juulpods Us Menthol 3.0% 4-pack,E-liquid Pod,Menthol,05/01/2025
819913011740,"Juul Labs, Inc.",Juul,Juulpods Us Virginia Tobacco 3.0% 4-pack,E-liquid Pod,Virginia Tobacco,05/01/2025
819913014987,"Juul Labs, Inc.",Juul,Juulpods Us Virginia Tobacco 3.0% 1.4ml 2-pack,E-liquid Pod,Virginia Tobacco,05/01/2025
840048218940,"Juul Labs, Inc.",Juul,Juul Us Maroon Device Kit,Device,N/A,05/01/2025
840048219060,"Juul Labs, Inc.",Juul,Juulpods Us Menthol 5.0% 6-pack,E-liquid Pod,Menthol,05/01/2025
840048219053,"Juul Labs, Inc.",Juul,Juulpods Us Virginia Tobacco 5.0% 6-pack,E-liquid Pod,Virginia Tobacco,05/01/2025
840048219602,"Juul Labs, Inc.",Juul,Juulpods Us Menthol 5.0% 1-pack,E-liquid Pod,Menthol,05/01/2025
840048219619,"Juul Labs, Inc.",Juul,Juulpods Us Virginia Tobacco 5.0% 1-pack,E-liquid Pod,Virginia Tobacco,05/01/2025
840048219039,"Juul Labs, Inc.",Juul,Juulpods Virginia Tobacco - 5% Us Special 6-pack,E-liquid Pod,Virginia Tobacco,05/01/2025
840048219046,"Juul Labs, Inc.",Juul,Juulpods Menthol - 5% Us Special 6-pack,E-liquid Pod,Menthol,05/01/2025
840048219077,"Juul Labs, Inc.",Juul,Juulpods Virginia Tobacco - 5% Us Special 8-pack,E-liquid Pod,Virginia Tobacco,05/01/2025
840048219084,"Juul Labs, Inc.",Juul,Juulpods Menthol - 5% Us Special 8-pack,E-liquid Pod,Menthol,05/01/2025
840048219268,"Juul Labs, Inc.",Juul,Juul Device & Juulpods V. Tob. - 5% Special 2-pk,E-liquid Pod,Virginia Tobacco,05/01/2025
840048219275,"Juul Labs, Inc.",Juul,Juul Device & Juulpods Menthol - 5% Special 2-pk,E-liquid Pod,Menthol,05/01/2025
840048220394,"Juul Labs, Inc.",Juul,Juul Device & Juulpods V. Tob. - 5% Special 1-pk,E-liquid Pod,Virginia Tobacco,05/01/2025
840048220387,"Juul Labs, Inc.",Juul,Juul Device & Juulpods Menthol - 5% Special 1-pk,E-liquid Pod,Menthol,05/01/2025
815058022443,Logic Technology Development LLC,Pro Capsules Menthol 20 Mg/ml 2-ct,Logic Pro Menthol E-liquid,E-liquid,Menthol,05/01/2025
815058022320,Logic Technology Development LLC,Power Rechargeable Kit Tobacco 27 Mg/ml,Logic Power Tobacco E-liquid Package & Logic Power,Device,None,05/01/2025
815058022337,Logic Technology Development LLC,Power Rechargeable Kit Menthol 27 Mg/ml,Logic Power Menthol E-liquid Package / Logic Power,Device,Menthol,05/01/2025
815058022344,Logic Technology Development LLC,Power Cartridges Tobacco 27 Mg/ml 2-ct,Logic Power Tobacco E-liquid Package,E-liquid Cartridge,None,05/01/2025
815058022351,Logic Technology Development LLC,Power Cartridges Menthol 27 Mg/ml 2-ct,Logic Power Menthol E-liquid Package,E-liquid Cartridge,Menthol,05/01/2025
849205016283,R.J. Reynolds Vapor Company,Vuse,Alto Pod Rich Tobacco 5%,E-liquid Pod,Tobacco,05/01/2025
849205019765,R.J. Reynolds Vapor Company,Vuse,Alto Pod Golden Tobacco 1.8%,E-liquid Pod,Tobacco,05/01/2025
849205019468,R.J. Reynolds Vapor Company,Vuse,Alto Pod Golden Tobacco 2.4%,E-liquid Pod,Tobacco,05/01/2025
849205019345,R.J. Reynolds Vapor Company,Vuse,Alto Pod Golden Tobacco 5%,E-liquid Pod,Tobacco,05/01/2025
849205019673,R.J. Reynolds Vapor Company,Vuse,Alto Pod Menthol 1.8%,E-liquid Pod,Menthol,05/01/2025
849205019918,R.J. Reynolds Vapor Company,Vuse,Alto Pod Menthol 2.4%,E-liquid Pod,Menthol,05/01/2025
849205016252,R.J. Reynolds Vapor Company,Vuse,Alto Pod Menthol 5%,E-liquid Pod,Menthol,05/01/2025
849205032139,R.J. Reynolds Vapor Company,Vuse,Alto 4 Pod Classic Tobacco 2.4%,E-liquid Pod,Tobacco,05/01/2025
849205032108,R.J. Reynolds Vapor Company,Vuse,Alto 4 Pod Classic Tobacco 5%,E-liquid Pod,Tobacco,05/01/2025
849205023519,R.J. Reynolds Vapor Company,Vuse,Alto 4 Pod Golden Tobacco 2.4%,E-liquid Pod,Tobacco,05/01/2025
849205023540,R.J. Reynolds Vapor Company,Vuse,Alto 4 Pod Golden Tobacco 5%,E-liquid Pod,Tobacco,05/01/2025
849205032481,R.J. Reynolds Vapor Company,Vuse,Alto Menthol All In One Kit 2.4%,E-liquid Pod,Menthol,05/01/2025
849205032429,R.J. Reynolds Vapor Company,Vuse,Alto Pod Aqua Frost Menthol 5%,E-liquid Pod,Menthol,05/01/2025
849205031224,R.J. Reynolds Vapor Company,Vuse,Alto Pod Dusk Glow Tobacco 5%,E-liquid Pod,Tobacco,05/01/2025
849205031255,R.J. Reynolds Vapor Company,Vuse,Alto Pod Golden Spark Tobacco 5%,E-liquid Pod,Tobacco,05/01/2025
849205032573,R.J. Reynolds Vapor Company,Vuse,Alto Pod Aqua Frost Menthol 2.4%,E-liquid Pod,Menthol,05/01/2025
849205032511,R.J. Reynolds Vapor Company,Vuse,Alto Pod Dusk Glow Tobacco 2.4%,E-liquid Pod,Tobacco,05/01/2025
849205032542,R.J. Reynolds Vapor Company,Vuse,Alto Pod Golden Spark Tobacco 2.4%,E-liquid Pod,Tobacco,05/01/2025
849205032450,R.J. Reynolds Vapor Company,Vuse,Alto Pod Aqua Frost Menthol 5% Tasting Kit,E-liquid Pod,Menthol,05/01/2025
849205031347,R.J. Reynolds Vapor Company,Vuse,Alto Golden Spark/dusk Glow Tasting Kit 5%,E-liquid Pod,Tobacco,05/01/2025
849205032634,R.J. Reynolds Vapor Company,Vuse,Alto Pod Aqua Frost Menthol Tasting Kit 2.4%,E-liquid Pod,Menthol,05/01/2025
819913015434,"Juul Labs, Inc.",Juul,Juul Us Silver Device Kit,Device,N/A,05/01/2025
788782962609,MH Global LLc dba Streamline Vape Co. LLC,Bam's Cannoli,Bam's Cannoli Captain,E-liquid,Caramel Cream,05/01/2025
788782962616,MH Global LLc dba Streamline Vape Co. LLC,Bam's Cannoli,Bam's Cannoli Captain,E-liquid,Caramel Cream,05/01/2025
788782965228,MH Global LLc dba Streamline Vape Co. LLC,Juice Head,Juice Head Blueberry Lemon,E-liquid,Blueberry Lemon,05/01/2025
788782965235,MH Global LLc dba Streamline Vape Co. LLC,Juice Head,Juice Head Blueberry Lemon,E-liquid,Blueberry Lemon,05/01/2025
750253727819,MH Global LLc dba Streamline Vape Co. LLC,Juice Head,Juice Head Peach Pear,E-liquid,Peach Pear,05/01/2025
849205023427,R.J. Reynolds Vapor Company,Vuse,Alto 4 Pod Menthol 2.4%,E-liquid Pod,Menthol,05/01/2025
849205023458,R.J. Reynolds Vapor Company,Vuse,Alto 4 Pod Menthol 5%,E-liquid Pod,Menthol,05/01/2025
849205030623,R.J. Reynolds Vapor Company,Vuse,Alto 6 Pod Golden Tobacco 5%,E-liquid Pod,Tobacco,05/01/2025
849205030593,R.J. Reynolds Vapor Company,Vuse,Alto 6 Pod Menthol 5%,E-liquid Pod,Menthol,05/01/2025
849205034010,R.J. Reynolds Vapor Company,Vuse,Alto 6 Pod Golden Tobacco 2.4%,E-liquid Pod,Tobacco,05/01/2025
849205033983,R.J. Reynolds Vapor Company,Vuse,Alto 6 Pod Menthol 2.4%,E-liquid Pod,Menthol,05/01/2025
849205032160,R.J. Reynolds Vapor Company,Vuse,Alto Classic Tobacco All In One Kit 5%,E-liquid Pod,Tobacco,05/01/2025
601956377408,Maduro Distributors Inc dba The Loon,Loon,Loon Air+,Disposable,Mint,05/01/2025
742259842450,Maduro Distributors Inc dba The Loon,Loon,Loon Air+,Disposable,Pineapple Ice,05/01/2025
601956377460,Maduro Distributors Inc dba The Loon,Loon,Loon Air+,Disposable,Strawberry Ice,05/01/2025
742259842474,Maduro Distributors Inc dba The Loon,Loon,Loon Air+,Disposable,Strawberry Watermelon,05/01/2025
601956377422,Maduro Distributors Inc dba The Loon,Loon,Loon Air+,Disposable,Orange (fantasie),05/01/2025
742259842498,Maduro Distributors Inc dba The Loon,Loon,Loon Air+,Disposable,Bad Bull,05/01/2025
601956377385,Maduro Distributors Inc dba The Loon,Loon,Loon Air+,Disposable,Lush Ice,05/01/2025
601956377347,Maduro Distributors Inc dba The Loon,Loon,Loon Air+,Disposable,Berry Lemonade,05/01/2025
601956377446,Maduro Distributors Inc dba The Loon,Loon,Loon Air+,Disposable,Raspberry Blueberry Lemon,05/01/2025
742259842511,Maduro Distributors Inc dba The Loon,Loon,Loon Air+,Disposable,Mango Ice,05/01/2025
601956377361,Maduro Distributors Inc dba The Loon,Loon,Loon Air+,Disposable,Grape,05/01/2025
601956373882,Maduro Distributors Inc dba The Loon,Loon,Loon Air Maxx,Disposable,Frozen Melon,05/01/2025
767461990393,Maduro Distributors Inc dba The Loon,Loon,Loon Air Maxx,Disposable,Kiwi Berry (bowzer Berry),05/01/2025
601956370737,Maduro Distributors Inc dba The Loon,Loon,Loon Air Maxx,Disposable,Blue Raspberry (blue Razz),05/01/2025
601956370836,Maduro Distributors Inc dba The Loon,Loon,Loon Air Maxx,Disposable,Grape,05/01/2025
767461990072,Maduro Distributors Inc dba The Loon,Loon,Tobacco 18,E-liquid Cartridge,Tobacco,05/01/2025
767461990126,Maduro Distributors Inc dba The Loon,Loon,Menthol 18,E-liquid Cartridge,Menthol,05/01/2025
850071163391,Blue Nine LLC,Crossbar,Crossbar E-cigarette Tobacco Rw,Disposable,Tobacco,05/01/2025
850071163377,Blue Nine LLC,Crossbar,Crossbar E-cigarette Tobacco Bs,Disposable,Tobacco,05/01/2025
850071163438,Blue Nine LLC,Crossbar,Crossbar E-cigarette Menthol Mm,Disposable,Menthol,05/01/2025
850071163414,Blue Nine LLC,Crossbar,Crossbar E-cigarette Menthol Br,Disposable,Menthol,05/01/2025
815058022863,Logic Technology Development LLC,Pro Device,Logic Pro Capsule Tank System,Device,None,05/01/2025
815058022436,Logic Technology Development LLC,Pro Capsules Tobacco 20 Mg/ml 2-ct,Logic Pro Tobacco E-liquid,E-liquid,None,05/01/2025
810029043779,Wages & White Lion Investments LLC dba Triton Distribution,Vapetasia,Vapetasia Blueberry Parfait 100ml 3mg,E-liquid,Blueberry & Yogurt,05/29/2025
810029043786,Wages & White Lion Investments LLC dba Triton Distribution,Vapetasia,Vapetasia Blueberry Parfait 100ml 6mg,E-liquid,Blueberry & Yogurt,05/29/2025
810029041393,Wages & White Lion Investments LLC dba Triton Distribution,Vapetasia,Vapetasia Blueberry Parfait 60ml 3mg,E-liquid,Blueberry & Yogurt,05/29/2025
810029041409,Wages & White Lion Investments LLC dba Triton Distribution,Vapetasia,Vapetasia Blueberry Parfait 60ml 6mg,E-liquid,Blueberry & Yogurt,05/29/2025
810029043847,Wages & White Lion Investments LLC dba Triton Distribution,Vapetasia,Vapetasia Blueberry Parfait Salt 30ml 24mg,E-liquid,Blueberry & Yogurt,05/29/2025
810029043854,Wages & White Lion Investments LLC dba Triton Distribution,Vapetasia,Vapetasia Blueberry Parfait Salt 30ml 48mg,E-liquid,Blueberry & Yogurt,05/29/2025
810029043939,Wages & White Lion Investments LLC dba Triton Distribution,Vapetasia,Vapetasia Iced Blackberry Lemonade 100ml 3mg,E-liquid,Menthol Blackberry Lemonade,05/29/2025
810029043946,Wages & White Lion Investments LLC dba Triton Distribution,Vapetasia,Vapetasia Iced Blackberry Lemonade 100ml 6mg,E-liquid,Menthol Blackberry Lemonade,05/29/2025
810029040662,Wages & White Lion Investments LLC dba Triton Distribution,Vapetasia,Vapetasia Killer Kustard Blueberry 100ml 6mg,E-liquid,Blueberry Vanilla Custard,05/29/2025
810029040891,Wages & White Lion Investments LLC dba Triton Distribution,Vapetasia,Vapetasia Killer Kustard Blueberry 60ml 3mg,E-liquid,Blueberry Vanilla Custard,05/29/2025
810029040464,Wages & White Lion Investments LLC dba Triton Distribution,Vapetasia,Vapetasia Killer Kustard Blueberry 60ml 6mg,E-liquid,Blueberry Vanilla Custard,05/29/2025
810029040822,Wages & White Lion Investments LLC dba Triton Distribution,Vapetasia,Vapetasia Killer Kustard Blueberry Salt 30ml 24mg,E-liquid,Blueberry Vanilla Custard,05/29/2025
810029040839,Wages & White Lion Investments LLC dba Triton Distribution,Vapetasia,Vapetasia Killer Kustard Blueberry Salt 30ml 48mg,E-liquid,Blueberry Vanilla Custard,05/29/2025
810029040693,Wages & White Lion Investments LLC dba Triton Distribution,Vapetasia,Vapetasia Killer Kustard Honeydew 100ml 3mg,E-liquid,Vanilla Honeydew Custard,05/29/2025
810029040709,Wages & White Lion Investments LLC dba Triton Distribution,Vapetasia,Vapetasia Killer Kustard Honeydew 100ml 6mg,E-liquid,Vanilla Honeydew Custard,05/29/2025
810029040617,Wages & White Lion Investments LLC dba Triton Distribution,Vapetasia,Vapetasia Killer Kustard 100ml 3mg,E-liquid,Vanilla & Custard,05/29/2025
810029040624,Wages & White Lion Investments LLC dba Triton Distribution,Vapetasia,Vapetasia Killer Kustard 100ml 6mg,E-liquid,Vanilla & Custard,05/29/2025
810029040631,Wages & White Lion Investments LLC dba Triton Distribution,Vapetasia,Vapetasia Killer Kustard 100ml 12mg,E-liquid,Vanilla & Custard,05/29/2025
810029040419,Wages & White Lion Investments LLC dba Triton Distribution,Vapetasia,Vapetasia Killer Kustard 60ml 3mg,E-liquid,Vanilla & Custard,05/29/2025
810029040426,Wages & White Lion Investments LLC dba Triton Distribution,Vapetasia,Vapetasia Killer Kustard 60ml 6mg,E-liquid,Vanilla & Custard,05/29/2025
810029040433,Wages & White Lion Investments LLC dba Triton Distribution,Vapetasia,Vapetasia Killer Kustard 60ml 12mg,E-liquid,Vanilla & Custard,05/29/2025
810029040655,Wages & White Lion Investments LLC dba Triton Distribution,Vapetasia,Vapetasia Killer Kustard Blueberry 100ml 3mg,E-liquid,Blueberry Vanilla Custard,05/29/2025
810029040730,Wages & White Lion Investments LLC dba Triton Distribution,Vapetasia,Vapetasia Killer KustardLemon 100ml 3mg,E-liquid,Vanilla Lemon & Custard,05/29/2025
810029040747,Wages & White Lion Investments LLC dba Triton Distribution,Vapetasia,Vapetasia Killer Kustard Lemon 100ml 6mg,E-liquid,Vanilla Lemon & Custard,05/29/2025
810029040778,Wages & White Lion Investments LLC dba Triton Distribution,Vapetasia,Vapetasia Killer Kustard Strawberry 100ml 3mg,E-liquid,Strawberry Vanilla Custard,05/29/2025
810029040785,Wages & White Lion Investments LLC dba Triton Distribution,Vapetasia,Vapetasia Killer Kustard Strawberry 100ml 6mg,E-liquid,Strawberry Vanilla Custard,05/29/2025
810029044363,Wages & White Lion Investments LLC dba Triton Distribution,Vapetasia,Vapetasia Killer Kustard Salt 30ml 12mg,E-liquid,Vanilla & Custard,05/29/2025
810029040808,Wages & White Lion Investments LLC dba Triton Distribution,Vapetasia,Vapetasia Killer Kustard Salt 30ml 24mg,E-liquid,Vanilla & Custard,05/29/2025
810029040815,Wages & White Lion Investments LLC dba Triton Distribution,Vapetasia,Vapetasia Killer Kustard Salt 30ml 48mg,E-liquid,Vanilla & Custard,05/29/2025
810029040570,Wages & White Lion Investments LLC dba Triton Distribution,Vapetasia,Vapetasia Killer Kustard Strawberry 60ml 3mg,E-liquid,Strawberry Vanilla Custard,05/29/2025
810029040587,Wages & White Lion Investments LLC dba Triton Distribution,Vapetasia,Vapetasia Killer Kustard Strawberry 60ml 6mg,E-liquid,Strawberry Vanilla Custard,05/29/2025
810029044400,Wages & White Lion Investments LLC dba Triton Distribution,Vapetasia,Vapetasia Killer Kustard Strawberry Salt 30ml 12mg,E-liquid,Strawberry Vanilla Custard,05/29/2025
810029040884,Wages & White Lion Investments LLC dba Triton Distribution,Vapetasia,Vapetasia Killer Kustard Strawberry Salt 30ml 24mg,E-liquid,Strawberry Vanilla Custard,05/29/2025
6939986037134,"SV3, LLC",Mi-pod,Mi-pod Pro,Device,N/A,06/24/2025
813613026134,"SV3, LLC",Mi-pod,Mi-pod Pro Replacement Pods,Device,N/A,06/24/2025
810029040891,Wages & White Lion Investments LLC dba Triton Distribution,Vapetasia,Vapetasia Killer Kustard Strawberry Salt 30ml 48mg,E-liquid,Strawberry Vanilla Custard,05/29/2025
810029040174,Wages & White Lion Investments LLC dba Triton Distribution,Vapetasia,Vapetasia Milk Of The Poppy 100ml 3mg,E-liquid,Milk & Strawberry,05/29/2025
810029040181,Wages & White Lion Investments LLC dba Triton Distribution,Vapetasia,Vapetasia Milk Of The Poppy 100ml 6mg,E-liquid,Milk & Strawberry,05/29/2025
810029040198,Wages & White Lion Investments LLC dba Triton Distribution,Vapetasia,Vapetasia Milk Of The Poppy 100ml 12mg,E-liquid,Milk & Strawberry,05/29/2025
810029040013,Wages & White Lion Investments LLC dba Triton Distribution,Vapetasia,Vapetasia Milk Of The Poppy 60ml 3mg,E-liquid,Milk & Strawberry,05/29/2025
850011519219,Wages & White Lion Investments LLC dba Triton Distribution,Jimmy The Juiceman,Jimmy The Juiceman Raspberry French 120ml 6mg,E-liquid,Cream Raspberry Mixedberry,05/29/2025
850011519226,Wages & White Lion Investments LLC dba Triton Distribution,Jimmy The Juiceman,Jimmy The Juiceman Raspberry French 120ml 12mg,E-liquid,Cream Raspberry Mixedberry,05/29/2025
1000703060,Wages & White Lion Investments LLC dba Triton Distribution,Jimmy The Juiceman,Jimmy The Juiceman Raspberry French 60ml 3mg,E-liquid,Cream Raspberry Mixedberry,05/29/2025
810029041447,Wages & White Lion Investments LLC dba Triton Distribution,Vapetasia,Vapetasia Strawberry Parfait 60ml 6mg,E-liquid,Strawberry & Yogurt,05/29/2025
810029043861,Wages & White Lion Investments LLC dba Triton Distribution,Vapetasia,Vapetasia Strawberry Parfait Salt 30ml 24mg,E-liquid,Strawberry & Yogurt,05/29/2025
810029043878,Wages & White Lion Investments LLC dba Triton Distribution,Vapetasia,Vapetasia Strawberry Parfait Salt 30ml 48mg,E-liquid,Strawberry & Yogurt,05/29/2025
900203120,Wages & White Lion Investments LLC dba Triton Distribution,Cold Fusion,Cold Fusion Hiss Tank 120ml 3mg,E-liquid,Raspberry & Dragon Fruit,05/29/2025
900206120,Wages & White Lion Investments LLC dba Triton Distribution,Cold Fusion,Cold Fusion Hiss Tank 120ml 6mg,E-liquid,Raspberry & Dragon Fruit,05/29/2025
900212120,Wages & White Lion Investments LLC dba Triton Distribution,Cold Fusion,Cold Fusion Hiss Tank 120ml 12mg,E-liquid,Raspberry & Dragon Fruit,05/29/2025
900203060,Wages & White Lion Investments LLC dba Triton Distribution,Cold Fusion,Cold Fusion Hiss Tank 60ml 3mg,E-liquid,Raspberry & Dragon Fruit,05/29/2025
900206060,Wages & White Lion Investments LLC dba Triton Distribution,Cold Fusion,Cold Fusion Hiss Tank 60ml 6mg,E-liquid,Raspberry & Dragon Fruit,05/29/2025
900212060,Wages & White Lion Investments LLC dba Triton Distribution,Cold Fusion,Cold Fusion Hiss Tank 60ml 12mg,E-liquid,Raspberry & Dragon Fruit,05/29/2025
860008032560,Wages & White Lion Investments LLC dba Triton Distribution,Suicide Bunny,Suicide Bunny The Ob 120ml 3mg,E-liquid,Sweet Cream & Savorly,05/29/2025
860008032577,Wages & White Lion Investments LLC dba Triton Distribution,Suicide Bunny,Suicide Bunny The Ob 120ml 6mg,E-liquid,Sweet Cream & Savorly,05/29/2025
100912120,Wages & White Lion Investments LLC dba Triton Distribution,Suicide Bunny,Suicide Bunny The Ob 120ml 12mg,E-liquid,Sweet Cream & Savorly,05/29/2025
100915060,Wages & White Lion Investments LLC dba Triton Distribution,Suicide Bunny,Suicide Bunny The Ob 60ml 1.5mg,E-liquid,Sweet Cream & Savorly,05/29/2025
100903060,Wages & White Lion Investments LLC dba Triton Distribution,Suicide Bunny,Suicide Bunny The Ob 60ml 3mg,E-liquid,Sweet Cream & Savorly,05/29/2025
100906060,Wages & White Lion Investments LLC dba Triton Distribution,Suicide Bunny,Suicide Bunny The Ob 60ml 6mg,E-liquid,Sweet Cream & Savorly,05/29/2025
100912060,Wages & White Lion Investments LLC dba Triton Distribution,Suicide Bunny,Suicide Bunny The Ob 60ml 12mg,E-liquid,Sweet Cream & Savorly,05/29/2025
100918060,Wages & White Lion Investments LLC dba Triton Distribution,Suicide Bunny,Suicide Bunny The Ob 60ml 18mg,E-liquid,Sweet Cream & Savorly,05/29/2025
100615120,Wages & White Lion Investments LLC dba Triton Distribution,Suicide Bunny,Suicide Bunny Queen Cake 120ml 1.5mg,E-liquid,Sweet Cream & Pineapple,05/29/2025
810132652103,Breeze Smoke LLC,Breeze Smoke,Breeze Smoke Disposable Pod Ends Tobacco,Disposable,Tobacco,05/13/2025
850037435494,VDX Distro Inc.,Four Seasons,Menthol 60ml 6mg,E-liquid,Menthol,11/04/2025
850037435500,VDX Distro Inc.,Four Seasons,Menthol 60ml 12mg,E-liquid,Menthol,11/04/2025
850037435517,VDX Distro Inc.,Four Seasons,Menthol 60ml 18mg,E-liquid,Menthol,11/04/2025
850037435432,VDX Distro Inc.,Four Seasons,Menthol Tobacco 60ml 3mg,E-liquid,"Menthol, Tobacco",11/04/2025
850037435449,VDX Distro Inc.,Four Seasons,Menthol Tobacco 60ml 6mg,E-liquid,"Menthol, Tobacco",11/04/2025
850037435456,VDX Distro Inc.,Four Seasons,Menthol Tobacco 60ml 12mg,E-liquid,"Menthol, Tobacco",11/04/2025
850037435463,VDX Distro Inc.,Four Seasons,Menthol Tobacco 60ml 18mg,E-liquid,"Menthol, Tobacco",11/04/2025
850011260586,VDX Distro Inc.,Four Seasons,Menthol Tobacco Salt 30ml 30mg,E-liquid,"Menthol, Tobacco",11/04/2025
850011260593,VDX Distro Inc.,Four Seasons,Menthol Tobacco Salt 30ml 50mg,E-liquid,"Menthol, Tobacco",11/04/2025
850037435531,VDX Distro Inc.,Four Seasons,Ry4 Tobacco 60ml 3mg,E-liquid,Tobacco,11/04/2025
850037435548,VDX Distro Inc.,Four Seasons,Ry4 Tobacco 60ml 6mg,E-liquid,Tobacco,11/04/2025
850037435555,VDX Distro Inc.,Four Seasons,Ry4 Tobacco 60ml 12mg,E-liquid,Caramelized Tobacco,11/04/2025
850037435562,VDX Distro Inc.,Four Seasons,Ry4 Tobacco 60ml 18mg,E-liquid,Caramelized Tobacco,11/04/2025
850011260500,VDX Distro Inc.,Four Seasons,Ry4 Tobacco Salt 30ml 30mg,E-liquid,Caramelized Tobacco,11/04/2025
850011260517,VDX Distro Inc.,Four Seasons,Ry4 Tobacco Salt 30ml 50mg,E-liquid,Caramelized Tobacco,11/04/2025
850037435586,VDX Distro Inc.,Four Seasons,Turkish Tobacco 60ml 3mg,E-liquid,Latakia Tobacco,11/04/2025
850037435593,VDX Distro Inc.,Four Seasons,Turkish Tobacco 60ml 6mg,E-liquid,Latakia Tobacco,11/04/2025
850037435609,VDX Distro Inc.,Four Seasons,Turkish Tobacco 60ml 12mg,E-liquid,Latakia Tobacco,11/04/2025
850037435616,VDX Distro Inc.,Four Seasons,Turkish Tobacco 60ml 18mg,E-liquid,Latakia Tobacco,11/04/2025
850022314872,VDX Distro Inc.,Four Seasons,Virginia Tobacco 60ml 12mg,E-liquid,Virginia Tobacco,11/04/2025
810687014838,"NJOY, LLC",Njoy,Njoy Ace Pods Classic Tobacco 2.4% 2ct,E-liquid Pod,Classic Tobacco,06/16/2026
810687014913,"NJOY, LLC",Njoy,Njoy Ace Pods Classic Tobacco 5% 2ct,E-liquid Pod,Classic Tobacco,06/16/2026
819979012200,"NJOY, LLC",Njoy,Njoy Ace Pod Classic Tobacco 5% 1ct,E-liquid Pod,Classic Tobacco,06/16/2026
819979011029,"NJOY, LLC",Njoy,Njoy Ace Pods Rich Tobacco 5% 2ct,E-liquid Pod,Rich Tobacco,06/16/2026
819979012675,"NJOY, LLC",Njoy,All-in-one Kit Device + Classic Tobacco 5% 2-pod,E-liquid Pod,Classic Tobacco,06/16/2026
819979012651,"NJOY, LLC",Njoy,All-in-one Kit Device + Classic Tobacco 5% 1-pod,E-liquid Pod,Classic Tobacco,06/16/2026
819979012699,"NJOY, LLC",Njoy,All-in-one Kit Device + Menthol 5% 2-pod,E-liquid Pod,Menthol,06/16/2026
819979012637,"NJOY, LLC",Njoy,All-in-one Kit Device + Menthol 5% 1-pod,E-liquid Pod,Menthol,06/16/2026
810687014852,"NJOY, LLC",Njoy,Njoy Ace Pods Menthol 2.4% 2ct,E-liquid Pod,Menthol,06/16/2026
810687014937,"NJOY, LLC",Njoy,Njoy Ace Pod Menthol 5% 2ct,E-liquid Pod,Menthol,06/16/2026
819979012248,"NJOY, LLC",Njoy,Njoy Ace Pod Menthol 5% 1ct,E-liquid Pod,Menthol,06/16/2026
810687020860,"NJOY, LLC",Njoy,Njoy Daily Rich Tobacco 4.5%,Disposable,Rich Tobacco,06/16/2026
815368021426,"NJOY, LLC",Njoy,Njoy Daily Extra Rich Tobacco 6%,Disposable,Rich Tobacco,06/16/2026
810687020884,"NJOY, LLC",Njoy,Njoy Daily Menthol 4.5%,Disposable,Menthol,06/16/2026
815368021488,"NJOY, LLC",Njoy,Njoy Daily Extra Menthol 6%,Disposable,Menthol,06/16/2026
860014355684,Wages & White Lion Investments LLC dba Triton Distribution,Cold Fusion,Cold Fusion Hiss Tank 120ml 3mg,E-liquid,Raspberry & Dragon Fruit,
860014355691,Wages & White Lion Investments LLC dba Triton Distribution,Cold Fusion,Cold Fusion Hiss Tank 120ml 6mg,E-liquid,Raspberry & Dragon Fruit,05/19/2026
850083013042,Wages & White Lion Investments LLC dba Triton Distribution,Cold Fusion,Cold Fusion Galil 120ml 3mg,E-liquid,Creme Brulee & Hazelnut,05/26/2026
850083013059,Wages & White Lion Investments LLC dba Triton Distribution,Cold Fusion,Cold Fusion Galil 120ml 6mg,E-liquid,Creme Brulee & Hazelnut,05/26/2026
850083013066,Wages & White Lion Investments LLC dba Triton Distribution,Cold Fusion,Cold Fusion Galil 120ml 12mg,E-liquid,Creme Brulee & Hazelnut,05/26/2026
840048220370,"Juul Labs, Inc.",Juul,Juul Us Sapphire Device Kit,Device,N/A,05/13/2025
850083013219,Wages & White Lion Investments LLC dba Triton Distribution,Suicide Bunny,Suicide Bunny Derailed 60ml 12mg,E-liquid,Bannana Cinnamon & Cookie,05/20/2026
850011519455,Wages & White Lion Investments LLC dba Triton Distribution,Suicide Bunny,Suicide Bunny Madrina 120ml 12mg,E-liquid,Sweet Cream & Melon,05/21/2026
850083013233,Wages & White Lion Investments LLC dba Triton Distribution,Suicide Bunny,Suicide Bunny Madrina 60ml 3mg,E-liquid,Sweet Cream & Melon,05/21/2026
850083013240,Wages & White Lion Investments LLC dba Triton Distribution,Suicide Bunny,Suicide Bunny Madrina 60ml 6mg,E-liquid,Sweet Cream & Melon,05/21/2026
850083013257,Wages & White Lion Investments LLC dba Triton Distribution,Suicide Bunny,Suicide Bunny Madrina 60ml 12mg,E-liquid,Sweet Cream & Melon,05/21/2026
850083013271,Wages & White Lion Investments LLC dba Triton Distribution,Suicide Bunny,Suicide Bunny Mothers Milk 60ml 3mg,E-liquid,Milk & Strawberry,05/21/2026
850083013288,Wages & White Lion Investments LLC dba Triton Distribution,Suicide Bunny,Suicide Bunny Mothers Milk 60ml 6mg,E-liquid,Milk & Strawberry,05/21/2026
850083013295,Wages & White Lion Investments LLC dba Triton Distribution,Suicide Bunny,Suicide Bunny Mothers Milk 60ml 12mg,E-liquid,Milk & Strawberry,05/21/2026
850011519516,Wages & White Lion Investments LLC dba Triton Distribution,Suicide Bunny,Suicide Bunny The Ob 120ml 12mg,E-liquid,Sweet Cream & Savorly,05/21/2026
601956370775,Maduro Distributors Inc dba The Loon,Loon,Loon Air Maxx,Disposable,Frozen Mango,05/15/2025
810029041034,Wages & White Lion Investments LLC dba Triton Distribution,Vapetasia,Vapetasia Blackberry Lemonade 100ml 3mg,E-liquid,Blackberry & Lemonade,05/29/2025
810029041041,Wages & White Lion Investments LLC dba Triton Distribution,Vapetasia,Vapetasia Blackberry Lemonade 100ml 6mg,E-liquid,Blackberry & Lemonade,05/29/2025
810029040914,Wages & White Lion Investments LLC dba Triton Distribution,Vapetasia,Vapetasia Blackberry Lemonade 60ml 3mg,E-liquid,Blackberry & Lemonade,05/29/2025
810029040921,Wages & White Lion Investments LLC dba Triton Distribution,Vapetasia,Vapetasia Blackberry Lemonade 60ml 6mg,E-liquid,Blackberry & Lemonade,05/29/2025
810029041140,Wages & White Lion Investments LLC dba Triton Distribution,Vapetasia,Vapetasia Blackberry Lemonade Salt 30ml 24mg,E-liquid,Blackberry & Lemonade,05/29/2025
810029041157,Wages & White Lion Investments LLC dba Triton Distribution,Vapetasia,Vapetasia Blackberry Lemonade Salt 30ml 48mg,E-liquid,Blackberry & Lemonade,05/29/2025
1000706060,Wages & White Lion Investments LLC dba Triton Distribution,Jimmy The Juiceman,Jimmy The Juiceman Raspberry French 60ml 6mg,E-liquid,Cream Raspberry Mixedberry,05/29/2025
1000712060,Wages & White Lion Investments LLC dba Triton Distribution,Jimmy The Juiceman,Jimmy The Juiceman Raspberry French 60ml 12mg,E-liquid,Cream Raspberry Mixedberry,05/29/2025
1000718060,Wages & White Lion Investments LLC dba Triton Distribution,Jimmy The Juiceman,Jimmy The Juiceman Raspberry French 60ml 18mg,E-liquid,Cream Raspberry Mixedberry,05/29/2025
850011519165,Wages & White Lion Investments LLC dba Triton Distribution,Jimmy The Juiceman,Jimmy The Juiceman Shurb 120ml 3mg,E-liquid,Mixed Citrus & Raspberry,05/29/2025
850011519172,Wages & White Lion Investments LLC dba Triton Distribution,Jimmy The Juiceman,Jimmy The Juiceman Shurb 120ml 6mg,E-liquid,Mixed Citrus & Raspberry,05/29/2025
1001003060,Wages & White Lion Investments LLC dba Triton Distribution,Jimmy The Juiceman,Jimmy The Juiceman Strawberry Astronaut 60ml 3mg,E-liquid,Strawberry & Mixed Berry,05/29/2025
1001006060,Wages & White Lion Investments LLC dba Triton Distribution,Jimmy The Juiceman,Jimmy The Juiceman Strawberry Astronaut 60ml 6mg,E-liquid,Strawberry & Mixed Berry,05/29/2025
1001012060,Wages & White Lion Investments LLC dba Triton Distribution,Jimmy The Juiceman,Jimmy The Juiceman Strawberry Astronaut 60ml 12mg,E-liquid,Strawberry & Mixed Berry,05/29/2025
1001018060,Wages & White Lion Investments LLC dba Triton Distribution,Jimmy The Juiceman,Jimmy The Juiceman Strawberry Astronaut 60ml 18mg,E-liquid,Strawberry & Mixed Berry,05/29/2025
850011519189,Wages & White Lion Investments LLC dba Triton Distribution,Jimmy The Juiceman,Jimmy The Juiceman Shurb 120ml 12mg,E-liquid,Mixed Citrus & Raspberry,05/29/2025
1000803060,Wages & White Lion Investments LLC dba Triton Distribution,Jimmy The Juiceman,Jimmy The Juiceman Shurb 60ml 3mg,E-liquid,Mixed Citrus & Raspberry,05/29/2025
1000806060,Wages & White Lion Investments LLC dba Triton Distribution,Jimmy The Juiceman,Jimmy The Juiceman Shurb 60ml 6mg,E-liquid,Mixed Citrus & Raspberry,05/29/2025
1000812060,Wages & White Lion Investments LLC dba Triton Distribution,Jimmy The Juiceman,Jimmy The Juiceman Shurb 60ml 12mg,E-liquid,Mixed Citrus & Raspberry,05/29/2025
1000818060,Wages & White Lion Investments LLC dba Triton Distribution,Jimmy The Juiceman,Jimmy The Juiceman Shurb 60ml 18mg,E-liquid,Mixed Citrus & Raspberry,05/29/2025
850011519028,Wages & White Lion Investments LLC dba Triton Distribution,Jimmy The Juiceman,Jimmy The Juiceman Strawberry Astronaut 120ml 3mg,E-liquid,Strawberry & Mixed Berry,05/29/2025
850011519134,Wages & White Lion Investments LLC dba Triton Distribution,Jimmy The Juiceman,Jimmy The Juiceman Strawberry Astronaut 120ml 6mg,E-liquid,Strawberry & Mixed Berry,05/29/2025
850011519141,Wages & White Lion Investments LLC dba Triton Distribution,Jimmy The Juiceman,Jimmy The Juiceman Strawberry Astronaut 120ml 12mg,E-liquid,Strawberry & Mixed Berry,05/29/2025
810029040020,Wages & White Lion Investments LLC dba Triton Distribution,Vapetasia,Vapetasia Milk Of The Poppy 60ml 6mg,E-liquid,Milk & Strawberry,05/29/2025
810029040037,Wages & White Lion Investments LLC dba Triton Distribution,Vapetasia,Vapetasia Milk Of The Poppy 60ml 12mg,E-liquid,Milk & Strawberry,05/29/2025
810029044523,Wages & White Lion Investments LLC dba Triton Distribution,Vapetasia,Vapetasia Milk Of The Poppy Salt 30ml 12mg,E-liquid,Milk & Strawberry,05/29/2025
810029044202,Wages & White Lion Investments LLC dba Triton Distribution,Vapetasia,Vapetasia Milk Of The Poppy Salt 30ml 24mg,E-liquid,Milk & Strawberry,05/29/2025
810029044219,Wages & White Lion Investments LLC dba Triton Distribution,Vapetasia,Vapetasia Milk Of The Poppy Salt 30ml 48mg,E-liquid,Milk & Strawberry,05/29/2025
810029040211,Wages & White Lion Investments LLC dba Triton Distribution,Vapetasia,Vapetasia Pineapple Express 100ml 3mg,E-liquid,Pineapple,05/29/2025
810029040228,Wages & White Lion Investments LLC dba Triton Distribution,Vapetasia,Vapetasia Pineapple Express 100ml 6mg,E-liquid,Pineapple,05/29/2025
810029040051,Wages & White Lion Investments LLC dba Triton Distribution,Vapetasia,Vapetasia Pineapple Express 60ml 3mg,E-liquid,Pineapple,05/29/2025
810029040068,Wages & White Lion Investments LLC dba Triton Distribution,Vapetasia,Vapetasia Pineapple Express 60ml 6mg,E-liquid,Pineapple,05/29/2025
810029040341,Wages & White Lion Investments LLC dba Triton Distribution,Vapetasia,Vapetasia Pineapple Express Salt 30ml 24mg,E-liquid,Pineapple,05/29/2025
810029040358,Wages & White Lion Investments LLC dba Triton Distribution,Vapetasia,Vapetasia Pineapple Express Salt 30ml 48mg,E-liquid,Pineapple,05/29/2025
810029041119,Wages & White Lion Investments LLC dba Triton Distribution,Vapetasia,Vapetasia Pink Lemonade 100ml 3mg,E-liquid,Strawberry & Lemonade,05/29/2025
810029041126,Wages & White Lion Investments LLC dba Triton Distribution,Vapetasia,Vapetasia Pink Lemonade 100ml 6mg,E-liquid,Strawberry & Lemonade,05/29/2025
810029040990,Wages & White Lion Investments LLC dba Triton Distribution,Vapetasia,Vapetasia Pink Lemonade 60ml 3mg,E-liquid,Strawberry & Lemonade,05/29/2025
810029041003,Wages & White Lion Investments LLC dba Triton Distribution,Vapetasia,Vapetasia Pink Lemonade 60ml 6mg,E-liquid,Strawberry & Lemonade,05/29/2025
810029041188,Wages & White Lion Investments LLC dba Triton Distribution,Vapetasia,Vapetasia Pink Lemonade Salt 30ml 24mg,E-liquid,Strawberry & Lemonade,05/29/2025
810029041195,Wages & White Lion Investments LLC dba Triton Distribution,Vapetasia,Vapetasia Pink Lemonade Salt 30ml 48mg,E-liquid,Strawberry & Lemonade,05/29/2025
810029040297,Wages & White Lion Investments LLC dba Triton Distribution,Vapetasia,Vapetasia Royalty Ii 100ml 3mg,E-liquid,Tobacco Flavor,05/29/2025
810029040303,Wages & White Lion Investments LLC dba Triton Distribution,Vapetasia,Vapetasia Royalty Ii 100ml 6mg,E-liquid,Tobacco Flavor,05/29/2025
810029040310,Wages & White Lion Investments LLC dba Triton Distribution,Vapetasia,Vapetasia Royalty Ii 100ml 12mg,E-liquid,Tobacco Flavor,05/29/2025
810029040136,Wages & White Lion Investments LLC dba Triton Distribution,Vapetasia,Vapetasia Royalty Ii 60ml 3mg,E-liquid,Tobacco Flavor,05/29/2025
810029040143,Wages & White Lion Investments LLC dba Triton Distribution,Vapetasia,Vapetasia Royalty Ii 60ml 6mg,E-liquid,Tobacco Flavor,05/29/2025
810029040150,Wages & White Lion Investments LLC dba Triton Distribution,Vapetasia,Vapetasia Royalty Ii 60ml 12mg,E-liquid,Tobacco Flavor,05/29/2025
810029044356,Wages & White Lion Investments LLC dba Triton Distribution,Vapetasia,Vapetasia Royalty Ii Salt 30ml 12mg,E-liquid,Tobacco Flavor,05/29/2025
810029040389,Wages & White Lion Investments LLC dba Triton Distribution,Vapetasia,Vapetasia Royalty Ii Salt 30ml 24mg,E-liquid,Tobacco Flavor,05/29/2025
810029040396,Wages & White Lion Investments LLC dba Triton Distribution,Vapetasia,Vapetasia Royalty Ii Salt 30ml 48mg,E-liquid,Tobacco Flavor,05/29/2025
810029040259,Wages & White Lion Investments LLC dba Triton Distribution,Vapetasia,Vapetasia Rainbow Road 100ml 3mg,E-liquid,Fruit Mix,05/29/2025
810029040266,Wages & White Lion Investments LLC dba Triton Distribution,Vapetasia,Vapetasia Rainbow Road 100ml 6mg,E-liquid,Fruit Mix,05/29/2025
810029040099,Wages & White Lion Investments LLC dba Triton Distribution,Vapetasia,Vapetasia Rainbow Road 60ml 3mg,E-liquid,Fruit Mix,05/29/2025
810029040105,Wages & White Lion Investments LLC dba Triton Distribution,Vapetasia,Vapetasia Rainbow Road 60ml 6mg,E-liquid,Fruit Mix,05/29/2025
810029040365,Wages & White Lion Investments LLC dba Triton Distribution,Vapetasia,Vapetasia Rainbow Road Salt 30ml 24mg,E-liquid,Fruit Mix,05/29/2025
810029040372,Wages & White Lion Investments LLC dba Triton Distribution,Vapetasia,Vapetasia Rainbow Road Salt 30ml 48mg,E-liquid,Fruit Mix,05/29/2025
810029043816,Wages & White Lion Investments LLC dba Triton Distribution,Vapetasia,Vapetasia Strawberry Parfait 100ml 3mg,E-liquid,Strawberry & Yogurt,05/29/2025
810029043823,Wages & White Lion Investments LLC dba Triton Distribution,Vapetasia,Vapetasia Strawberry Parfait 100ml 6mg,E-liquid,Strawberry & Yogurt,05/29/2025
810029041430,Wages & White Lion Investments LLC dba Triton Distribution,Vapetasia,Vapetasia Strawberry Parfait 60ml 3mg,E-liquid,Strawberry & Yogurt,05/29/2025
900218060,Wages & White Lion Investments LLC dba Triton Distribution,Cold Fusion,Cold Fusion Hiss Tank 60ml 18mg,E-liquid,Raspberry & Dragon Fruit,05/29/2025
850011519288,Wages & White Lion Investments LLC dba Triton Distribution,Jimmy The Juiceman,Jimmy The Juiceman Creme Brulee 120ml 3mg,E-liquid,Sweet Cream & Sugar,05/29/2025
850011519295,Wages & White Lion Investments LLC dba Triton Distribution,Jimmy The Juiceman,Jimmy The Juiceman Creme Brulee 120ml 6mg,E-liquid,Sweet Cream & Sugar,05/29/2025
850011519301,Wages & White Lion Investments LLC dba Triton Distribution,Jimmy The Juiceman,Jimmy The Juiceman Creme Brulee 120ml 12mg,E-liquid,Sweet Cream & Sugar,05/29/2025
1000300060,Wages & White Lion Investments LLC dba Triton Distribution,Jimmy The Juiceman,Jimmy The Juiceman Creme Brulee 60ml 0mg,E-liquid,Sweet Cream & Sugar,05/29/2025
1000303060,Wages & White Lion Investments LLC dba Triton Distribution,Jimmy The Juiceman,Jimmy The Juiceman Creme Brulee 60ml 3mg,E-liquid,Sweet Cream & Sugar,05/29/2025
1000306060,Wages & White Lion Investments LLC dba Triton Distribution,Jimmy The Juiceman,Jimmy The Juiceman Creme Brulee 60ml 6mg,E-liquid,Sweet Cream & Sugar,05/29/2025
1000312060,Wages & White Lion Investments LLC dba Triton Distribution,Jimmy The Juiceman,Jimmy The Juiceman Creme Brulee 60ml 12mg,E-liquid,Sweet Cream & Sugar,05/29/2025
1000318060,Wages & White Lion Investments LLC dba Triton Distribution,Jimmy The Juiceman,Jimmy The Juiceman Creme Brulee 60ml 18mg,E-liquid,Sweet Cream & Sugar,05/29/2025
850011519240,Wages & White Lion Investments LLC dba Triton Distribution,Jimmy The Juiceman,Jimmy The Juiceman Peachy Strawberry 120ml 3mg,E-liquid,Peach Strawberry Mix Fruit,05/29/2025
850011519257,Wages & White Lion Investments LLC dba Triton Distribution,Jimmy The Juiceman,Jimmy The Juiceman Peachy Strawberry 120ml 6mg,E-liquid,Peach Strawberry Mix Fruit,05/29/2025
850011519264,Wages & White Lion Investments LLC dba Triton Distribution,Jimmy The Juiceman,Jimmy The Juiceman Peachy Strawberry 120ml 12mg,E-liquid,Peach Strawberry Mix Fruit,05/29/2025
1000603060,Wages & White Lion Investments LLC dba Triton Distribution,Jimmy The Juiceman,Jimmy The Juiceman Peachy Strawberry 60ml 3mg,E-liquid,Peach Strawberry Mix Fruit,05/29/2025
1000606060,Wages & White Lion Investments LLC dba Triton Distribution,Jimmy The Juiceman,Jimmy The Juiceman Peachy Strawberry 60ml 6mg,E-liquid,Peach Strawberry Mix Fruit,05/29/2025
1000612060,Wages & White Lion Investments LLC dba Triton Distribution,Jimmy The Juiceman,Jimmy The Juiceman Peachy Strawberry 60ml 12mg,E-liquid,Peach Strawberry Mix Fruit,05/29/2025
1000618060,Wages & White Lion Investments LLC dba Triton Distribution,Jimmy The Juiceman,Jimmy The Juiceman Peachy Strawberry 60ml 18mg,E-liquid,Peach Strawberry Mix Fruit,05/29/2025
850011519202,Wages & White Lion Investments LLC dba Triton Distribution,Jimmy The Juiceman,Jimmy The Juiceman Raspberry French 120ml 3mg,E-liquid,Cream Raspberry Mixed Berry,05/29/2025
100103120,Wages & White Lion Investments LLC dba Triton Distribution,Suicide Bunny,Suicide Bunny Bunny Season 120ml 3mg,E-liquid,Lime & Cookie,05/29/2025
100106120,Wages & White Lion Investments LLC dba Triton Distribution,Suicide Bunny,Suicide Bunny Bunny Season 120ml 6mg,E-liquid,Lime & Cookie,05/29/2025
100103060,Wages & White Lion Investments LLC dba Triton Distribution,Suicide Bunny,Suicide Bunny Bunny Season 60ml 3mg,E-liquid,Lime & Cookie,05/29/2025
100106060,Wages & White Lion Investments LLC dba Triton Distribution,Suicide Bunny,Suicide Bunny Bunny Season 60ml 6mg,E-liquid,Lime & Cookie,05/29/2025
100215120,Wages & White Lion Investments LLC dba Triton Distribution,Suicide Bunny,Suicide Bunny Derailed 120ml 1.5mg,E-liquid,Bannana Cinnamon & Cookie,05/29/2025
850011519837,Wages & White Lion Investments LLC dba Triton Distribution,Suicide Bunny,Suicide Bunny Derailed 120ml 3mg,E-liquid,Bannana Cinnamon & Cookie,05/29/2025
850011519844,Wages & White Lion Investments LLC dba Triton Distribution,Suicide Bunny,Suicide Bunny Derailed 120ml 6mg,E-liquid,Bannana Cinnamon & Cookie,05/29/2025
100212120,Wages & White Lion Investments LLC dba Triton Distribution,Suicide Bunny,Suicide Bunny Derailed 120ml 12mg,E-liquid,Bannana Cinnamon & Cookie,05/29/2025
100215060,Wages & White Lion Investments LLC dba Triton Distribution,Suicide Bunny,Suicide Bunny Derailed 60ml 1.5mg,E-liquid,Bannana Cinnamon & Cookie,05/29/2025
100203060,Wages & White Lion Investments LLC dba Triton Distribution,Suicide Bunny,Suicide Bunny Derailed 60ml 3mg,E-liquid,Bannana Cinnamon & Cookie,05/29/2025
100206060,Wages & White Lion Investments LLC dba Triton Distribution,Suicide Bunny,Suicide Bunny Derailed 60ml 6mg,E-liquid,Bannana Cinnamon & Cookie,05/29/2025
100212060,Wages & White Lion Investments LLC dba Triton Distribution,Suicide Bunny,Suicide Bunny Derailed 60ml 12mg,E-liquid,Bannana Cinnamon & Cookie,05/29/2025
100218060,Wages & White Lion Investments LLC dba Triton Distribution,Suicide Bunny,Suicide Bunny Derailed 60ml 18mg,E-liquid,Bannana Cinnamon & Cookie,05/29/2025
100315120,Wages & White Lion Investments LLC dba Triton Distribution,Suicide Bunny,Suicide Bunny Madrina 120ml 1.5mg,E-liquid,Sweet Cream & Melon,05/29/2025
860008032584,Wages & White Lion Investments LLC dba Triton Distribution,Suicide Bunny,Suicide Bunny Madrina 120ml 3mg,E-liquid,Sweet Cream & Melon,05/29/2025
860008032539,Wages & White Lion Investments LLC dba Triton Distribution,Suicide Bunny,Suicide Bunny Mothers Milk And Cookies 120ml 6mg,E-liquid,Sweet Cream Milk & Cookie,05/29/2025
100503060,Wages & White Lion Investments LLC dba Triton Distribution,Suicide Bunny,Suicide Bunny Mothers Milk And Cookies 60ml 3mg,E-liquid,Sweet Cream Milk & Cookie,05/29/2025
100506060,Wages & White Lion Investments LLC dba Triton Distribution,Suicide Bunny,Suicide Bunny Mothers Milk And Cookies 60ml 6mg,E-liquid,Sweet Cream Milk & Cookie,05/29/2025
100415120,Wages & White Lion Investments LLC dba Triton Distribution,Suicide Bunny,Suicide Bunny Mothers Milk 120ml 1.5mg,E-liquid,Milk & Strawberry,05/29/2025
860008032508,Wages & White Lion Investments LLC dba Triton Distribution,Suicide Bunny,Suicide Bunny Mothers Milk 120ml 3mg,E-liquid,Milk & Strawberry,05/29/2025
860008032515,Wages & White Lion Investments LLC dba Triton Distribution,Suicide Bunny,Suicide Bunny Mothers Milk 120ml 6mg,E-liquid,Milk & Strawberry,05/29/2025
100412120,Wages & White Lion Investments LLC dba Triton Distribution,Suicide Bunny,Suicide Bunny Mothers Milk 120ml 12mg,E-liquid,Milk & Strawberry,05/29/2025
860008032591,Wages & White Lion Investments LLC dba Triton Distribution,Suicide Bunny,Suicide Bunny Madrina 120ml 6mg,E-liquid,Sweet Cream & Melon,05/29/2025
100312120,Wages & White Lion Investments LLC dba Triton Distribution,Suicide Bunny,Suicide Bunny Madrina 120ml 12mg,E-liquid,Sweet Cream & Melon,05/29/2025
100315060,Wages & White Lion Investments LLC dba Triton Distribution,Suicide Bunny,Suicide Bunny Madrina 60ml 1.5mg,E-liquid,Sweet Cream & Melon,05/29/2025
100303060,Wages & White Lion Investments LLC dba Triton Distribution,Suicide Bunny,Suicide Bunny Madrina 60ml 3mg,E-liquid,Sweet Cream & Melon,05/29/2025
100306060,Wages & White Lion Investments LLC dba Triton Distribution,Suicide Bunny,Suicide Bunny Madrina 60ml 6mg,E-liquid,Sweet Cream & Melon,05/29/2025
100312060,Wages & White Lion Investments LLC dba Triton Distribution,Suicide Bunny,Suicide Bunny Madrina 60ml 12mg,E-liquid,Sweet Cream & Melon,05/29/2025
100318060,Wages & White Lion Investments LLC dba Triton Distribution,Suicide Bunny,Suicide Bunny Madrina 60ml 18mg,E-liquid,Sweet Cream & Melon,05/29/2025
860008032522,Wages & White Lion Investments LLC dba Triton Distribution,Suicide Bunny,Suicide Bunny Mothers Milk And Cookies 120ml 3mg,E-liquid,Sweet Cream Milk & Cookie,05/29/2025
100415060,Wages & White Lion Investments LLC dba Triton Distribution,Suicide Bunny,Suicide Bunny Mothers Milk 60ml 1.5mg,E-liquid,Milk & Strawberry,05/29/2025
100403060,Wages & White Lion Investments LLC dba Triton Distribution,Suicide Bunny,Suicide Bunny Mothers Milk 60ml 3mg,E-liquid,Milk & Strawberry,05/29/2025
100406060,Wages & White Lion Investments LLC dba Triton Distribution,Suicide Bunny,Suicide Bunny Mothers Milk 60ml 6mg,E-liquid,Milk & Strawberry,05/29/2025
100412060,Wages & White Lion Investments LLC dba Triton Distribution,Suicide Bunny,Suicide Bunny Mothers Milk 60ml 12mg,E-liquid,Milk & Strawberry,05/29/2025
100418060,Wages & White Lion Investments LLC dba Triton Distribution,Suicide Bunny,Suicide Bunny Mothers Milk 60ml 18mg,E-liquid,Milk & Strawberry,05/29/2025
100915120,Wages & White Lion Investments LLC dba Triton Distribution,Suicide Bunny,Suicide Bunny The Ob 120ml 1.5mg,E-liquid,Sweet Cream & Savorly,05/29/2025
100603120,Wages & White Lion Investments LLC dba Triton Distribution,Suicide Bunny,Suicide Bunny Queen Cake 120ml 3mg,E-liquid,Sweet Cream & Pineapple,05/29/2025
100606120,Wages & White Lion Investments LLC dba Triton Distribution,Suicide Bunny,Suicide Bunny Queen Cake 120ml 6mg,E-liquid,Sweet Cream & Pineapple,05/29/2025
100612120,Wages & White Lion Investments LLC dba Triton Distribution,Suicide Bunny,Suicide Bunny Queen Cake 120ml 12mg,E-liquid,Sweet Cream & Pineapple,05/29/2025
100615060,Wages & White Lion Investments LLC dba Triton Distribution,Suicide Bunny,Suicide Bunny Queen Cake 60ml 1.5mg,E-liquid,Sweet Cream & Pineapple,05/29/2025
100603060,Wages & White Lion Investments LLC dba Triton Distribution,Suicide Bunny,Suicide Bunny Queen Cake 60ml 3mg,E-liquid,Sweet Cream & Pineapple,05/29/2025
100606060,Wages & White Lion Investments LLC dba Triton Distribution,Suicide Bunny,Suicide Bunny Queen Cake 60ml 6mg,E-liquid,Sweet Cream & Pineapple,05/29/2025
100612060,Wages & White Lion Investments LLC dba Triton Distribution,Suicide Bunny,Suicide Bunny Queen Cake 60ml 12mg,E-liquid,Sweet Cream & Pineapple,05/29/2025
100618060,Wages & White Lion Investments LLC dba Triton Distribution,Suicide Bunny,Suicide Bunny Queen Cake 60ml 18mg,E-liquid,Sweet Cream & Pineapple,05/29/2025
100815120,Wages & White Lion Investments LLC dba Triton Distribution,Suicide Bunny,Suicide Bunny Sucker Punch 120ml 1.5mg,E-liquid,Sweet Cream Mixed Fruit Drago,05/29/2025
860008032546,Wages & White Lion Investments LLC dba Triton Distribution,Suicide Bunny,Suicide Bunny Sucker Punch 120ml 3mg,E-liquid,Sweet Cream Mixed Fruit Drago,05/29/2025
860008032553,Wages & White Lion Investments LLC dba Triton Distribution,Suicide Bunny,Suicide Bunny Sucker Punch 120ml 6mg,E-liquid,Sweet Cream Mixed Fruit Drago,05/29/2025
100812120,Wages & White Lion Investments LLC dba Triton Distribution,Suicide Bunny,Suicide Bunny Sucker Punch 120ml 12mg,E-liquid,Sweet Cream Mixed Fruit Drago,05/29/2025
100815060,Wages & White Lion Investments LLC dba Triton Distribution,Suicide Bunny,Suicide Bunny Sucker Punch 60ml 1.5mg,E-liquid,Sweet Cream Mixed Fruit Drago,05/29/2025
100803060,Wages & White Lion Investments LLC dba Triton Distribution,Suicide Bunny,Suicide Bunny Sucker Punch 60ml 3mg,E-liquid,Sweet Cream Mixed Fruit Drago,05/29/2025
100806060,Wages & White Lion Investments LLC dba Triton Distribution,Suicide Bunny,Suicide Bunny Sucker Punch 60ml 6mg,E-liquid,Sweet Cream Mixed Fruit Drago,05/29/2025
100812060,Wages & White Lion Investments LLC dba Triton Distribution,Suicide Bunny,Suicide Bunny Sucker Punch 60ml 12mg,E-liquid,Sweet Cream Mixed Fruit Drago,05/29/2025
100818060,Wages & White Lion Investments LLC dba Triton Distribution,Suicide Bunny,Suicide Bunny Sucker Punch 60ml 18mg,E-liquid,Sweet Cream Mixed Fruit Drago,05/29/2025
101015120,Wages & White Lion Investments LLC dba Triton Distribution,Suicide Bunny,Suicide Bunny Wanderlust 120ml 1.5mg,E-liquid,Sweet Cream & Vanilla,05/29/2025
101003120,Wages & White Lion Investments LLC dba Triton Distribution,Suicide Bunny,Suicide Bunny Wanderlust 120ml 3mg,E-liquid,Sweet Cream & Vanilla,05/29/2025
101006120,Wages & White Lion Investments LLC dba Triton Distribution,Suicide Bunny,Suicide Bunny Wanderlust 120ml 6mg,E-liquid,Sweet Cream & Vanilla,05/29/2025
101012120,Wages & White Lion Investments LLC dba Triton Distribution,Suicide Bunny,Suicide Bunny Wanderlust 120ml 12mg,E-liquid,Sweet Cream & Vanilla,05/29/2025
101015060,Wages & White Lion Investments LLC dba Triton Distribution,Suicide Bunny,Suicide Bunny Wanderlust 60ml 1.5mg,E-liquid,Sweet Cream & Vanilla,05/29/2025
101003060,Wages & White Lion Investments LLC dba Triton Distribution,Suicide Bunny,Suicide Bunny Wanderlust 60ml 3mg,E-liquid,Sweet Cream & Vanilla,05/29/2025
101006060,Wages & White Lion Investments LLC dba Triton Distribution,Suicide Bunny,Suicide Bunny Wanderlust 60ml 6mg,E-liquid,Sweet Cream & Vanilla,05/29/2025
100812060,Wages & White Lion Investments LLC dba Triton Distribution,Suicide Bunny,Suicide Bunny Wanderlust 60ml 12mg,E-liquid,Sweet Cream & Vanilla,05/29/2025
101018060,Wages & White Lion Investments LLC dba Triton Distribution,Suicide Bunny,Suicide Bunny Wanderlust 60ml 18mg,E-liquid,Sweet Cream & Vanilla,05/29/2025
810029044202,Wages & White Lion Investments LLC dba Triton Distribution,Vapetasia,Vapetasia Iced Milk Of The Poppy Salt 30ml 24mg,E-liquid,Menthol Milk & Strawberry,05/29/2025
810029044219,Wages & White Lion Investments LLC dba Triton Distribution,Vapetasia,Vapetasia Iced Milk Of The Poppy Salt 30ml 48mg,E-liquid,Menthol Milk & Strawberry,05/29/2025
810029044059,Wages & White Lion Investments LLC dba Triton Distribution,Vapetasia,Vapetasia Iced Pineapple Express 100ml 3mg,E-liquid,Menthol Pineapple Lemonade,05/29/2025
810029044066,Wages & White Lion Investments LLC dba Triton Distribution,Vapetasia,Vapetasia Iced Pineapple Express 100ml 6mg,E-liquid,Menthol Pineapple Lemonade,05/29/2025
810029043175,Wages & White Lion Investments LLC dba Triton Distribution,Vapetasia,Vapetasia Iced Pineapple Express 60ml 3mg,E-liquid,Menthol Pineapple Lemonade,05/29/2025
810029043182,Wages & White Lion Investments LLC dba Triton Distribution,Vapetasia,Vapetasia Iced Pineapple Express 60ml 6mg,E-liquid,Menthol Pineapple Lemonade,05/29/2025
810029044189,Wages & White Lion Investments LLC dba Triton Distribution,Vapetasia,Vapetasia Iced Pineapple Express Salt 30ml 24mg,E-liquid,Menthol Pineapple Lemonade,05/29/2025
810029044196,Wages & White Lion Investments LLC dba Triton Distribution,Vapetasia,Vapetasia Iced Pineapple Express Salt 30ml 48mg,E-liquid,Menthol Pineapple Lemonade,05/29/2025
810029043052,Wages & White Lion Investments LLC dba Triton Distribution,Vapetasia,Vapetasia Iced Blackberry Lemonade 60ml 3mg,E-liquid,Menthol Blackberry Lemonade,05/29/2025
810029043069,Wages & White Lion Investments LLC dba Triton Distribution,Vapetasia,Vapetasia Iced Blackberry Lemonade 60ml 6mg,E-liquid,Menthol Blackberry Lemonade,05/29/2025
810029044127,Wages & White Lion Investments LLC dba Triton Distribution,Vapetasia,Vapetasia Iced Blackberry Lemonade Salt 30ml 24mg,E-liquid,Menthol Blackberry Lemonade,05/29/2025
810029044134,Wages & White Lion Investments LLC dba Triton Distribution,Vapetasia,Vapetasia Iced Blackberry Lemonade Salt 30ml 48mg,E-liquid,Menthol Blackberry Lemonade,05/29/2025
810029044097,Wages & White Lion Investments LLC dba Triton Distribution,Vapetasia,Vapetasia Iced Milk Of The Poppy 100ml 3mg,E-liquid,Menthol Milk & Strawberry,05/29/2025
810029044103,Wages & White Lion Investments LLC dba Triton Distribution,Vapetasia,Vapetasia Iced Milk Of The Poppy 100ml 6mg,E-liquid,Menthol Milk & Strawberry,05/29/2025
810029043212,Wages & White Lion Investments LLC dba Triton Distribution,Vapetasia,Vapetasia Iced Milk Of The Poppy 60ml 3mg,E-liquid,Menthol Milk & Strawberry,05/29/2025
810029043229,Wages & White Lion Investments LLC dba Triton Distribution,Vapetasia,Vapetasia Iced Milk Of The Poppy 60ml 6mg,E-liquid,Menthol Milk & Strawberry,05/29/2025
900212120,Wages & White Lion Investments LLC dba Triton Distribution,Cold Fusion,Cold Fusion Hiss Tank 120ml 12mg,E-liquid,Raspberry & Dragon Fruit,05/29/2025
850083013356,Wages & White Lion Investments LLC dba Triton Distribution,Suicide Bunny,Suicide Bunny The Ob 60ml 3mg,E-liquid,Sweet Cream & Savorly,05/21/2026
850083013363,Wages & White Lion Investments LLC dba Triton Distribution,Suicide Bunny,Suicide Bunny The Ob 60ml 6mg,E-liquid,Sweet Cream & Savorly,05/21/2026
850083013370,Wages & White Lion Investments LLC dba Triton Distribution,Suicide Bunny,Suicide Bunny The Ob 60ml 12mg,E-liquid,Sweet Cream & Savorly,05/21/2026
101012060,Wages & White Lion Investments LLC dba Triton Distribution,Suicide Bunny,Suicide Bunny Wanderlust 60ml 12mg,E-liquid,Sweet Cream & Vanilla,05/21/2026
1200115120,Wages & White Lion Investments LLC dba Triton Distribution,Suicide Bunny,Kings Crown Bound By The Crown 120ml 1.5mg,E-liquid,Sweet Custard Mixed Fruit,05/26/2026
1200103120,Wages & White Lion Investments LLC dba Triton Distribution,Suicide Bunny,Kings Crown Bound By The Crown 120ml 3mg,E-liquid,Sweet Custard Mixed Fruit,05/26/2026
1200106120,Wages & White Lion Investments LLC dba Triton Distribution,Suicide Bunny,Kings Crown Bound By The Crown 120ml 6mg,E-liquid,Sweet Custard Mixed Fruit,05/26/2026
1200112120,Wages & White Lion Investments LLC dba Triton Distribution,Suicide Bunny,Kings Crown Bound By The Crown 120ml 12mg,E-liquid,Sweet Custard Mixed Fruit,05/26/2026
850011260425,VDX Distro Inc.,Four Seasons,Menthol Salt 30ml 30mg,E-liquid,Menthol,07/02/2025
850011260432,VDX Distro Inc.,Four Seasons,Menthol Salt 30ml 50mg,E-liquid,Menthol,07/02/2025
850025076203,Shenzen Yibo Technology Co. Ltd.,Z Stick,Z Stick Clear 5%,Disposable,Clear,08/14/2025
850011260265,VDX Distro Inc.,Four Seasons,American Tobacco Salt 30ml 30mg,E-liquid,Tobacco,07/02/2025
850011260272,VDX Distro Inc.,Four Seasons,American Tobacco Salt 30ml 30mg,E-liquid,Tobacco,07/02/2025
850011260340,VDX Distro Inc.,Four Seasons,Desert Tobacco Salt 30ml 30mg,E-liquid,Tobacco,07/02/2025
850011260357,VDX Distro Inc.,Four Seasons,Desert Tobacco Salt 30ml 50mg,E-liquid,Tobacco,07/02/2025
850011260661,VDX Distro Inc.,Four Seasons,Turkish Tobacco Salt 30ml 30mg,E-liquid,Latakia Tobacco,07/02/2025
850011260678,VDX Distro Inc.,Four Seasons,Turkish Tobacco Salt 30ml 50mg,E-liquid,Latakia Tobacco,07/02/2025
850022314858,VDX Distro Inc.,Four Seasons,Virginia Tobacco 60ml 3mg,E-liquid,Virginia Tobacco,07/02/2025
850022314865,VDX Distro Inc.,Four Seasons,Virginia Tobacco 60ml 6mg,E-liquid,Virginia Tobacco,07/02/2025
850022314889,VDX Distro Inc.,Four Seasons,Virginia Tobacco 60ml 18mg,E-liquid,Virginia Tobacco,07/02/2025
850022314896,VDX Distro Inc.,Four Seasons,Virginia Tobacco Salt 30ml 30mg,E-liquid,Virginia Tobacco,07/02/2025
850022314919,VDX Distro Inc.,Four Seasons,Virginia Tobacco Salt 50ml 30mg,E-liquid,Virginia Tobacco,07/02/2025
600176051853,Coastal Clouds LLC,Coastal Clouds,Apple Peach Strawberry 3mg 60ml,E-liquid,"Apple, Peach, Strawberry",07/01/2025
600176051860,Coastal Clouds LLC,Coastal Clouds,Apple Peach Strawberry 6mg 60ml,E-liquid,"Apple, Peach, Strawberry",07/01/2025
600176052218,Coastal Clouds LLC,Coastal Clouds,Blood Orange Mango 3mg 60ml,E-liquid,"Blood Orange, Mango, Lemon",07/01/2025
600176052225,Coastal Clouds LLC,Coastal Clouds,Blood Orange Mango 6mg 60ml,E-liquid,"Blood Orange, Mango, Lemon",07/01/2025
600176051785,Coastal Clouds LLC,Coastal Clouds,Blueberry Banana 3mg 60ml,E-liquid,"Blueberry, Banana, Bakery",07/01/2025
600176051808,Coastal Clouds LLC,Coastal Clouds,Blueberry Banana 6mg 60ml,E-liquid,"Blueberry, Banana, Bakery",07/01/2025
600176052126,Coastal Clouds LLC,Coastal Clouds,Blueberry Limeade 3mg 60ml,E-liquid,"Blueberry, Lemon, Lime",07/01/2025
600176052133,Coastal Clouds LLC,Coastal Clouds,Blueberry Limeade 6mg 60ml,E-liquid,"Blueberry, Lemon, Lime",07/01/2025
600176052997,Coastal Clouds LLC,Coastal Clouds,Citrus Peach 3mg 60ml,E-liquid,"Peach, Apple, Citrus",07/01/2025
600176053000,Coastal Clouds LLC,Coastal Clouds,Citrus Peach 6mg 60ml,E-liquid,"Peach, Apple, Citrus",07/01/2025
600176051884,Coastal Clouds LLC,Coastal Clouds,Iced Apple Peach Strawberry 3mg 60ml,E-liquid,"Apple, Peach, Strawberry,",07/01/2025
600176051891,Coastal Clouds LLC,Coastal Clouds,Iced Apple Peach Strawberry 6mg 60ml,E-liquid,"Apple, Peach, Strawberry,",07/01/2025
684417989440,Coastal Clouds LLC,Coastal Clouds,Iced Blood Orange Mango 3mg 60ml,E-liquid,"Blood Orange, Mango, Lemon",07/01/2025
684417989457,Coastal Clouds LLC,Coastal Clouds,Iced Blood Orange Mango 6mg 60ml,E-liquid,"Blood Orange, Mango, Lemon",07/01/2025
684417989471,Coastal Clouds LLC,Coastal Clouds,Iced Grape Berries 3mg 60ml,E-liquid,"Grape, Berry, Menthol",07/01/2025
684417989488,Coastal Clouds LLC,Coastal Clouds,Iced Grape Berries 6mg 60ml,E-liquid,"Grape, Berry, Menthol",07/01/2025
600176051679,Coastal Clouds LLC,Coastal Clouds,Iced Mango Berries 3mg 60ml,E-liquid,"Mango, Strawberry, Kiwi,",07/01/2025
600176051686,Coastal Clouds LLC,Coastal Clouds,Iced Mango Berries 6mg 60ml,E-liquid,"Mango, Strawberry, Kiwi,",07/01/2025
684417989419,Coastal Clouds LLC,Coastal Clouds,Iced Melon Berries 3mg 60ml,E-liquid,"Watermelon, Cantaloupe, H",07/01/2025
684417989426,Coastal Clouds LLC,Coastal Clouds,Iced Melon Berries 6mg 60ml,E-liquid,"Watermelon, Cantaloupe, H",07/01/2025
600176051945,Coastal Clouds LLC,Coastal Clouds,Iced Passion Fruit Orange Guava 3mg 60ml,E-liquid,"Passion Fruit, Orange, Gu",07/01/2025
600176051952,Coastal Clouds LLC,Coastal Clouds,Iced Passion Fruit Orange Guava 6mg 60ml,E-liquid,"Passion Fruit, Orange, Gu",07/01/2025
600176051716,Coastal Clouds LLC,Coastal Clouds,Lemon Meringue 3mg 60ml,E-liquid,"Lemon, Cream, Bakery",07/01/2025
600176051723,Coastal Clouds LLC,Coastal Clouds,Lemon Meringue 6mg 60ml,E-liquid,"Lemon, Cream, Bakery",07/01/2025
600176051754,Coastal Clouds LLC,Coastal Clouds,Lemon Raspberry 3mg 60ml,E-liquid,"Raspberry, Lemon, Lime",07/01/2025
600176051761,Coastal Clouds LLC,Coastal Clouds,Lemon Raspberry 6mg 60ml,E-liquid,"Raspberry, Lemon, Lime",07/01/2025
600176052812,Coastal Clouds LLC,Coastal Clouds,Mango Berries 3mg 60ml,E-liquid,"Mango, Strawberry, Kiwi,",07/01/2025
600176052904,Coastal Clouds LLC,Coastal Clouds,Mango Berries 6mg 60ml,E-liquid,"Mango, Strawberry, Kiwi,",07/01/2025
600176051792,Coastal Clouds LLC,Coastal Clouds,Maple Butter 3mg 60ml,E-liquid,"Maple, Cream",07/01/2025
600176051730,Coastal Clouds LLC,Coastal Clouds,Maple Butter 6mg 60ml,E-liquid,"Maple, Cream",07/01/2025
684417989501,Coastal Clouds LLC,Coastal Clouds,Melon Berries 3mg 60ml,E-liquid,"Watermelon, Cantaloupe, H",07/01/2025
684417989518,Coastal Clouds LLC,Coastal Clouds,Melon Berries 6mg 60ml,E-liquid,"Watermelon, Cantaloupe, H",07/01/2025
684417990033,Coastal Clouds LLC,Coastal Clouds,Menthol 3mg 60ml,E-liquid,Menthol,07/01/2025
684417990040,Coastal Clouds LLC,Coastal Clouds,Menthol 6mg 60ml,E-liquid,Menthol,07/01/2025
684417990156,Coastal Clouds LLC,Coastal Clouds,Mixed Berries 3mg 60ml,E-liquid,"Boysenberry, Apple, Raspb",07/01/2025
684417990163,Coastal Clouds LLC,Coastal Clouds,Mixed Berries 6mg 60ml,E-liquid,"Boysenberry, Apple, Raspb",07/01/2025
600176051914,Coastal Clouds LLC,Coastal Clouds,Passion Fruit Orange Guava 3mg 60ml,E-liquid,"Passion Fruit, Orange, Gu",07/01/2025
600176051921,Coastal Clouds LLC,Coastal Clouds,Passion Fruit Orange Guava 6mg 60ml,E-liquid,"Passion Fruit, Orange, Gu",07/01/2025
600176052157,Coastal Clouds LLC,Coastal Clouds,Peach Tea 3mg 60ml,E-liquid,"Peach, Tea",07/01/2025
600176052164,Coastal Clouds LLC,Coastal Clouds,Peach Tea 6mg 60ml,E-liquid,"Peach, Tea",07/01/2025
600176051976,Coastal Clouds LLC,Coastal Clouds,Pineapple Guava 3mg 60ml,E-liquid,"Guava, Pineapple, Mango",07/01/2025
600176051983,Coastal Clouds LLC,Coastal Clouds,Pineapple Guava 6mg 60ml,E-liquid,"Guava, Pineapple, Mango",07/01/2025
600176052003,Coastal Clouds LLC,Coastal Clouds,Pink Lemonade 3mg 60ml,E-liquid,"Strawberry, Lemon, Lime",07/01/2025
600176052010,Coastal Clouds LLC,Coastal Clouds,Pink Lemonade 6mg 60ml,E-liquid,"Strawberry, Lemon, Lime",07/01/2025
600176052096,Coastal Clouds LLC,Coastal Clouds,Strawberry Cream 3mg 60ml,E-liquid,"Strawberry, Berry, Cream,",07/01/2025
600176052102,Coastal Clouds LLC,Coastal Clouds,Strawberry Cream 6mg 60ml,E-liquid,"Strawberry, Berry, Cream,",07/01/2025
600176052188,Coastal Clouds LLC,Coastal Clouds,Strawberry Pineapple Coconut 3mg 60ml,E-liquid,"Strawberry, Coconut, Pine",07/01/2025
600176052195,Coastal Clouds LLC,Coastal Clouds,Strawberry Pineapple Coconut 6mg 60ml,E-liquid,"Strawberry, Coconut, Pine",07/01/2025
600176052034,Coastal Clouds LLC,Coastal Clouds,Tobacco 3mg 60ml,E-liquid,Tobacco,07/01/2025
600176052041,Coastal Clouds LLC,Coastal Clouds,Tobacco 6mg 60ml,E-liquid,Tobacco,07/01/2025
684417990187,Coastal Clouds LLC,Coastal Clouds,Tres Leches 3mg 60ml,E-liquid,Tres Leches,07/01/2025
684417990194,Coastal Clouds LLC,Coastal Clouds,Tres Leches 6mg 60ml,E-liquid,Tres Leches,07/01/2025
600176053024,Coastal Clouds LLC,Coastal Clouds,Tropical Lemonade 3mg 60ml,E-liquid,"Papaya, Mango, Lemon, Lime",07/01/2025
600176053031,Coastal Clouds LLC,Coastal Clouds,Tropical Lemonade 6mg 60ml,E-liquid,"Papaya, Mango, Lemon, Lime",07/01/2025
600176052065,Coastal Clouds LLC,Coastal Clouds,Watermelon Cream 3mg 60ml,E-liquid,"Watermelon, Cream",07/01/2025
600176052072,Coastal Clouds LLC,Coastal Clouds,Watermelon Cream 6mg 60ml,E-liquid,"Watermelon, Cream",07/01/2025
600176053291,Coastal Clouds LLC,Coastal Clouds,Apple Peach Strawberry 35mg 30ml,E-liquid,"Apple, Peach, Strawberry",07/01/2025
600176053307,Coastal Clouds LLC,Coastal Clouds,Apple Peach Strawberry 50mg 30ml,E-liquid,"Apple, Peach, Strawberry",07/01/2025
684417989846,Coastal Clouds LLC,Coastal Clouds,Blueberry Limeade 35mg 30ml,E-liquid,"Blueberry, Lemon, Lime",07/01/2025
684417989853,Coastal Clouds LLC,Coastal Clouds,Blueberry Limeade 50mg 30ml,E-liquid,"Blueberry, Lemon, Lime",07/01/2025
684417989761,Coastal Clouds LLC,Coastal Clouds,Chilled Apple Pear 35mg 30ml,E-liquid,"Apple, Pear, Kiwi, Mentho",07/01/2025
684417989778,Coastal Clouds LLC,Coastal Clouds,Chilled Apple Pear 50mg 30ml,E-liquid,"Apple, Pear, Kiwi, Mentho",07/01/2025
600176053352,Coastal Clouds LLC,Coastal Clouds,Citrus Peach 35mg 30ml,E-liquid,"Peach, Apple, Citrus",07/01/2025
600176053369,Coastal Clouds LLC,Coastal Clouds,Citrus Peach 50mg 30ml,E-liquid,"Peach, Apple, Citrus",07/01/2025
684417989808,Coastal Clouds LLC,Coastal Clouds,Iced Mango Berries 35mg 30ml,E-liquid,"Mango, Strawberry, Kiwi,",07/01/2025
684417989815,Coastal Clouds LLC,Coastal Clouds,Iced Mango Berries 50mg 30ml,E-liquid,"Mango, Strawberry, Kiwi,",07/01/2025
600176053314,Coastal Clouds LLC,Coastal Clouds,Mango 35mg 30ml,E-liquid,Mango,07/01/2025
600176053321,Coastal Clouds LLC,Coastal Clouds,Mango 50mg 30ml,E-liquid,Mango,07/01/2025
684417989822,Coastal Clouds LLC,Coastal Clouds,Melon Berries 35mg 30ml,E-liquid,"Watermelon, Cantaloupe, H",07/01/2025
684417989839,Coastal Clouds LLC,Coastal Clouds,Melon Berries 50mg 30ml,E-liquid,"Watermelon, Cantaloupe, H",07/01/2025
600176053338,Coastal Clouds LLC,Coastal Clouds,Menthol 35mg 30ml,E-liquid,Menthol,07/01/2025
600176053345,Coastal Clouds LLC,Coastal Clouds,Menthol 50mg 30ml,E-liquid,Menthol,07/01/2025
600176053390,Coastal Clouds LLC,Coastal Clouds,Tobacco 35mg 30ml,E-liquid,Tobacco,07/01/2025
600176053406,Coastal Clouds LLC,Coastal Clouds,Tobacco 50mg 30ml,E-liquid,Tobacco,07/01/2025
850025076326,Shenzen Yibo Technology Co. Ltd.,Z Stick,Z Stick Mint 5%,Disposable,Mint,07/22/2025
850025076388,Shenzen Yibo Technology Co. Ltd.,Z Stick,Z Stick Menthol 5%,Disposable,Menthol,07/22/2025
850023554963,Shenzen Yibo Technology Co. Ltd.,Z Stick,Z Stick Banana Pineapple 5%,Disposable,Banana Pineapple,07/22/2025
850025076265,Shenzen Yibo Technology Co. Ltd.,Z Stick,Zstick Strawberry Lemonade 5%,Disposable,Strawberry Lemonade,07/22/2025
1200115060,Wages & White Lion Investments LLC dba Triton Distribution,Suicide Bunny,Kings Crown Bound By The Crown 60ml 1.5mg,E-liquid,Sweet Custard Mixed Fruit,05/26/2026
1200103060,Wages & White Lion Investments LLC dba Triton Distribution,Suicide Bunny,Kings Crown Bound By The Crown 60ml 3mg,E-liquid,Sweet Custard Mixed Fruit,05/26/2026
1200106060,Wages & White Lion Investments LLC dba Triton Distribution,Suicide Bunny,Kings Crown Bound By The Crown 60ml 6mg,E-liquid,Sweet Custard Mixed Fruit,05/26/2026
1200112060,Wages & White Lion Investments LLC dba Triton Distribution,Suicide Bunny,Kings Crown Bound By The Crown 60ml 12mg,E-liquid,Sweet Custard Mixed Fruit,05/26/2026
1200118060,Wages & White Lion Investments LLC dba Triton Distribution,Suicide Bunny,Kings Crown Bound By The Crown 60ml 18mg,E-liquid,Sweet Custard Mixed Fruit,05/26/2026
1200215120,Wages & White Lion Investments LLC dba Triton Distribution,Suicide Bunny,Kings Crown Claim Your Throne 120ml 1.5mg,E-liquid,Sweet Cream & Butterscotch,05/26/2026
1200203120,Wages & White Lion Investments LLC dba Triton Distribution,Suicide Bunny,Kings Crown Claim Your Throne 120ml 3mg,E-liquid,Sweet Cream & Butterscotch,05/26/2026
1200206120,Wages & White Lion Investments LLC dba Triton Distribution,Suicide Bunny,Kings Crown Claim Your Throne 120ml 6mg,E-liquid,Sweet Cream & Butterscotch,05/26/2026
1200212120,Wages & White Lion Investments LLC dba Triton Distribution,Suicide Bunny,Kings Crown Claim Your Throne 120ml 12mg,E-liquid,Sweet Cream & Butterscotch,05/26/2026
1200215060,Wages & White Lion Investments LLC dba Triton Distribution,Suicide Bunny,Kings Crown Claim Your Throne 60ml 1.5mg,E-liquid,Sweet Cream & Butterscotch,05/26/2026
1200203060,Wages & White Lion Investments LLC dba Triton Distribution,Suicide Bunny,Kings Crown Claim Your Throne 60ml 3mg,E-liquid,Sweet Cream & Butterscotch,05/26/2026
1200206060,Wages & White Lion Investments LLC dba Triton Distribution,Suicide Bunny,Kings Crown Claim Your Throne 60ml 6mg,E-liquid,Sweet Cream & Butterscotch,05/26/2026
1200212060,Wages & White Lion Investments LLC dba Triton Distribution,Suicide Bunny,Kings Crown Claim Your Throne 60ml 12mg,E-liquid,Sweet Cream & Butterscotch,05/26/2026
1200218060,Wages & White Lion Investments LLC dba Triton Distribution,Suicide Bunny,Kings Crown Claim Your Throne 60ml 18mg,E-liquid,Sweet Cream & Butterscotch,05/26/2026
1200315120,Wages & White Lion Investments LLC dba Triton Distribution,Suicide Bunny,Kings Crown Fight Your Fate 120ml 1.5mg,E-liquid,Lemon & Strawberry,05/26/2026
1200303120,Wages & White Lion Investments LLC dba Triton Distribution,Suicide Bunny,Kings Crown Fight Your Fate 120ml 3mg,E-liquid,Lemon & Strawberry,05/26/2026
1200306120,Wages & White Lion Investments LLC dba Triton Distribution,Suicide Bunny,Kings Crown Fight Your Fate 120ml 6mg,E-liquid,Lemon & Strawberry,05/26/2026
1200312120,Wages & White Lion Investments LLC dba Triton Distribution,Suicide Bunny,Kings Crown Fight Your Fate 120ml 12mg,E-liquid,Lemon & Strawberry,05/26/2026
1200315060,Wages & White Lion Investments LLC dba Triton Distribution,Suicide Bunny,Kings Crown Fight Your Fate 60ml 1.5mg,E-liquid,Lemon & Strawberry,05/26/2026
1200303060,Wages & White Lion Investments LLC dba Triton Distribution,Suicide Bunny,Kings Crown Fight Your Fate 60ml 3mg,E-liquid,Lemon & Strawberry,05/26/2026
1200306060,Wages & White Lion Investments LLC dba Triton Distribution,Suicide Bunny,Kings Crown Fight Your Fate 60ml 6mg,E-liquid,Lemon & Strawberry,05/26/2026
1200312060,Wages & White Lion Investments LLC dba Triton Distribution,Suicide Bunny,Kings Crown Fight Your Fate 60ml 12mg,E-liquid,Lemon & Strawberry,05/26/2026
1200318060,Wages & White Lion Investments LLC dba Triton Distribution,Suicide Bunny,Kings Crown Fight Your Fate 60ml 18mg,E-liquid,Lemon & Strawberry,05/26/2026
1200415120,Wages & White Lion Investments LLC dba Triton Distribution,Suicide Bunny,Kings Crown The King 120ml 1.5mg,E-liquid,Tobacco Flavor,05/26/2026
1200403120,Wages & White Lion Investments LLC dba Triton Distribution,Suicide Bunny,Kings Crown The King 120ml 3mg,E-liquid,Tobacco Flavor,05/26/2026
1200406120,Wages & White Lion Investments LLC dba Triton Distribution,Suicide Bunny,Kings Crown The King 120ml 6mg,E-liquid,Tobacco Flavor,05/26/2026
1200412120,Wages & White Lion Investments LLC dba Triton Distribution,Suicide Bunny,Kings Crown The King 120ml 12mg,E-liquid,Tobacco Flavor,05/26/2026
1200415060,Wages & White Lion Investments LLC dba Triton Distribution,Suicide Bunny,Kings Crown The King 60ml 1.5mg,E-liquid,Tobacco Flavor,05/26/2026
1200403060,Wages & White Lion Investments LLC dba Triton Distribution,Suicide Bunny,Kings Crown The King 60ml 3mg,E-liquid,Tobacco Flavor,05/26/2026
1200406060,Wages & White Lion Investments LLC dba Triton Distribution,Suicide Bunny,Kings Crown The King 60ml 6mg,E-liquid,Tobacco Flavor,05/26/2026
1200412060,Wages & White Lion Investments LLC dba Triton Distribution,Suicide Bunny,Kings Crown The King 60ml 12mg,E-liquid,Tobacco Flavor,05/26/2026
1200418060,Wages & White Lion Investments LLC dba Triton Distribution,Suicide Bunny,Kings Crown The King 60ml 18mg,E-liquid,Tobacco Flavor,05/26/2026
850025076500,Shenzen Yibo Technology Co. Ltd.,Z Stick,Zstick Tobacco 5%,Disposable,Tobacco,07/22/2025
850025076081,Shenzen Yibo Technology Co. Ltd.,Z Stick,Z Stick Banana 5%,Disposable,Banana,07/22/2025
850025076449,Shenzen Yibo Technology Co. Ltd.,Z Stick,Z Stick Strawberry 5%,Disposable,Strawberry,07/22/2025
850025076623,Shenzen Yibo Technology Co. Ltd.,Z Stick,Z Stick Mango 5%,Disposable,Mango,07/22/2025
850025076029,Shenzen Yibo Technology Co. Ltd.,Z Stick,Z Stick Berry Mix 5%,Disposable,Berry Mix,07/22/2025
850025076142,Shenzen Yibo Technology Co. Ltd.,Z Stick,Z Stick Grape 5%,Disposable,Grape,07/22/2025
195893373239,Custom Technologies LLC,Ecig 4 Inmate,Ecig 4 Inmate,Disposable,Tobacco,08/05/2025
195893309108,Custom Technologies LLC,Ecig 4 Inmate,Ecig 4 Inmate,Disposable,Menthol,08/05/2025
195893210497,Custom Technologies LLC,Ecig 4 Inmate,Ecig 4 Inmate,Disposable,Mixed Berry,08/05/2025
195893637300,Custom Technologies LLC,Ecig 4 Inmate,Ecig 4 Inmate,Disposable,Peach,08/05/2025
195893368501,Custom Technologies LLC,Ecig 4 Inmate,Ecig 4 Inmate,Disposable,Ice Peach,08/05/2025
840048220653,"Juul Labs, Inc.",Juul,Juul Us Turquoise Device Kit,Device,N/A,07/31/2025
840048219282,"Juul Labs, Inc.",Juul,Juulpods Virginia Tobacco - 5% Us Special 6-pack,E-liquid Pod,Virginia Tobacco,07/31/2025
840048220554,"Juul Labs, Inc.",Juul,Juulpods Virginia Tobacco - 5% Us Special 8-pack,E-liquid Pod,Virginia Tobacco,07/31/2025
840048220516,"Juul Labs, Inc.",Juul,Juulpods Virginia Tobacco - 5% Us Special 6-pack,E-liquid Pod,Virginia Tobacco,07/31/2025
840048220530,"Juul Labs, Inc.",Juul,Juulpods Virginia Tobacco - 5% Us Special 6-pack,E-liquid Pod,Virginia Tobacco,07/31/2025
840048220691,"Juul Labs, Inc.",Juul,Juul Device & Juulpods V. Tob. - 5% Special 1-pk,E-liquid Pod,Virginia Tobacco,07/31/2025
840048217448,"Juul Labs, Inc.",Juul,Juul Device & Juulpods V. Tob. - 5% Special 2-pk,E-liquid Pod,Virginia Tobacco,07/31/2025
840048219299,"Juul Labs, Inc.",Juul,Juulpods Menthol - 5% Us Special 6-pack,E-liquid Pod,Menthol,07/31/2025
840048220561,"Juul Labs, Inc.",Juul,Juulpods Menthol - 5% Us Special 8-pack,E-liquid Pod,Menthol,07/31/2025
840048220523,"Juul Labs, Inc.",Juul,Juulpods Menthol - 5% Us Special 6-pack,E-liquid Pod,Menthol,07/31/2025
840048220547,"Juul Labs, Inc.",Juul,Juulpods Menthol - 5% Us Special 6-pack,E-liquid Pod,Menthol,07/31/2025
840048220684,"Juul Labs, Inc.",Juul,Juul Device & Juulpods Menthol - 5% Special 1-pk,E-liquid Pod,Menthol,07/31/2025
840048217349,"Juul Labs, Inc.",Juul,Juul Device & Juulpods Menthol - 5% Special 2-pk,E-liquid Pod,Menthol,07/31/2025
840048217455,"Juul Labs, Inc.",Juul,Juul Device & Juulpods Menthol - 5% Special 2-pk,E-liquid Pod,Menthol,07/31/2025
850037435388,VDX Distro Inc.,Four Seasons,American Tobacco 60ml 3mg,E-liquid,Tobacco,11/04/2025
850037435395,VDX Distro Inc.,Four Seasons,American Tobacco 60ml 6mg,E-liquid,Tobacco,11/04/2025
850037435401,VDX Distro Inc.,Four Seasons,American Tobacco 60ml 12mg,E-liquid,Tobacco,11/04/2025
850037435418,VDX Distro Inc.,Four Seasons,American Tobacco 60ml 18mg,E-liquid,Tobacco,11/04/2025
850037435630,VDX Distro Inc.,Four Seasons,Desert Tobacco 60ml 3mg,E-liquid,Tobacco,11/04/2025
850037435647,VDX Distro Inc.,Four Seasons,Desert Tobacco 60ml 6mg,E-liquid,Tobacco,11/04/2025
850037435654,VDX Distro Inc.,Four Seasons,Desert Tobacco 60ml 12mg,E-liquid,Tobacco,11/04/2025
850037435661,VDX Distro Inc.,Four Seasons,Desert Tobacco 60ml 18mg,E-liquid,Tobacco,11/04/2025
850037435487,VDX Distro Inc.,Four Seasons,Menthol 60ml 3mg,E-liquid,Menthol,11/04/2025
840048220783,"Juul Labs, Inc.",Juul,Juul Us Emerald Device Kit,Device,N/A,12/18/2025
840048218742,"Juul Labs, Inc.",Juul,Juul Us Gold Device Kit,Device,None,03/12/2026
900103060,Wages & White Lion Investments LLC dba Triton Distribution,Cold Fusion,Cold Fusion Galil 60ml 3mg,E-liquid,Creme Brulee & Hazelnut,05/26/2026
900106060,Wages & White Lion Investments LLC dba Triton Distribution,Cold Fusion,Cold Fusion Galil 60ml 6mg,E-liquid,Creme Brulee & Hazelnut,05/26/2026
900112060,Wages & White Lion Investments LLC dba Triton Distribution,Cold Fusion,Cold Fusion Galil 60ml 12mg,E-liquid,Creme Brulee & Hazelnut,05/26/2026
900118060,Wages & White Lion Investments LLC dba Triton Distribution,Cold Fusion,Cold Fusion Galil 60ml 18mg,E-liquid,Creme Brulee & Hazelnut,05/26/2026
850083013080,Wages & White Lion Investments LLC dba Triton Distribution,Cold Fusion,Cold Fusion Shock And Awe 120ml 3mg,E-liquid,Mango Peach & Tropical Fruit,05/19/2026
850083013097,Wages & White Lion Investments LLC dba Triton Distribution,Cold Fusion,Cold Fusion Shock And Awe 120ml 6mg,E-liquid,Mango Peach & Tropical Fruit,05/19/2026
850083013103,Wages & White Lion Investments LLC dba Triton Distribution,Cold Fusion,Cold Fusion Shock And Awe 120ml 12mg,E-liquid,Mango Peach & Tropical Fruit,05/19/2026
900303060,Wages & White Lion Investments LLC dba Triton Distribution,Cold Fusion,Cold Fusion Shock And Awe 60ml 3mg,E-liquid,Mango Peach & Tropical Fruit,05/26/2026
900306060,Wages & White Lion Investments LLC dba Triton Distribution,Cold Fusion,Cold Fusion Shock And Awe 60ml 6mg,E-liquid,Mango Peach & Tropical Fruit,05/26/2026
900312060,Wages & White Lion Investments LLC dba Triton Distribution,Cold Fusion,Cold Fusion Shock And Awe 60ml 12mg,E-liquid,Mango Peach & Tropical Fruit,05/26/2026
900318060,Wages & White Lion Investments LLC dba Triton Distribution,Cold Fusion,Cold Fusion Shock And Awe 60ml 18mg,E-liquid,Mango Peach & Tropical Fruit,05/19/2026
850083013127,Wages & White Lion Investments LLC dba Triton Distribution,Cold Fusion,Cold Fusion Warning Shot 120ml 3mg,E-liquid,Berry Custard & Fruit Mix,05/26/2026
850083013134,Wages & White Lion Investments LLC dba Triton Distribution,Cold Fusion,Cold Fusion Warning Shot 120ml 6mg,E-liquid,Berry Custard & Fruit Mix,05/19/2026
850083013141,Wages & White Lion Investments LLC dba Triton Distribution,Cold Fusion,Cold Fusion Warning Shot 120ml 12mg,E-liquid,Berry Custard & Fruit Mix,05/19/2026
900503060,Wages & White Lion Investments LLC dba Triton Distribution,Cold Fusion,Cold Fusion Warning Shot 60ml 3mg,E-liquid,Berry Custard & Fruit Mix,05/26/2026
900506060,Wages & White Lion Investments LLC dba Triton Distribution,Cold Fusion,Cold Fusion Warning Shot 60ml 6mg,E-liquid,Berry Custard & Fruit Mix,05/19/2026
900512060,Wages & White Lion Investments LLC dba Triton Distribution,Cold Fusion,Cold Fusion Warning Shot 60ml 12mg,E-liquid,Berry Custard & Fruit Mix,05/19/2026
900518060,Wages & White Lion Investments LLC dba Triton Distribution,Cold Fusion,Cold Fusion Warning Shot 60ml 18mg,E-liquid,Berry Custard & Fruit Mix,05/19/2026
850011519561,Wages & White Lion Investments LLC dba Triton Distribution,Suicide Bunny,Suicide Bunny Bunny Season 120ml 3mg,E-liquid,Lime & Cookie,05/20/2026
850011519578,Wages & White Lion Investments LLC dba Triton Distribution,Suicide Bunny,Suicide Bunny Bunny Season 120ml 6mg,E-liquid,Lime & Cookie,05/20/2026
850083013165,Wages & White Lion Investments LLC dba Triton Distribution,Suicide Bunny,Suicide Bunny Bunny Season 60ml 3mg,E-liquid,Lime & Cookie,05/20/2026
850083013172,Wages & White Lion Investments LLC dba Triton Distribution,Suicide Bunny,Suicide Bunny Bunny Season 60ml 6mg,E-liquid,Lime & Cookie,05/20/2026
850011519448,Wages & White Lion Investments LLC dba Triton Distribution,Suicide Bunny,Suicide Bunny Derailed 120ml 12mg,E-liquid,Bannana Cinnamon & Cookie,05/20/2026
850083013196,Wages & White Lion Investments LLC dba Triton Distribution,Suicide Bunny,Suicide Bunny Derailed 60ml 3mg,E-liquid,Bannana Cinnamon & Cookie,05/20/2026
850083013202,Wages & White Lion Investments LLC dba Triton Distribution,Suicide Bunny,Suicide Bunny Derailed 60ml 6mg,E-liquid,Bannana Cinnamon & Cookie,05/20/2026
