Legal Name,DBA,Product Name,SKU,Package UPC,Units per Package,mL per Unit,Product Category,Characterizing Flavor,Date Added to Directory
7 Daze LLC,7 Daze LLC,Reds Apple ICED - 100ml - 3mg,Reds Apple ICED - 100ml - 3mg,649964672108,1,100,E-liquid,Apple,2025-12-18
7 Daze LLC,7 Daze LLC,Reds Apple ICED - 100ml - 6mg,Reds Apple ICED - 100ml - 6mg,649964672115,1,100,E-liquid,Apple,2025-12-18
7 Daze LLC,7 Daze LLC,Reds Berries ICED - 100ml - 3mg,Reds Berries ICED - 100ml - 3mg,649964673587,1,100,E-liquid,Berries,2025-12-18
7 Daze LLC,7 Daze LLC,Reds Berries ICED - 100ml - 6mg,Reds Berries ICED - 100ml - 6mg,649964673594,1,100,E-liquid,Berries,2025-12-18
7 Daze LLC,7 Daze LLC,Reds Grape ICED - 100ml - 3mg,Reds Grape ICED - 100ml - 3mg,649964672306,1,100,E-liquid,Grape,2025-12-18
7 Daze LLC,7 Daze LLC,Reds Grape ICED - 100ml - 6mg,Reds Grape ICED - 100ml - 6mg,649964672313,1,100,E-liquid,Grape,2025-12-18
7 Daze LLC,7 Daze LLC,Reds Watermelon ICED - 100ml - 3mg,Reds Watermelon ICED - 100ml - 3mg,649964673266,1,100,E-liquid,Watermelon,2025-12-18
7 Daze LLC,7 Daze LLC,Reds Watermelon ICED - 100ml - 6mg,Reds Watermelon ICED - 100ml - 6mg,649964673273,1,100,E-liquid,Watermelon,2025-12-18
7 Daze LLC,7 Daze LLC,Salt - Reds Watermelon ICED - 30ml - 30mg,Salt - Reds Watermelon ICED - 30ml - 30mg,753275930915,1,30,E-liquid,Watermelon,2025-12-18
7 Daze LLC,7 Daze LLC,Salt - Reds Watermelon ICED - 30ml - 50mg,Salt - Reds Watermelon ICED - 30ml - 50mg,753275930922,1,30,E-liquid,Watermelon,2025-12-18
7 Daze LLC,7 Daze LLC,Liqmate - Blue Razz - 30ml - 20mg,Liqmate - Blue Razz - 30ml - 20mg,716203269440,1,30,E-liquid,Blueberry,2025-12-18
7 Daze LLC,7 Daze LLC,Liqmate - Blue Razz - 30ml - 50mg,Liqmate - Blue Razz - 30ml - 50mg,716203269648,1,30,E-liquid,Blueberry,2025-12-18
7 Daze LLC,7 Daze LLC,Liqmate - Bomb Pop - 30ml - 20mg,Liqmate - Bomb Pop - 30ml - 20mg,716203269655,1,30,E-liquid,Cherry,2025-12-18
7 Daze LLC,7 Daze LLC,Liqmate - Bomb Pop - 30ml - 50mg,Liqmate - Bomb Pop - 30ml - 50mg,716203269457,1,30,E-liquid,Cherry,2025-12-18
7 Daze LLC,7 Daze LLC,Liqmate - Georgia Peach - 30ml - 20mg,Liqmate - Georgia Peach - 30ml - 20mg,716203269808,1,30,E-liquid,Peach,2025-12-18
7 Daze LLC,7 Daze LLC,Liqmate - Georgia Peach - 30ml - 50mg,Liqmate - Georgia Peach - 30ml - 50mg,716203269600,1,30,E-liquid,Peach,2025-12-18
7 Daze LLC,7 Daze LLC,Liqmate - Icy Bites - 30ml - 20mg,Liqmate - Icy Bites - 30ml - 20mg,716203269723,1,30,E-liquid,Mint,2025-12-18
7 Daze LLC,7 Daze LLC,Liqmate - Icy Bites - 30ml - 50mg,Liqmate - Icy Bites - 30ml - 50mg,716203269525,1,30,E-liquid,Mint,2025-12-18
7 Daze LLC,7 Daze LLC,Liqmate - Lush Ice - 30ml - 50mg,Liqmate - Lush Ice - 30ml - 50mg,716203269792,1,30,E-liquid,Mint,2025-12-18
7 Daze LLC,7 Daze LLC,Liqmate - Lush Ice - 30ml - 20mg,Liqmate - Lush Ice - 30ml - 20mg,716203269594,1,30,E-liquid,Mint,2025-12-18
7 Daze LLC,7 Daze LLC,Liqmate - Mango Madness - 30ml - 20mg,Liqmate - Mango Madness - 30ml - 20mg,716203269679,1,30,E-liquid,Mango,2025-12-18
7 Daze LLC,7 Daze LLC,Liqmate - Mango Madness - 30ml - 50mg,Liqmate - Mango Madness - 30ml - 50mg,716203269471,1,30,E-liquid,Mango,2025-12-18
7 Daze LLC,7 Daze LLC,Liqmate - Sour Rainbow Berries - 30ml - 20mg,Liqmate - Sour Rainbow Berries - 30ml - 20mg,716203269754,1,30,E-liquid,Cherry,2025-12-18
7 Daze LLC,7 Daze LLC,Liqmate - Sour Rainbow Berries - 30ml - 50mg,Liqmate - Sour Rainbow Berries - 30ml - 50mg,716203269556,1,30,E-liquid,Cherry,2025-12-18
7 Daze LLC,7 Daze LLC,Liqmate - Speamint Blast - 30ml - 20mg,Liqmate - Speamint Blast - 30ml - 20mg,716203269761,1,30,E-liquid,Spearmint,2025-12-18
7 Daze LLC,7 Daze LLC,Liqmate - Speamint Blast - 30ml - 50mg,Liqmate - Speamint Blast - 30ml - 50mg,716203269763,1,30,E-liquid,Spearmint,2025-12-18
7 Daze LLC,7 Daze LLC,Liqmate - Strawberry Fluff - 30ml - 20mg,Liqmate - Strawberry Fluff - 30ml - 20mg,716203269570,1,30,E-liquid,Strawberry,2025-12-18
7 Daze LLC,7 Daze LLC,Liqmate - Strawberry Fluff - 30ml - 50mg,Liqmate - Strawberry Fluff - 30ml - 50mg,716203269778,1,30,E-liquid,Strawberry,2025-12-18
7 Daze LLC,7 Daze LLC,Liqmate - Strawberry Watermelon - 30ml - 20mg,Liqmate - Strawberry Watermelon - 30ml - 20mg,716203269785,1,30,E-liquid,Watermelon,2025-12-18
7 Daze LLC,7 Daze LLC,Liqmate - Strawberry Watermelon - 30ml - 50mg,Liqmate - Strawberry Watermelon - 30ml - 50mg,716203269587,1,30,E-liquid,Watermelon,2025-12-18
7 Daze LLC,7 Daze LLC,Rinn Bar - Blue Razz B-Pop,Rinn Bar - Blue Razz B-Pop,716203278473,1,18,Disposable e-cigarette device,Blueberry,2025-12-18
7 Daze LLC,7 Daze LLC,Rinn Bar - Cola Slush,Rinn Bar - Cola Slush,716203278534,1,18,Disposable e-cigarette device,Cola,2025-12-18
7 Daze LLC,7 Daze LLC,Rinn Bar - Cool Mint,Rinn Bar - Cool Mint,716203278411,1,18,Disposable e-cigarette device,Mint,2025-12-18
7 Daze LLC,7 Daze LLC,Rinn Bar - Grape Slush,Rinn Bar - Grape Slush,716203278459,1,18,Disposable e-cigarette device,Grape,2025-12-18
7 Daze LLC,7 Daze LLC,Rinn Bar - Pink Lemonade,Rinn Bar - Pink Lemonade,716203278398,1,18,Disposable e-cigarette device,Lemonade,2025-12-18
7 Daze LLC,7 Daze LLC,Rinn Bar - Sour Apple Ice,Rinn Bar - Sour Apple Ice,716203278558,1,18,Disposable e-cigarette device,Apple,2025-12-18
7 Daze LLC,7 Daze LLC,Rinn Bar - Strawberry B-Pop,Rinn Bar - Strawberry B-Pop,716203278510,1,18,Disposable e-cigarette device,Strawberry,2025-12-18
7 Daze LLC,7 Daze LLC,Rinn Bar - Strawberry Kiwi,Rinn Bar - Strawberry Kiwi,716203278435,1,18,Disposable e-cigarette device,Kiwi,2025-12-18
7 Daze LLC,7 Daze LLC,Rinn Bar - Strawberry Watermelon,Rinn Bar - Strawberry Watermelon,716203278497,1,18,Disposable e-cigarette device,Watermelon,2025-12-18
7 Daze LLC,7 Daze LLC,Rinn Bar - White Gummy,Rinn Bar - White Gummy,716203278374,1,18,Disposable e-cigarette device,Gummy,2025-12-18
7 Daze LLC,7 Daze LLC,Rinn Bar - Reds Apple,Rinn Bar - Reds Apple,729859469270,1,18,Disposable e-cigarette device,Apple,2025-12-18
7 Daze LLC,7 Daze LLC,Rinn Bar - Miami Mint,Rinn Bar - Miami Mint,729859469294,1,18,Disposable e-cigarette device,Mint,2025-12-18
7 Daze LLC,7 Daze LLC,Rinn Bar - Tres Leches,Rinn Bar - Tres Leches,729859469317,1,18,Disposable e-cigarette device,Cake,2025-12-18
7 Daze LLC,7 Daze LLC,Rinn Bar - Milky Loops,Rinn Bar - Milky Loops,729859469133,1,18,Disposable e-cigarette device,Cereal,2025-12-18
7 Daze LLC,7 Daze LLC,Rinn Bar - Triple Berry,Rinn Bar - Triple Berry,729859469157,1,18,Disposable e-cigarette device,Berry,2025-12-18
7 Daze LLC,7 Daze LLC,Rinn Bar - Maui Pineapple,Rinn Bar - Maui Pineapple,729859469171,1,18,Disposable e-cigarette device,Pineapple,2025-12-18
7 Daze LLC,7 Daze LLC,Rinn Bar - Juicy Peach Ice,Rinn Bar - Juicy Peach Ice,729859469195,1,18,Disposable e-cigarette device,Peach,2025-12-18
7 Daze LLC,7 Daze LLC,Rinn Bar - Sour Fab,Rinn Bar - Sour Fab,729859469218,1,18,Disposable e-cigarette device,Gummy,2025-12-18
7 Daze LLC,7 Daze LLC,Rinn Bar - Watermelon Ice,Rinn Bar - Watermelon Ice,729859469232,1,18,Disposable e-cigarette device,Watermelon,2025-12-18
7 Daze LLC,7 Daze LLC,Rinn Bar - Spearmint Blast,Rinn Bar - Spearmint Blast,729859469256,1,18,Disposable e-cigarette device,Spearmint,2025-12-18
7 Daze LLC,7 Daze LLC,NT Fusion Lemon Passionfruit Blueberry - 100ml - 3mg/ml,NT Fusion Lemon Passionfruit Blueberry - 100ml - 3mg/ml,783970203175,1,100,E-liquid,Blueberry,2025-12-18
7 Daze LLC,7 Daze LLC,NT Fusion Lemon Passionfruit Blueberry - 100ml - 6mg/ml,NT Fusion Lemon Passionfruit Blueberry - 100ml - 6mg/ml,783970203182,1,100,E-liquid,Blueberry,2025-12-18
7 Daze LLC,7 Daze LLC,NT Fusion Raspberry Green Apple Watermelon - 100ml - 3mg/ml,NT Fusion Raspberry Green Apple Watermelon - 100ml - 3mg/ml,783970203410,1,100,E-liquid,Raspberry,2025-12-18
7 Daze LLC,7 Daze LLC,NT Fusion Raspberry Green Apple Watermelon - 100ml - 6mg/ml,NT Fusion Raspberry Green Apple Watermelon - 100ml - 6mg/ml,783970203427,1,100,E-liquid,Raspberry,2025-12-18
7 Daze LLC,7 Daze LLC,NT Fusion Strawberry Blackberry Lemon - 100ml - 3mg/ml,NT Fusion Strawberry Blackberry Lemon - 100ml - 3mg/ml,783970206909,1,100,E-liquid,Strawberry,2025-12-18
7 Daze LLC,7 Daze LLC,NT Fusion Strawberry Blackberry Lemon - 100ml - 6mg/ml,NT Fusion Strawberry Blackberry Lemon - 100ml - 6mg/ml,783970206916,1,100,E-liquid,Strawberry,2025-12-18
7 Daze LLC,7 Daze LLC,NT Fusion Strawberry Mango Nectarine - 100ml - 3mg/ml,NT Fusion Strawberry Mango Nectarine - 100ml - 3mg/ml,783970203533,1,100,E-liquid,Strawberry,2025-12-18
7 Daze LLC,7 Daze LLC,NT Fusion Strawberry Mango Nectarine - 100ml - 6mg/ml,NT Fusion Strawberry Mango Nectarine - 100ml - 6mg/ml,783970203540,1,100,E-liquid,Strawberry,2025-12-18
7 Daze LLC,7 Daze LLC,NT Salt Fusion Lemon Passionfruit Blueberry ICED - 30mL - 30mg/mL,NT Salt Fusion Lemon Passionfruit Blueberry ICED - 30mL - 30mg/mL,783970204646,1,30,E-liquid,Blueberry,2025-12-18
7 Daze LLC,7 Daze LLC,NT Salt Fusion Lemon Passionfruit Blueberry ICED - 30mL - 50mg/mL,NT Salt Fusion Lemon Passionfruit Blueberry ICED - 30mL - 50mg/mL,783970204653,1,30,E-liquid,Blueberry,2025-12-18
7 Daze LLC,7 Daze LLC,NT Salt Fusion Pineapple Mango Orange ICED - 30mL - 30mg/mL,NT Salt Fusion Pineapple Mango Orange ICED - 30mL - 30mg/mL,783970204783,1,30,E-liquid,Pineapple,2025-12-18
7 Daze LLC,7 Daze LLC,NT Salt Fusion Pineapple Mango Orange ICED - 30mL - 50mg/mL,NT Salt Fusion Pineapple Mango Orange ICED - 30mL - 50mg/mL,783970204790,1,30,E-liquid,Pineapple,2025-12-18
7 Daze LLC,7 Daze LLC,NT Salt Fusion Raspberry Green Apple Watermelon ICED - 30mL - 30mg/mL,NT Salt Fusion Raspberry Green Apple Watermelon ICED - 30mL - 30mg/mL,783970204806,1,30,E-liquid,Raspberry,2025-12-18
7 Daze LLC,7 Daze LLC,NT Salt Fusion Raspberry Green Apple Watermelon ICED - 30mL - 50mg/mL,NT Salt Fusion Raspberry Green Apple Watermelon ICED - 30mL - 50mg/mL,783970204813,1,30,E-liquid,Raspberry,2025-12-18
7 Daze LLC,7 Daze LLC,NT Salt Fusion Strawberry Blackberry Lemon ICED - 30mL - 30mg/mL,NT Salt Fusion Strawberry Blackberry Lemon ICED - 30mL - 30mg/mL,783970206978,1,30,E-liquid,Strawberry,2025-12-18
7 Daze LLC,7 Daze LLC,NT Salt Fusion Strawberry Blackberry Lemon ICED - 30mL - 50mg/mL,NT Salt Fusion Strawberry Blackberry Lemon ICED - 30mL - 50mg/mL,783970206985,1,30,E-liquid,Strawberry,2025-12-18
7 Daze LLC,7 Daze LLC,NT Salt Fusion Strawberry Mango Nectarine ICED - 30mL - 30mg/mL,NT Salt Fusion Strawberry Mango Nectarine ICED - 30mL - 30mg/mL,783970204882,1,30,E-liquid,Strawberry,2025-12-18
7 Daze LLC,7 Daze LLC,NT Salt Fusion Strawberry Mango Nectarine ICED - 30mL - 50mg/mL,NT Salt Fusion Strawberry Mango Nectarine ICED - 30mL - 50mg/mL,783970204899,1,30,E-liquid,Strawberry,2025-12-18
7 Daze LLC,7 Daze LLC,NT Fusion Watermelon Apple Pear ICED - 100ml - 3mg/ml,NT Fusion Watermelon Apple Pear ICED - 100ml - 3mg/ml,783970204547,1,100,E-liquid,Watermelon,2026-09-04
7 Daze LLC,7 Daze LLC,NT Fusion Watermelon Apple Pear ICED - 100ml - 6mg/ml,NT Fusion Watermelon Apple Pear ICED - 100ml - 6mg/ml,783970204554,1,100,E-liquid,Watermelon,2026-09-04
7 Daze LLC,7 Daze LLC,Rinn Bar - Mango Refresher,Rinn Bar - Mango Refresher,729859470689,1,18,Disposable e-cigarette device,Mango,2026-09-04
7 Daze LLC,7 Daze LLC,Rinn Bar - Lemon Refresher,Rinn Bar - Lemon Refresher,729859470696,1,18,Disposable e-cigarette device,Lemon,2026-09-04
7 Daze LLC,7 Daze LLC,Rinn Bar - Baja Refresher,Rinn Bar - Baja Refresher,729859470702,1,18,Disposable e-cigarette device,Lime,2026-09-04
7 Daze LLC,7 Daze LLC,Rinn Bar - Blue Refresher,Rinn Bar - Blue Refresher,729859470719,1,18,Disposable e-cigarette device,Blueberry,2026-09-04
7 Daze LLC,7 Daze LLC,Rinn Bar - Maui Punch Refresher,Rinn Bar - Maui Punch Refresher,729859470726,1,18,Disposable e-cigarette device,Pineapple,2026-09-04
702 Alternatives LLC,702 Alternatives LLC,Kilo Cool Mint,KILO-CM-3MG,783970087508,1,100,E-Liquid,Cool Mint,2026-02-06
702 Alternatives LLC,702 Alternatives LLC,Kilo Cotton Clouds,KILO-CC-3MG,783970087492,1,100,E-Liquid,Cotton Clouds,2026-02-06
702 Alternatives LLC,702 Alternatives LLC,Kilo Lemon Lush,KILO-LL-3MG,783970087478,1,100,E-Liquid,Lemon Lush,2026-02-06
702 Alternatives LLC,702 Alternatives LLC,Kilo Sweet Espresso,KILO-SE-3MG,783970087447,1,100,E-Liquid,Sweet Espresso,2026-02-06
702 Alternatives LLC,702 Alternatives LLC,Kilo Vanilla Almond Custard,KILO-VAC-3MG,783970087461,1,100,E-Liquid,Vanilla Almond Custard,2026-02-06
702 Alternatives LLC,702 Alternatives LLC,Kilo Berry Burst,KILO-BB-3MG,783970087485,1,100,E-Liquid,Berry Burst,2026-03-12
702 Alternatives LLC,702 Alternatives LLC,Kilo Creamy Melon Berry,KILO-CMB-3MG,783970087515,1,100,E-Liquid,Creamy Melon Berry,2026-03-12
702 Alternatives LLC,702 Alternatives LLC,Kilo Bluerazz Strawberry Ice,KILO-BRSI-3MG,783970087522,1,100,E-Liquid,Bluerazz Strawberry Ice,2026-03-12
702 Alternatives LLC,702 Alternatives LLC,Kilo Strawberry Milk,KILO-SM-3MG,783970087454,1,100,E-Liquid,Strawberry Milk,2026-03-12
702 Alternatives LLC,702 Alternatives LLC,Kilo Vanilla Custard Tobacco,KILO-VCT-3MG,783970087430,1,100,E-Liquid,Vanilla Custard Tobacco,2026-03-12
702 Alternatives LLC,702 Alternatives LLC,First Class Cool Mint,1STC-CM-18ML,764046132933,5,18,Disposable e-cigarette device,Cool Mint,2026-03-12
702 Alternatives LLC,702 Alternatives LLC,First Class Berry Burst,1STC-BB-18ML,764046132940,5,18,Disposable e-cigarette device,Berry Burst,2026-03-12
702 Alternatives LLC,702 Alternatives LLC,First Class Strawberry Milkshake,1STC-SM-18ML,764046132964,5,18,Disposable e-cigarette device,Strawberry Milkshake,2026-03-12
702 Alternatives LLC,702 Alternatives LLC,First Class Lemon Lush,1STC-LL-18ML,764046132971,5,18,Disposable e-cigarette device,Lemon Lush,2026-03-12
702 Alternatives LLC,702 Alternatives LLC,First Class Lemon Pound Cake,1STC-LPC-18ML,764046132957,5,18,Disposable e-cigarette device,Lemon Pound Cake,2026-03-12
702 Alternatives LLC,702 Alternatives LLC,Kilo Berry Burst,KILO-BB-6MG,783970087584,1,100,E-Liquid,Berry Burst,2026-04-03
702 Alternatives LLC,702 Alternatives LLC,Kilo Cool Mint,KILO-CM-6MG,783970087607,1,100,E-Liquid,Cool Mint,2026-04-03
702 Alternatives LLC,702 Alternatives LLC,Kilo Cotton Clouds,KILO-CC-6MG,783970087591,1,100,E-Liquid,Cotton Clouds,2026-04-03
702 Alternatives LLC,702 Alternatives LLC,Kilo Creamy Melon Berry,KILO-CMB-6MG,783970087614,1,100,E-Liquid,Creamy Melon Berry,2026-04-03
702 Alternatives LLC,702 Alternatives LLC,Kilo Lemon Lush,KILO-LL-6MG,783970087577,1,100,E-Liquid,Lemon Lush,2026-04-03
702 Alternatives LLC,702 Alternatives LLC,Kilo Bluerazz Strawberry Ice,KILO-BRSI-6MG,783970087621,1,100,E-Liquid,Bluerazz Strawberry Ice,2026-04-03
702 Alternatives LLC,702 Alternatives LLC,Kilo Strawberry Milk,KILO-SM-6MG,783970087553,1,100,E-Liquid,Strawberry Milk,2026-04-03
702 Alternatives LLC,702 Alternatives LLC,Kilo Sweet Espresso,KILO-SE-6MG,783970087546,1,100,E-Liquid,Sweet Espresso,2026-04-03
702 Alternatives LLC,702 Alternatives LLC,Kilo Vanilla Almond Custard,KILO-VAC-6MG,783970087560,1,100,E-Liquid,Vanilla Almond Custard,2026-04-03
702 Alternatives LLC,702 Alternatives LLC,Kilo Vanilla Custard Tobacco,KILO-VCT-6MG,783970087539,1,100,E-Liquid,Vanilla Custard Tobacco,2026-04-03
702 Alternatives LLC,702 Alternatives LLC,Kilo Berry Burst,KILO-BB-30MG,783970087683,5,30,E-Liquid,Berry Burst,2026-04-03
702 Alternatives LLC,702 Alternatives LLC,Kilo Cool Mint,KILO-CM-30MG,783970087706,5,30,E-Liquid,Cool Mint,2026-04-03
702 Alternatives LLC,702 Alternatives LLC,Kilo Cotton Clouds,KILO-CC-30MG,783970087690,5,30,E-Liquid,Cotton Clouds,2026-04-03
702 Alternatives LLC,702 Alternatives LLC,Kilo Creamy Melon Berry,KILO-CMB-30MG,783970087713,5,30,E-Liquid,Creamy Melon Berry,2026-04-03
702 Alternatives LLC,702 Alternatives LLC,Kilo Lemon Lush,KILO-LL-30MG,783970087676,5,30,E-Liquid,Lemon Lush,2026-04-03
702 Alternatives LLC,702 Alternatives LLC,Kilo Bluerazz Strawberry Ice,KILO-BRSI-30MG,783970087720,5,30,E-Liquid,Bluerazz Strawberry Ice,2026-04-03
702 Alternatives LLC,702 Alternatives LLC,Kilo Strawberry Milk,KILO-SM-30MG,783970087652,5,30,E-Liquid,Strawberry Milk,2026-04-03
702 Alternatives LLC,702 Alternatives LLC,Kilo Sweet Espresso,KILO-SE-30MG,783970087645,5,30,E-Liquid,Sweet Espresso,2026-04-03
702 Alternatives LLC,702 Alternatives LLC,Kilo Vanilla Almond Custard,KILO-VAC-30MG,783970087669,5,30,E-Liquid,Vanilla Almond Custard,2026-04-03
702 Alternatives LLC,702 Alternatives LLC,Kilo Vanilla Custard Tobacco,KILO-VCT-30MG,783970087638,5,30,E-Liquid,Vanilla Custard Tobacco,2026-04-03
702 Alternatives LLC,702 Alternatives LLC,Kilo Berry Burst,KILO-BB-50MG,783970087782,5,30,E-Liquid,Berry Burst,2026-04-03
702 Alternatives LLC,702 Alternatives LLC,Kilo Cool Mint,KILO-CM-50MG,783970087805,5,30,E-Liquid,Cool Mint,2026-04-03
702 Alternatives LLC,702 Alternatives LLC,Kilo Cotton Clouds,KILO-CC-50MG,783970087799,5,30,E-Liquid,Cotton Clouds,2026-04-03
702 Alternatives LLC,702 Alternatives LLC,Kilo Creamy Melon Berry,KILO-CMB-50MG,783970087812,5,30,E-Liquid,Creamy Melon Berry,2026-04-03
702 Alternatives LLC,702 Alternatives LLC,Kilo Lemon Lush,KILO-LL-50MG,783970087775,5,30,E-Liquid,Lemon Lush,2026-04-03
702 Alternatives LLC,702 Alternatives LLC,Kilo Bluerazz Strawberry Ice,KILO-BRSI-50MG,783970087829,5,30,E-Liquid,Bluerazz Strawberry Ice,2026-04-03
702 Alternatives LLC,702 Alternatives LLC,Kilo Strawberry Milk,KILO-SM-50MG,783970087751,5,30,E-Liquid,Strawberry Milk,2026-04-03
702 Alternatives LLC,702 Alternatives LLC,Kilo Sweet Espresso,KILO-SE-50MG,783970087744,5,30,E-Liquid,Sweet Espresso,2026-04-03
702 Alternatives LLC,702 Alternatives LLC,Kilo Vanilla Almond Custard,KILO-VAC-50MG,783970087768,5,30,E-Liquid,Vanilla Almond Custard,2026-04-03
702 Alternatives LLC,702 Alternatives LLC,Kilo Vanilla Custard Tobacco,KILO-VCT-50MG,783970087737,5,30,E-Liquid,Vanilla Custard Tobacco,2026-04-03
Alt Zero Inc,Alt Zero,Paradox - 3mg,346564564030,346564564030,1,60,E-liquid,Grape,2026-01-06
Alt Zero Inc,Alt Zero,Paradox - 6mg,346564564061,346564564061,1,60,E-liquid,Grape,2026-01-06
Alt Zero Inc,Alt Zero,Paradox - 40mg,186038876401,186038876401,1,30,E-liquid,Grape,2026-01-06
Alt Zero Inc,Alt Zero,Paradox on the Rocks - 3mg,238579482037,238579482037,1,60,E-liquid,Grape Ice,2026-01-06
Alt Zero Inc,Alt Zero,Paradox on the Rocks - 6mg,238579482068,238579482068,1,60,E-liquid,Grape Ice,2026-01-06
Alt Zero Inc,Alt Zero,Paradox on the Rocks - 40mg,486483966406,486483966406,1,30,E-liquid,Grape Ice,2026-01-06
Alt Zero Inc,Alt Zero,Just Reds - 3mg,923679236030,923679236030,1,100,E-liquid,Cherry - Strawberry,2026-01-06
Alt Zero Inc,Alt Zero,Just Reds - 6mg,923679236061,923679236061,1,100,E-liquid,Cherry - Strawberry,2026-01-06
Alt Zero Inc,Alt Zero,Just Reds - 40mg,300384875400,300384875400,1,30,E-liquid,Cherry - Strawberry,2026-01-06
Alt Zero Inc,Alt Zero,Just Blues - 3mg,800813569035,800813569035,1,100,E-liquid,Blueberry Raspberry,2026-01-06
Alt Zero Inc,Alt Zero,Just Blues - 6mg,800813569066,800813569066,1,100,E-liquid,Blueberry Raspberry,2026-01-06
Alt Zero Inc,Alt Zero,Just Blues - 40mg,954873608408,954873608408,1,30,E-liquid,Blueberry Raspberry,2026-01-06
Alt Zero Inc,Alt Zero,Virus - 3mg,193644839034,193644839034,1,60,E-liquid,Citrus,2026-01-06
Alt Zero Inc,Alt Zero,Virus - 6mg,193644839065,193644839065,1,60,E-liquid,Citrus,2026-01-06
Alt Zero Inc,Alt Zero,Virus - 40mg,138752916406,138752916406,1,30,E-liquid,Citrus,2026-01-06
"ArcVape Distribution, LLC",ArcVape Distribution,Finest - Berry Blast - 100mL - 3mg,FIN-BBLAST-100ML-F-3MG,810152541524,1,100,E-liquid,Mixed Berries,2026-04-09
"ArcVape Distribution, LLC",ArcVape Distribution,Finest - Berry Blast - 100mL - 6mg,FIN-BBLAST-100ML-F-6MG,810152541531,1,100,E-liquid,Mixed Berries,2026-04-09
"ArcVape Distribution, LLC",ArcVape Distribution,Finest - Cotton Clouds - 100mL - 3mg,FIN-CCLOUD-100ML-F-3MG,810152541173,1,100,E-liquid,Cotton Candy,2026-04-09
"ArcVape Distribution, LLC",ArcVape Distribution,Finest - Cotton Clouds - 100mL - 6mg,FIN-CCLOUD-100ML-F-6MG,810152541180,1,100,E-liquid,Cotton Candy,2026-04-09
"ArcVape Distribution, LLC",ArcVape Distribution,Finest - Cotton Clouds - 60mL - 6mg,FIN-CCLOUD-60ML-F-6MG,810011322097,1,60,E-liquid,Cotton Candy,2026-04-09
"ArcVape Distribution, LLC",ArcVape Distribution,Finest - Cotton Clouds SALT - 30mL - 30mg,FIN-CCLOUD-30ML-S-30MG,810152541197,1,30,E-liquid,Cotton Candy,2026-04-09
"ArcVape Distribution, LLC",ArcVape Distribution,Finest - Cotton Clouds SALT - 30mL - 50mg,FIN-CCLOUD-30ML-S-50MG,810152541203,1,30,E-liquid,Cotton Candy,2026-04-09
"ArcVape Distribution, LLC",ArcVape Distribution,Finest - Mango Berry - 100mL - 3mg,FIN-MBERRY-100ML-F-3MG,810152541623,1,100,E-liquid,Mango,2026-04-09
"ArcVape Distribution, LLC",ArcVape Distribution,Finest - Mango Berry - 100mL - 6mg,FIN-MBERRY-100ML-F-6MG,810152541630,1,100,E-liquid,Mango,2026-04-09
"ArcVape Distribution, LLC",ArcVape Distribution,Finest - Mango Berry - 60mL - 6mg,FIN-MBERRY-60ML-F-6MG,851953008717,1,60,E-liquid,Mango,2026-04-09
"ArcVape Distribution, LLC",ArcVape Distribution,Finest - Smooth Tobacco - 100mL - 3mg,FIN-STOB-100ML-F-3MG,810152542224,1,100,E-liquid,Tobacco,2026-04-09
"ArcVape Distribution, LLC",ArcVape Distribution,Finest - Smooth Tobacco - 100mL - 6mg,FIN-STOB-100ML-F-6MG,810152542231,1,100,E-liquid,Tobacco,2026-04-09
"ArcVape Distribution, LLC",ArcVape Distribution,Finest - Smooth Tobacco SALT - 30mL - 30mg,FIN-STOB-30ML-S-30MG,810152542248,1,30,E-liquid,Tobacco,2026-04-09
"ArcVape Distribution, LLC",ArcVape Distribution,Finest - Smooth Tobacco SALT - 30mL - 50mg,FIN-STOB-30ML-S-50MG,810152542255,1,30,E-liquid,Tobacco,2026-04-09
"ArcVape Distribution, LLC",ArcVape Distribution,Finest - Strawberry Custard - 60mL - 6mg,FIN-SCUST-60ML-F-6MG,810011322363,1,60,E-liquid,Strawberry Custard,2026-04-09
"ArcVape Distribution, LLC",ArcVape Distribution,Finest - Strawberry Custard - 100mL - 3mg,FIN-SCUST-100ML-F-3MG,810152541821,1,100,E-liquid,Strawberry Custard,2026-04-09
"ArcVape Distribution, LLC",ArcVape Distribution,Finest - Strawberry Custard - 100mL - 6mg,FIN-SCUST-100ML-F-6MG,810152541838,1,100,E-liquid,Strawberry Custard,2026-04-09
"ArcVape Distribution, LLC",ArcVape Distribution,Finest - Strawberry Custard SALT - 30mL - 50mg,FIN-SCUST-30ML-S-50MG,810152541852,1,30,E-liquid,Strawberry Custard,2026-04-09
"ArcVape Distribution, LLC",ArcVape Distribution,Finest - Strawmelon Sour Belts - 100mL - 3mg,FIN-SSBELT-100ML-F-3MG,810152541371,1,100,E-liquid,Strawberry Melon,2026-04-09
"ArcVape Distribution, LLC",ArcVape Distribution,Finest - Strawmelon Sour Belts - 100mL - 6mg,FIN-SSBELT-100ML-F-6MG,810152541388,1,100,E-liquid,Strawberry Melon,2026-04-09
"ArcVape Distribution, LLC",ArcVape Distribution,Finest - Strawmelon Sour Belts SALT - 30mL - 30mg,FIN-SSBELT-30ML-S-30MG,810152541395,1,30,E-liquid,Strawberry Melon,2026-04-09
"ArcVape Distribution, LLC",ArcVape Distribution,Finest - Strawmelon Sour Belts SALT - 30mL - 50mg,FIN-SSBELT-30ML-S-50MG,810152541401,1,30,E-liquid,Strawberry Melon,2026-04-09
"ArcVape Distribution, LLC",ArcVape Distribution,Finest - Tiramisu Custard - 60mL - 3mg,FIN-TCUST-60ML-F-3MG,851953008557,1,60,E-liquid,Tiramisu Custard,2026-04-09
"ArcVape Distribution, LLC",ArcVape Distribution,Finest - Tiramisu Custard - 60mL - 6mg,FIN-TCUST-60ML-F-6MG,851953008564,1,60,E-liquid,Tiramisu Custard,2026-04-09
"ArcVape Distribution, LLC",ArcVape Distribution,Finest - VCT - 60mL - 3mg,FIN-VCT-60ML-F-3MG,851953008731,1,60,E-liquid,Vanilla Tobacco,2026-04-09
"ArcVape Distribution, LLC",ArcVape Distribution,NiCFLiP Disposable Vape - Banana Taffy Freeze,NCF-DSP-50K-BTF-EA,850083603007,1,18,Disposable e-cigarette device,Banana,2026-04-09
"ArcVape Distribution, LLC",ArcVape Distribution,NiCFLiP Disposable Vape - Blue Razz Ice,NCF-DSP-50K-BRI-EA,850083603021,1,18,Disposable e-cigarette device,Blue Razz Ice,2026-04-09
"ArcVape Distribution, LLC",ArcVape Distribution,NiCFLiP Disposable Vape - Cool Mint,NCF-DSP-50K-CM-EA,850083603045,1,18,Disposable e-cigarette device,Cool Mint,2026-04-09
"ArcVape Distribution, LLC",ArcVape Distribution,NiCFLiP Disposable Vape - Double Spearmint,NCF-DSP-50K-DS-EA,850083603069,1,18,Disposable e-cigarette device,Spearmint,2026-04-09
"ArcVape Distribution, LLC",ArcVape Distribution,NiCFLiP Disposable Vape - Miami Mint,NCF-DSP-50K-MM-EA,850083603083,1,18,Disposable e-cigarette device,Mint,2026-04-09
"ArcVape Distribution, LLC",ArcVape Distribution,NiCFLiP Disposable Vape - Orange FCUKING FAB,NCF-DSP-50K-OFF-EA,850083603106,1,18,Disposable e-cigarette device,Orange,2026-04-09
"ArcVape Distribution, LLC",ArcVape Distribution,NiCFLiP Disposable Vape - Sour FCUKING FAB,NCF-DSP-50K-SFF-EA,850083603120,1,18,Disposable e-cigarette device,Mixed Berries,2026-04-09
"ArcVape Distribution, LLC",ArcVape Distribution,NiCFLiP Disposable Vape - Strawberry Kiwi Ice,NCF-DSP-50K-SKI-EA,850083603144,1,18,Disposable e-cigarette device,Strawberry Kiwi,2026-04-09
"ArcVape Distribution, LLC",ArcVape Distribution,NiCFLiP Disposable Vape - Strawberry Watermelon,NCF-DSP-50K-SW-EA,850083603168,1,18,Disposable e-cigarette device,Strawberry Watermelon,2026-04-09
"ArcVape Distribution, LLC",ArcVape Distribution,NiCFLiP Disposable Vape - White Peach Raspberry,NCF-DSP-50K-WPR-EA,850083603182,1,18,Disposable e-cigarette device,White Peach Raspberry,2026-04-09
"ArcVape Distribution, LLC",ArcVape Distribution,NiCFLiP Disposable Vape Display - Banana Taffy Freeze - 5 Units,NCF-DSP-50K-BTF-DSP5,850083603014,5,90,Disposable e-cigarette device,Banana,2026-04-09
"ArcVape Distribution, LLC",ArcVape Distribution,NiCFLiP Disposable Vape Display - Blue Razz Ice - 5 Units,NCF-DSP-50K-BRI-DSP5,850083603076,5,90,Disposable e-cigarette device,Blue Razz Ice,2026-04-09
"ArcVape Distribution, LLC",ArcVape Distribution,NiCFLiP Disposable Vape Display - Cool Mint - 5 Units,NCF-DSP-50K-CM-DSP5,850083603038,5,90,Disposable e-cigarette device,Cool Mint,2026-04-09
"ArcVape Distribution, LLC",ArcVape Distribution,NiCFLiP Disposable Vape Display - Double Spearmint - 5 Units,NCF-DSP-50K-DS-DSP5,850083603052,5,90,Disposable e-cigarette device,Spearmint,2026-04-09
"ArcVape Distribution, LLC",ArcVape Distribution,NiCFLiP Disposable Vape Display - Miami Mint - 5 Units,NCF-DSP-50K-MM-DSP5,850083603090,5,90,Disposable e-cigarette device,Mint,2026-04-09
"ArcVape Distribution, LLC",ArcVape Distribution,NiCFLiP Disposable Vape Display - Orange FCUKING FAB - 5 Units,NCF-DSP-50K-OFF-DSP5,850083603113,5,90,Disposable e-cigarette device,Orange,2026-04-09
"ArcVape Distribution, LLC",ArcVape Distribution,NiCFLiP Disposable Vape Display - Sour FCUKING FAB - 5 Units,NCF-DSP-50K-SFF-DSP5,850083603137,5,90,Disposable e-cigarette device,Mixed Berries,2026-04-09
"ArcVape Distribution, LLC",ArcVape Distribution,NiCFLiP Disposable Vape Display - Strawberry Kiwi Ice - 5 Units,NCF-DSP-50K-SKI-DSP5,850083603151,5,90,Disposable e-cigarette device,Strawberry Kiwi,2026-04-09
"ArcVape Distribution, LLC",ArcVape Distribution,NiCFLiP Disposable Vape Display - Strawberry Watermelon - 5 Units,NCF-DSP-50K-SW-DSP5,850083603175,5,90,Disposable e-cigarette device,Strawberry Watermelon,2026-04-09
"ArcVape Distribution, LLC",ArcVape Distribution,NiCFLiP Disposable Vape Display - White Peach Raspberry - 5 Units,NCF-DSP-50K-WPR-DSP5,850083603199,5,90,Disposable e-cigarette device,White Peach Raspberry,2026-04-09
Beard Management Inc.,Beard Vape Co.,Beard (LIQ FB)(120mL) - No. 00 Cappuccino Tobacco 03mg,859099006284,859099006284,1,120,E-liquid,Cappuccino/Tobacco,2025-12-29
Beard Management Inc.,Beard Vape Co.,Beard (LIQ FB)(120mL) - No. 00 Cappuccino Tobacco 06mg,859099006291,859099006291,1,120,E-liquid,Cappuccino/Tobacco,2025-12-29
Beard Management Inc.,Beard Vape Co.,Beard (LIQ FB)(120mL) - No. 24 Salted Caramel Malt 03mg,859099006239,859099006239,1,120,E-liquid,Caramel,2025-12-29
Beard Management Inc.,Beard Vape Co.,Beard (LIQ FB)(120mL) - No. 24 Salted Caramel Malt 06mg,859099006246,859099006246,1,120,E-liquid,Caramel,2025-12-29
Beard Management Inc.,Beard Vape Co.,Beard (LIQ FB)(100mL) The One - Strawberry 03mg,818440025640,818440025640,1,100,E-liquid,Strawberry,2025-12-29
Beard Management Inc.,Beard Vape Co.,Beard (LIQ FB)(100mL) The One - Strawberry 06mg,818440025657,818440025657,1,100,E-liquid,Strawberry,2025-12-29
Beard Management Inc.,Beard Vape Co.,Beard (LIQ FB)(100mL) The One - Blueberry 03mg,818440029464,818440029464,1,100,E-liquid,Blueberry,2025-12-29
Beard Management Inc.,Beard Vape Co.,Beard (LIQ FB)(100mL) The One - Blueberry 06mg,818440029471,818440029471,1,100,E-liquid,Blueberry,2025-12-29
Beard Management Inc.,Beard Vape Co.,Beard (LIQ FB)(100mL) The One - Milky Loops 03mg,850058810386,850058810386,1,100,E-liquid,Mixed Fruit,2025-12-29
Beard Management Inc.,Beard Vape Co.,Beard (LIQ FB)(100mL) The One - Milky Loops 06mg,850058810393,850058810393,1,100,E-liquid,Mixed Fruit,2025-12-29
Beard Management Inc.,Beard Vape Co.,Beard (LIQ Salt)(30mL) The Salty One - Strawberry 30mg,850004286227,850004286227,1,30,E-liquid,Strawberry,2025-12-29
Beard Management Inc.,Beard Vape Co.,Beard (LIQ Salt)(30mL) The Salty One - Strawberry 50mg,850004286234,850004286234,1,30,E-liquid,Strawberry,2025-12-29
Beard Management Inc.,Beard Vape Co.,Beard (LIQ Salt)(30mL) The Salty One - Apple 30mg,850004286241,850004286241,1,30,E-liquid,Apple,2025-12-29
Beard Management Inc.,Beard Vape Co.,Beard (LIQ Salt)(30mL) The Salty One - Apple 50mg,850004286258,850004286258,1,30,E-liquid,Apple,2025-12-29
Beard Management Inc.,Beard Vape Co.,Beard (LIQ Salt)(30mL) The Salty One - Appleberry 30mg,850004286265,850004286265,1,30,E-liquid,Berry Apple,2025-12-29
Beard Management Inc.,Beard Vape Co.,Beard (LIQ Salt)(30mL) The Salty One - Appleberry 50mg,850004286272,850004286272,1,30,E-liquid,Berry Apple,2025-12-29
Beard Management Inc.,Beard Vape Co.,Beard (LIQ FB)(100mL) The One - Apple 03mg,818440029648,818440029648,1,100,E-liquid,Apple,2025-12-29
Beard Management Inc.,Beard Vape Co.,Beard (LIQ FB)(100mL) The One - Apple 06mg,818440029655,818440029655,1,100,E-liquid,Apple,2025-12-29
Beard Management Inc.,Beard Vape Co.,Beard (LIQ FB)(120mL) - No. 32 Cinnamon Funnel Cake 03mg,853645006261,853645006261,1,120,E-liquid,Cinnamon,2025-12-29
Beard Management Inc.,Beard Vape Co.,Beard (LIQ FB)(120mL) - No. 32 Cinnamon Funnel Cake 06mg,853645006278,853645006278,1,120,E-liquid,Cinnamon,2025-12-29
Beard Management Inc.,Beard Vape Co.,Beard (LIQ FB)(120mL) - No. 05 New York Cheesecake 03mg,853645006117,853645006117,1,120,E-liquid,Cheesecake,2025-12-29
Beard Management Inc.,Beard Vape Co.,Beard (LIQ FB)(120mL) - No. 05 New York Cheesecake 06mg,853645006124,853645006124,1,120,E-liquid,Cheesecake,2025-12-29
Brand Daddy Manufacturing,Brand Daddy Manufacturing,Champs Vape Juicy Peach Ice,Juicy Peach Ice-50000 Puffs,753275556313,1,22,Disposable e-cigarette device,Juicy Peach Ice,2026-04-30
Brand Daddy Manufacturing,Brand Daddy Manufacturing,Champs Vape Blue Razz Ice,Blue Razz Ice-50000 Puffs,753275556177,1,22,Disposable e-cigarette device,Blue Razz Ice,2026-04-30
Brand Daddy Manufacturing,Brand Daddy Manufacturing,Champs Vape Miami Mint,Miami Mint-50000 Puffs,753275556184,1,22,Disposable e-cigarette device,Miami Mint,2026-04-30
Brand Daddy Manufacturing,Brand Daddy Manufacturing,Champs Vape Blueberry Watermelon B Pop,Blueberry Watermelon B Pop-50000 Puffs,753275556191,1,22,Disposable e-cigarette device,Blueberry Watermelon B Pop,2026-04-30
Brand Daddy Manufacturing,Brand Daddy Manufacturing,Champs Vape Sour Apple Ice,Sour Apple Ice-50000 Puffs,753275556207,1,22,Disposable e-cigarette device,Sour Apple Ice,2026-04-30
Brand Daddy Manufacturing,Brand Daddy Manufacturing,Champs Vape Banana Strawberry,Banana Strawberry-50000 Puffs,753275556214,1,22,Disposable e-cigarette device,Banana Strawberry,2026-04-30
Brand Daddy Manufacturing,Brand Daddy Manufacturing,Champs Vape Watermelon Ice,Watermelon Ice -50000 Puffs,753275556221,1,22,Disposable e-cigarette device,Watermelon Ice,2026-04-30
Brand Daddy Manufacturing,Brand Daddy Manufacturing,Champs Vape Banana Taffy Ice,Banana Taffy Ice-50000 Puffs,753275556238,1,22,Disposable e-cigarette device,Banana Taffy Ice,2026-04-30
Brand Daddy Manufacturing,Brand Daddy Manufacturing,Champs Vape Tobacco,Smooth Tobacco-50000 Puffs,753275556245,1,22,Disposable e-cigarette device,Tobacco,2026-04-30
Brand Daddy Manufacturing,Brand Daddy Manufacturing,Champs Vape Strawberry B Pop,Strawberry B-Pop-50000 Puffs,753275556252,1,22,Disposable e-cigarette device,Strawberry B Pop,2026-04-30
Brand Daddy Manufacturing,Brand Daddy Manufacturing,Champs Vape Black Cherry Blast,Black Cherry Blast-50000 Puffs,753275556269,1,22,Disposable e-cigarette device,Black Cherry Blast,2026-04-30
Brand Daddy Manufacturing,Brand Daddy Manufacturing,Champs Vape Mexico Mango,Mexico Mango- 50000 Puffs,753275556276,1,22,Disposable e-cigarette device,Mexico Mango,2026-04-30
Brand Daddy Manufacturing,Brand Daddy Manufacturing,Champs Vape Kiwi Strawberry,Kiwi Strawberry-50000 Puffs,753275556283,1,22,Disposable e-cigarette device,Kiwi Strawberry,2026-04-30
Brand Daddy Manufacturing,Brand Daddy Manufacturing,Champs Vape Sour Fcuking Fab,Sour Fcuking Fab-50000 Puffs,753275556290,1,22,Disposable e-cigarette device,Sour Fcuking Fab,2026-04-30
Brand Daddy Manufacturing,Brand Daddy Manufacturing,Champs Vape Sour Mango Pineapple,Sour Mango Pineapple-50000 Puffs,753275556306,1,22,Disposable e-cigarette device,Sour Mango Pineapple,2026-04-30
Breeze Smoke LLC,Breeze Smoke LLC,BREEZE PLUS - TOBACCO,285535,00810132652103,1,5,Disposable e-cigarette device,Tobacco,2025-10-01
Breeze Smoke LLC,Breeze Smoke LLC,BREEZE PLUS - SPEARMINT,285534,00810132652097,1,3.5,Disposable e-cigarette device,Spearmint,2025-10-01
Breeze Smoke LLC,Breeze Smoke LLC,BREEZE PRIME - BLUEBERRY LEMON,285503,810132650369,1,10,Disposable e-cigarette device,Blueberry & Lemon,2025-10-01
Breeze Smoke LLC,Breeze Smoke LLC,BREEZE PRIME - CHERRY LEMON,285504,810132650376,1,10,Disposable e-cigarette device,Cherry & Lemon,2025-10-01
Breeze Smoke LLC,Breeze Smoke LLC,BREEZE PRIME - COCONUT BANANA,285505,810132650345,1,10,Disposable e-cigarette device,Coconut & Banana,2025-10-01
Breeze Smoke LLC,Breeze Smoke LLC,BREEZE PRIME - HONEYDEW PINEAPPLE,285506,810132650314,1,10,Disposable e-cigarette device,Honeydew & Pineapple,2025-10-01
Breeze Smoke LLC,Breeze Smoke LLC,BREEZE PRIME - LEMON COLA,285507,810132650390,1,10,Disposable e-cigarette device,Lemon & Cola,2025-10-01
Breeze Smoke LLC,Breeze Smoke LLC,BREEZE PRIME - MANGO,285508,810132650321,1,10,Disposable e-cigarette device,Mango,2025-10-01
Breeze Smoke LLC,Breeze Smoke LLC,BREEZE PRIME - MINT,285509,810132650352,1,10,Disposable e-cigarette device,Mint,2025-10-01
Breeze Smoke LLC,Breeze Smoke LLC,BREEZE PRIME - PEACH BERRY,285510,810132650406,1,10,Disposable e-cigarette device,Peach & Berry,2025-10-01
Breeze Smoke LLC,Breeze Smoke LLC,BREEZE PRIME - STRAW. APPLE,285511,810132650383,1,10,Disposable e-cigarette device,Strawberry & Apple,2025-10-01
Breeze Smoke LLC,Breeze Smoke LLC,BREEZE PRIME - STRAWBERRY MINT,285512,810132650338,1,10,Disposable e-cigarette device,Strawberry & Mint,2025-10-01
Breeze Smoke LLC,Breeze Smoke LLC,BREEZE PRO - BANANA MINT,285577,618149268122,1,6,Disposable e-cigarette device,Banana & Mint,2025-10-01
Breeze Smoke LLC,Breeze Smoke LLC,BREEZE PRO - BLUE BANANA,285578,618149267118,1,6,Disposable e-cigarette device,Blueberrry & Banana,2025-10-01
Breeze Smoke LLC,Breeze Smoke LLC,BREEZE PRO - BLUE RASPBERRY,285556,618149268481,1,6,Disposable e-cigarette device,Blueberry & Raspberry,2025-10-01
Breeze Smoke LLC,Breeze Smoke LLC,BREEZE PRO - BLUE WATERMELON,285551,618149269143,1,6,Disposable e-cigarette device,Blueberry & Watermelon,2025-10-01
Breeze Smoke LLC,Breeze Smoke LLC,BREEZE PRO - BLUEBERRY MINT,285562,618149267132,1,6,Disposable e-cigarette device,Blueberry & Mint,2025-10-01
Breeze Smoke LLC,Breeze Smoke LLC,BREEZE PRO - CHERRY COLA,285579,618149268276,1,6,Disposable e-cigarette device,Cherry & Cola,2025-10-01
Breeze Smoke LLC,Breeze Smoke LLC,BREEZE PRO - CHERRY LEMON,285563,618149267156,1,6,Disposable e-cigarette device,Cherry & Lemon,2025-10-01
Breeze Smoke LLC,Breeze Smoke LLC,BREEZE PRO - CITRUS,285560,618149267095,1,6,Disposable e-cigarette device,Citrus,2025-10-01
Breeze Smoke LLC,Breeze Smoke LLC,BREEZE PRO - GRAPE,285564,618149267071,1,6,Disposable e-cigarette device,Grape,2025-10-01
Breeze Smoke LLC,Breeze Smoke LLC,BREEZE PRO - LEMON MINT,285565,618149267170,1,6,Disposable e-cigarette device,Lemon & Mint,2025-10-01
Breeze Smoke LLC,Breeze Smoke LLC,BREEZE PRO - MENTHOL,285555,720665102160,1,6,Disposable e-cigarette device,Menthol,2025-10-01
Breeze Smoke LLC,Breeze Smoke LLC,BREEZE PRO - MINT,285566,618149267194,1,6,Disposable e-cigarette device,Mint,2025-10-01
Breeze Smoke LLC,Breeze Smoke LLC,BREEZE PRO - ORANGE MANGO WATER,285567,618149267217,1,6,Disposable e-cigarette device,"Orange, Mango & Watermelon",2025-10-01
Breeze Smoke LLC,Breeze Smoke LLC,BREEZE PRO - PEACH MANGO,285546,618149268887,1,6,Disposable e-cigarette device,Peach & Mango,2025-10-01
Breeze Smoke LLC,Breeze Smoke LLC,BREEZE PRO - PINE PASSION,285548,720665101279,1,6,Disposable e-cigarette device,Pineapple & Passionfruit,2025-10-01
Breeze Smoke LLC,Breeze Smoke LLC,BREEZE PRO - PINEAPPLE COCONUT,285572,618149267941,1,6,Disposable e-cigarette device,Pineapple & Coconut,2025-10-01
Breeze Smoke LLC,Breeze Smoke LLC,BREEZE PRO - POMEGRANATE BERRY MINT,285578,618149268153,1,6,Disposable e-cigarette device,"Pomegranate, Berry & Mint",2025-10-01
Breeze Smoke LLC,Breeze Smoke LLC,BREEZE PRO - RASPBERRY LEMON,285568,618149267231,1,6,Disposable e-cigarette device,Raspberry & Lemon,2025-10-01
Breeze Smoke LLC,Breeze Smoke LLC,BREEZE PRO - SPEARMINT,285573,618149267958,1,6,Disposable e-cigarette device,Spearmint,2025-10-01
Breeze Smoke LLC,Breeze Smoke LLC,BREEZE PRO - STRAW PEACH MINT,285569,618149267255,1,6,Disposable e-cigarette device,"Strawberry, Peach & Mint",2025-10-01
Breeze Smoke LLC,Breeze Smoke LLC,BREEZE PRO - STRAWBERRY BANANA,285545,618149269167,1,6,Disposable e-cigarette device,Strawberry & Banana,2025-10-01
Breeze Smoke LLC,Breeze Smoke LLC,BREEZE PRO - STRAWBERRY CREAM,285576,618149268061,1,6,Disposable e-cigarette device,Strawberry,2025-10-01
Breeze Smoke LLC,Breeze Smoke LLC,BREEZE PRO - STRAWBERRY KIWI,285553,618149269112,1,6,Disposable e-cigarette device,Strawberry & Kiwi,2025-10-01
Breeze Smoke LLC,Breeze Smoke LLC,BREEZE PRO - STRAWMELON,285552,618149269082,1,6,Disposable e-cigarette device,Strawberry & Watermelon,2025-10-01
Breeze Smoke LLC,Breeze Smoke LLC,BREEZE PRO - TOBACCO,285574,618149269051,1,6,Disposable e-cigarette device,Tobacco,2025-10-01
Breeze Smoke LLC,Breeze Smoke LLC,BREEZE PRO - VANILLA TOBACCO,285558,618149268337,1,6,Disposable e-cigarette device,Vanilla & Tobacco,2025-10-01
Breeze Smoke LLC,Breeze Smoke LLC,BREEZE PRO - WATERMELON MINT,285575,618149268092,1,6,Disposable e-cigarette device,Watermelon & Mint,2025-10-01
Caribbeancloudcompany.com LLC,Caribbean Cloud Company,Brewed Awakening Classic 3mg,100ml Chubby Gorilla Brewed Awakening Classic 3mg,855041008306,1,100,E-liquid,Coffee,2025-10-01
Caribbeancloudcompany.com LLC,Caribbean Cloud Company,Brewed Awakening Classic 6mg,100ml Chubby Gorilla Brewed Awakening Classic 6mg,855041008290,1,100,E-liquid,Coffee,2025-10-01
Caribbeancloudcompany.com LLC,Caribbean Cloud Company,Brewed Awakening Chai Tea 3mg,100ml Chubby Gorilla Brewed Awakening Chai Tea 3mg,855041008283,1,100,E-liquid,Chai Tea,2025-10-01
Caribbeancloudcompany.com LLC,Caribbean Cloud Company,Brewed Awakening Chai Tea 6mg,100ml Chubby Gorilla Brewed Awakening Chai Tea 6mg,855041008276,1,100,E-liquid,Chai Tea,2025-10-01
Caribbeancloudcompany.com LLC,Caribbean Cloud Company,Brewed Awakening Apple Cider 3mg,100ml Chubby Gorilla Brewed Awakening Apple Cider 3mg,855041008092,1,100,E-liquid,Apple,2025-10-01
Caribbeancloudcompany.com LLC,Caribbean Cloud Company,Brewed Awakening Apple Cider 6mg,100ml Chubby Gorilla Brewed Awakening Apple Cider 6mg,855041008146,1,100,E-liquid,Apple,2025-10-01
Charlie's Chalk Dust LLC,Charlie's Chalk Dust LLC,Pachamama 25k - Blue Razz Ice - 5 %,PMM-25K-BLRI-50MG,810100434526,1,20,Disposable e-cigarette device,Raspberry,2025-10-01
Charlie's Chalk Dust LLC,Charlie's Chalk Dust LLC,Pachamama 25k - Blueberry Burst - 5 %,PMM-25K-BLBT-50MG,810100434564,1,20,Disposable e-cigarette device,Blueberry,2025-10-01
Charlie's Chalk Dust LLC,Charlie's Chalk Dust LLC,Pachamama 25k - Clear - 5 %,PMM-25K-CLR-50MG,810100434618,1,20,Disposable e-cigarette device,,2025-10-01
Charlie's Chalk Dust LLC,Charlie's Chalk Dust LLC,Pachamama 25k - Grape Ice - 5 %,PMM-25K-GRPI-50MG,810100434632,1,20,Disposable e-cigarette device,Grape,2025-10-01
Charlie's Chalk Dust LLC,Charlie's Chalk Dust LLC,Pachamama 25k - Mint Mojito - 5 %,PMM-25K-MIMO-50MG,810100434717,1,20,Disposable e-cigarette device,Mint,2025-10-01
Charlie's Chalk Dust LLC,Charlie's Chalk Dust LLC,Pachamama 25k - Mystic Ice - 5 %,PMM-25K-MYIC-50MG,810100434731,1,20,Disposable e-cigarette device,Menthol,2025-10-01
Charlie's Chalk Dust LLC,Charlie's Chalk Dust LLC,Pachamama 25k - Orange Passion Ice - 5 %,PMM-25K-OPIC-50MG,810100434519,1,20,Disposable e-cigarette device,Orange,2025-10-01
Charlie's Chalk Dust LLC,Charlie's Chalk Dust LLC,Pachamama 25k - Peach Berry - 5 %,PMM-25K-PCHB-50MG,810100434823,1,20,Disposable e-cigarette device,Peach,2025-10-01
Charlie's Chalk Dust LLC,Charlie's Chalk Dust LLC,Pachamama 25k - Strawberry Kiwi - 5 %,PMM-25K-SK-50MG,810100434939,1,20,Disposable e-cigarette device,Strawberry,2025-10-01
Charlie's Chalk Dust LLC,Charlie's Chalk Dust LLC,Pachamama 25k - Watermelon Ice - 5 %,PMM-25K-WTRI-50MG,810100435080,1,20,Disposable e-cigarette device,Watermelon,2025-10-01
Charlie's Chalk Dust LLC,Charlie's Chalk Dust LLC,Pachamama 25k - Sour Apple Ice - 5 %,PMM-25K-SAPI-50MG,810100435141,1,20,Disposable e-cigarette device,Sour Apple,2025-10-01
Charlie's Chalk Dust LLC,Charlie's Chalk Dust LLC,Pachamama 25k - Strazz - 5 %,PMM-25K-STRA-50MG,810100435110,1,20,Disposable e-cigarette device,Strawberry,2025-10-01
Charlie's Chalk Dust LLC,Charlie's Chalk Dust LLC,Pachamama 25k - Strawberry Cherry - 5 %,PMM-25K-STCH-50MG,810100435172,1,20,Disposable e-cigarette device,Cherry,2025-10-01
Charlie's Chalk Dust LLC,Charlie's Chalk Dust LLC,Pachamama 25k - F'n Apple - 5 %,PMM-25K-FNAP-50MG,810100435189,1,20,Disposable e-cigarette device,Apple,2025-10-01
Charlie's Chalk Dust LLC,Charlie's Chalk Dust LLC,Pachamama 25k - Juicy Mango - 5 %,PMM-25K-JUMA-50MG,810100435196,1,20,Disposable e-cigarette device,Mango,2025-10-01
Charlie's Chalk Dust LLC,Charlie's Chalk Dust LLC,"Pacha - Blueberry Lemonade - 30mL, 25mg",PCHS-30mL-BBLM-25mg,810100431501,1,30,E-liquid,Blueberry,2025-10-01
Charlie's Chalk Dust LLC,Charlie's Chalk Dust LLC,"Pacha - Blueberry Lemonade - 30mL, 50mg",PCHS-30mL-BBLM-50mg,810100431518,1,30,E-liquid,Blueberry,2025-10-01
Charlie's Chalk Dust LLC,Charlie's Chalk Dust LLC,"Pacha - Black Ice Menthol - 30mL, 25mg",PCHS-30mL-BIM-25mg,810100431402,1,30,E-liquid,Blackberry,2025-10-01
Charlie's Chalk Dust LLC,Charlie's Chalk Dust LLC,"Pacha - Black Ice Menthol - 30mL, 50mg",PCHS-30mL-BIM-50mg,810100431419,1,30,E-liquid,Blackberry,2025-10-01
Charlie's Chalk Dust LLC,Charlie's Chalk Dust LLC,"Pacha - White Peach Ice - 30mL, 25mg",PCHS-30mL-WPI-25mg,810107812907,1,30,E-liquid,Peach,2025-10-01
Charlie's Chalk Dust LLC,Charlie's Chalk Dust LLC,"Pacha - White Peach Ice - 30mL, 50mg",PCHS-30mL-WPI-50mg,810107812952,1,30,E-liquid,Peach,2025-10-01
Charlie's Chalk Dust LLC,Charlie's Chalk Dust LLC,"Pacha - Purple Mango - 30mL, 25mg",PCHS-30mL-PRMG-25mg,810107812945,1,30,E-liquid,Mango,2025-10-01
Charlie's Chalk Dust LLC,Charlie's Chalk Dust LLC,"Pacha - Purple Mango - 30mL, 50mg",PCHS-30mL-PRMG-50mg,810107812990,1,30,E-liquid,Mango,2025-10-01
Charlie's Chalk Dust LLC,Charlie's Chalk Dust LLC,"Pacha - Pink Berry Ice - 30mL, 25mg",PCHS-30mL-PKBI-25mg,810100435288,1,30,E-liquid,Berry,2025-10-01
Charlie's Chalk Dust LLC,Charlie's Chalk Dust LLC,"Pacha - Pink Berry Ice - 30mL, 50mg",PCHS-30mL-PKBI-50mg,810100435202,1,30,E-liquid,Berry,2025-10-01
Charlie's Chalk Dust LLC,Charlie's Chalk Dust LLC,"Pacha - Kiwi Passionfruit - 30mL, 25mg",PCHS-30mL-KGP-25mg,810107812921,1,30,E-liquid,Kiwi,2025-10-01
Charlie's Chalk Dust LLC,Charlie's Chalk Dust LLC,"Pacha - Kiwi Passionfruit - 30mL, 50mg",PCHS-30mL-KGP-50mg,810107813560,1,30,E-liquid,Kiwi,2025-10-01
Charlie's Chalk Dust LLC,Charlie's Chalk Dust LLC,"Pacha - Cherry Limeade - 30mL, 25mg",PCHS-30mL-CHL-25mg,810107812938,1,30,E-liquid,Cherry,2025-10-01
Charlie's Chalk Dust LLC,Charlie's Chalk Dust LLC,"Pacha - Cherry Limeade - 30mL, 50mg",PCHS-30mL-CHL-50mg,810107812983,1,30,E-liquid,Cherry,2025-10-01
Charlie's Chalk Dust LLC,Charlie's Chalk Dust LLC,"Pacha - Strawberry Watermelon - 30mL, 25mg",PCHS-30mL-SW-25mg,810100430559,1,30,E-liquid,Strawberry,2025-10-01
Charlie's Chalk Dust LLC,Charlie's Chalk Dust LLC,"Pacha - Strawberry Watermelon - 30mL, 50mg",PCHS-30mL-SW-50mg,810100430566,1,30,E-liquid,Strawberry,2025-10-01
Charlie's Chalk Dust LLC,Charlie's Chalk Dust LLC,"Pacha - Starfruit Grape Ice - 30mL, 25mg",PCHS-30mL-SGI-25mg,810100430733,1,30,E-liquid,Starfruit Ice,2025-10-01
Charlie's Chalk Dust LLC,Charlie's Chalk Dust LLC,"Pacha - Starfruit Grape Ice - 30mL, 50mg",PCHS-30mL-SGI-50mg,810100430740,1,30,E-liquid,Starfruit Ice,2025-10-01
Charlie's Chalk Dust LLC,Charlie's Chalk Dust LLC,"Pacha - Starfruit Grape - 30mL, 25mg",PCHS-30mL-SG-25mg,810100430597,1,30,E-liquid,Starfruit,2025-10-01
Charlie's Chalk Dust LLC,Charlie's Chalk Dust LLC,"Pacha - Starfruit Grape - 30mL, 50mg",PCHS-30mL-SG-50mg,810100430603,1,30,E-liquid,Starfruit,2025-10-01
Charlie's Chalk Dust LLC,Charlie's Chalk Dust LLC,"Pacha - Sobert - 30mL, 25mg",PCHS-30mL-SRBT-25mg,810100430511,1,30,E-liquid,Sobet,2025-10-01
Charlie's Chalk Dust LLC,Charlie's Chalk Dust LLC,"Pacha - Sobert - 30mL, 50mg",PCHS-30mL-SRBT-50mg,810100430528,1,30,E-liquid,Sobet,2025-10-01
Charlie's Chalk Dust LLC,Charlie's Chalk Dust LLC,"Pacha - Kiwi Berry Ice - 30mL, 25mg",PCHS-30mL-KBI-25mg,810100430696,1,30,E-liquid,Kiwi,2025-10-01
Charlie's Chalk Dust LLC,Charlie's Chalk Dust LLC,"Pacha - Kiwi Berry Ice - 30mL, 50mg",PCHS-30mL-KBI-50mg,810100430702,1,30,E-liquid,Kiwi,2025-10-01
Charlie's Chalk Dust LLC,Charlie's Chalk Dust LLC,"Pacha - Honeydew Melon - 30mL, 25mg",PCHS-30mL-HDM-25mg,810100430573,1,30,E-liquid,Honeydew,2025-10-01
Charlie's Chalk Dust LLC,Charlie's Chalk Dust LLC,"Pacha - Honeydew Melon - 30mL, 50mg",PCHS-30mL-HDM-50mg,810100430580,1,30,E-liquid,Honeydew,2025-10-01
Charlie's Chalk Dust LLC,Charlie's Chalk Dust LLC,"Pacha - Golden Peach Pineapple - 30mL, 25mg",PCHS-30mL-GPPA-25mg,810100430719,1,30,E-liquid,Peach,2025-10-01
Charlie's Chalk Dust LLC,Charlie's Chalk Dust LLC,"Pacha - Golden Peach Pineapple - 30mL, 50mg",PCHS-30mL-GPPA-50mg,810100430726,1,30,E-liquid,Peach,2025-10-01
Charlie's Chalk Dust LLC,Charlie's Chalk Dust LLC,"Pacha - Fuji Ice - 30mL, 25mg",PCHS-30mL-FICE-25mg,810100430771,1,30,E-liquid,Apple Ice,2025-10-01
Charlie's Chalk Dust LLC,Charlie's Chalk Dust LLC,"Pacha - Fuji Ice - 30mL, 50mg",PCHS-30mL-FICE-50mg,810100430788,1,30,E-liquid,Apple Ice,2025-10-01
Charlie's Chalk Dust LLC,Charlie's Chalk Dust LLC,"Pacha - Fuji - 30mL, 25mg",PCHS-30mL-FSN-25mg,810100430535,1,30,E-liquid,Apple,2025-10-01
Charlie's Chalk Dust LLC,Charlie's Chalk Dust LLC,"Pacha - Fuji - 30mL, 50mg",PCHS-30mL-FSN-50mg,810100430542,1,30,E-liquid,Apple,2025-10-01
Charlie's Chalk Dust LLC,Charlie's Chalk Dust LLC,"Pacha - Frosted Cronut - 30mL, 25mg",PCHS-30mL-FRCR-25mg,810100430757,1,30,E-liquid,Donut,2025-10-01
Charlie's Chalk Dust LLC,Charlie's Chalk Dust LLC,"Pacha - Frosted Cronut - 30mL, 50mg",PCHS-30mL-FRCR-50mg,810100430764,1,30,E-liquid,Donut,2025-10-01
Charlie's Chalk Dust LLC,Charlie's Chalk Dust LLC,"Pacha - Apple Tobacco - 30mL, 25mg",PCHS-30mL-ATB-25mg,810100430474,1,30,E-liquid,Apple,2025-10-01
Charlie's Chalk Dust LLC,Charlie's Chalk Dust LLC,"Pacha - Apple Tobacco - 30mL, 50mg",PCHS-30mL-ATB-50mg,810100430481,1,30,E-liquid,Apple,2025-10-01
Charlie's Chalk Dust LLC,Charlie's Chalk Dust LLC,"Pacha - Watermelon Ice - 30mL, 25mg",PCHS-30mL-WTRI-25mg,810100431341,1,30,E-liquid,Watermelon,2025-10-01
Charlie's Chalk Dust LLC,Charlie's Chalk Dust LLC,"Pacha - Watermelon Ice - 30mL, 50mg",PCHS-30mL-WTRI-50mg,810100431372,1,30,E-liquid,Watermelon,2025-10-01
Charlie's Chalk Dust LLC,Charlie's Chalk Dust LLC,"Pacha - Icy Mango - 30mL, 25mg",PCHS-30mL-IM-25mg,810100430498,1,30,E-liquid,Mango,2025-10-01
Charlie's Chalk Dust LLC,Charlie's Chalk Dust LLC,"Pacha - Icy Mango - 30mL, 50mg",PCHS-30mL-IM-50mg,810100430504,1,30,E-liquid,Mango,2025-10-01
Charlie's Chalk Dust LLC,Charlie's Chalk Dust LLC,"Pacha - Citrus Medley - 30mL, 25mg",PCHS-30mL-CTML-25mg,810100431426,1,30,E-liquid,Citrus Blend,2025-10-01
Charlie's Chalk Dust LLC,Charlie's Chalk Dust LLC,"Pacha - Citrus Medley - 30mL, 50mg",PCHS-30mL-CTML-50mg,810100431433,1,30,E-liquid,Citrus Blend,2025-10-01
Charlie's Chalk Dust LLC,Charlie's Chalk Dust LLC,"Pacha - Blue Razz Ice - 30mL, 25mg",PCHS-30mL-BLRI-25mg,810100431464,1,30,E-liquid,Rasberry,2025-10-01
Charlie's Chalk Dust LLC,Charlie's Chalk Dust LLC,"Pacha - Blue Razz Ice - 30mL, 50mg",PCHS-30mL-BLRI-50mg,810100431495,1,30,E-liquid,Rasberry,2025-10-01
Charlie's Chalk Dust LLC,Charlie's Chalk Dust LLC,"Pacha - Blood Orange Banana Gooseberry - 60mL, 3mg",PCHS-60mL-BBG-3mg,810100430429,1,60,E-liquid,Orange,2025-10-01
Charlie's Chalk Dust LLC,Charlie's Chalk Dust LLC,"Pacha - Blood Orange Banana Gooseberry - 60mL, 6mg",PCHS-60mL-BBG-6mg,810100430436,1,60,E-liquid,Orange,2025-10-01
Charlie's Chalk Dust LLC,Charlie's Chalk Dust LLC,"Pacha - Fuji Apple Strawberry Nectarine - 60mL, 3mg",PCHS-60mL-FSN-3mg,810100430368,1,60,E-liquid,Apple,2025-10-01
Charlie's Chalk Dust LLC,Charlie's Chalk Dust LLC,"Pacha - Fuji Apple Strawberry Nectarine - 60mL, 6mg",PCHS-60mL-FSN-6mg,810100430375,1,60,E-liquid,Apple,2025-10-01
Charlie's Chalk Dust LLC,Charlie's Chalk Dust LLC,"Pacha - Huckleberry Pear Acai - 60mL, 3mg",PCHS-60mL-HPA-3mg,810100430399,1,60,E-liquid,Huckleberry,2025-10-01
Charlie's Chalk Dust LLC,Charlie's Chalk Dust LLC,"Pacha - Huckleberry Pear Acai - 60mL, 6mg",PCHS-60mL-HPA-6mg,810100430405,1,60,E-liquid,Huckleberry,2025-10-01
Charlie's Chalk Dust LLC,Charlie's Chalk Dust LLC,"Pacha - Mango Pitaya Pineapple - 60mL, 3mg",PCHS-60mL-MPP-3mg,810100430245,1,60,E-liquid,Mango,2025-10-01
Charlie's Chalk Dust LLC,Charlie's Chalk Dust LLC,"Pacha - Mango Pitaya Pineapple - 60mL, 6mg",PCHS-60mL-MPP-6mg,810100430252,1,60,E-liquid,Mango,2025-10-01
Charlie's Chalk Dust LLC,Charlie's Chalk Dust LLC,"Pacha - Peach Papaya Coconut - 60mL, 3mg",PCHS-60mL-PPCC-3mg,810100430276,1,60,E-liquid,Peach,2025-10-01
Charlie's Chalk Dust LLC,Charlie's Chalk Dust LLC,"Pacha - Peach Papaya Coconut - 60mL, 6mg",PCHS-60mL-PPCC-6mg,810100430283,1,60,E-liquid,Peach,2025-10-01
Charlie's Chalk Dust LLC,Charlie's Chalk Dust LLC,"Pacha - Passionfruit Raspberry Yuzu - 60mL, 3mg",PCHS-60mL-PRY-3mg,810100430450,1,60,E-liquid,Passionfruit,2025-10-01
Charlie's Chalk Dust LLC,Charlie's Chalk Dust LLC,"Pacha - Passionfruit Raspberry Yuzu - 60mL, 6mg",PCHS-60mL-PRY-6mg,810100430467,1,60,E-liquid,Passionfruit,2025-10-01
Charlie's Chalk Dust LLC,Charlie's Chalk Dust LLC,"Pacha - The Mint Leaf - 60mL, 3mg",PCHS-60mL-TML-3mg,810100430337,1,60,E-liquid,Mint,2025-10-01
Charlie's Chalk Dust LLC,Charlie's Chalk Dust LLC,"Pacha - The Mint Leaf - 60mL, 6mg",PCHS-60mL-TML-6mg,810100430344,1,60,E-liquid,Mint,2025-10-01
Charlie's Chalk Dust LLC,Charlie's Chalk Dust LLC,"Pacha - Strawberry Guava Jackfruit - 60mL, 3mg",PCHS-60mL-SGJ-3mg,810100430306,1,60,E-liquid,Strawberry,2025-10-01
Charlie's Chalk Dust LLC,Charlie's Chalk Dust LLC,"Pacha - Strawberry Guava Jackfruit - 60mL, 6mg",PCHS-60mL-SGJ-6mg,810100430313,1,60,E-liquid,Strawberry,2025-10-01
Charlie's Chalk Dust LLC,Charlie's Chalk Dust LLC,"Pacha - Cherry Limeade - 60mL, 3mg",PCHS-60mL-CHL-3mg,810107812839,1,60,E-liquid,Cherry,2025-10-01
Charlie's Chalk Dust LLC,Charlie's Chalk Dust LLC,"Pacha - Cherry Limeade - 60mL, 6mg",PCHS-60mL-CHL-6mg,810107812884,1,60,E-liquid,Cherry,2025-10-01
Charlie's Chalk Dust LLC,Charlie's Chalk Dust LLC,"Pacha - Kiwi Guava Passionfruit - 60mL, 3mg",PCHS-60mL-KGP-3mg,810107812822,1,60,E-liquid,Kiwi,2025-10-01
Charlie's Chalk Dust LLC,Charlie's Chalk Dust LLC,"Pacha - Kiwi Guava Passionfruit - 60mL, 6mg",PCHS-60mL-KGP-6mg,810107812877,1,60,E-liquid,Kiwi,2025-10-01
Charlie's Chalk Dust LLC,Charlie's Chalk Dust LLC,"Pacha - Pink Berry Ice - 60mL, 3mg",PCHS-60mL-PKBI-3mg,810107812815,1,60,E-liquid,Strawberry,2025-10-01
Charlie's Chalk Dust LLC,Charlie's Chalk Dust LLC,"Pacha - Pink Berry Ice - 60mL, 6mg",PCHS-60mL-PKBI-6mg,810107812860,1,60,E-liquid,Strawberry,2025-10-01
Charlie's Chalk Dust LLC,Charlie's Chalk Dust LLC,"Pacha - Purple Mango - 60mL, 3mg",PCHS-60mL-PRMG-3mg,810107812846,1,60,E-liquid,Mango,2025-10-01
Charlie's Chalk Dust LLC,Charlie's Chalk Dust LLC,"Pacha - Purple Mango - 60mL, 6mg",PCHS-60mL-PRMG-6mg,810107812891,1,60,E-liquid,Mango,2025-10-01
Charlie's Chalk Dust LLC,Charlie's Chalk Dust LLC,"Pacha - White Peach Ice - 60mL, 3mg",PCHS-60mL-WPI-3mg,810107812808,1,60,E-liquid,Peach,2025-10-01
Charlie's Chalk Dust LLC,Charlie's Chalk Dust LLC,"Pacha - White Peach Ice - 60mL, 6mg",PCHS-60mL-WPI-6mg,810107812853,1,60,E-liquid,Peach,2025-10-01
Charlie's Chalk Dust LLC,Charlie's Chalk Dust LLC,Pachamama 25K - Blue Razz Ice - 5%,PUS-25K-BLRI-50MG,810100436346,1,20,Disposable e-cigarette device,Raspberry,2026-02-24
Charlie's Chalk Dust LLC,Charlie's Chalk Dust LLC,Pachamama 25K - Blueberry Burst - 5%,PUS-25K-BLBT-50MG,810100436377,1,20,Disposable e-cigarette device,Blueberry,2026-02-24
Charlie's Chalk Dust LLC,Charlie's Chalk Dust LLC,Pachamama 25K - Clear - 5%,PUS-25K-CLR-50MG,810100436384,1,20,Disposable e-cigarette device,,2026-02-24
Charlie's Chalk Dust LLC,Charlie's Chalk Dust LLC,Pachamama 25K - Grape Ice - 5%,PUS-25K-GRPI-50MG,810100436391,1,20,Disposable e-cigarette device,Grape,2026-02-24
Charlie's Chalk Dust LLC,Charlie's Chalk Dust LLC,Pachamama 25K - Mint Mojito - 5%,PUS-25K-MIMO-50MG,810100436407,1,20,Disposable e-cigarette device,Mint,2026-02-24
Charlie's Chalk Dust LLC,Charlie's Chalk Dust LLC,Pachamama 25K - Mystic Ice - 5%,PUS-25K-MYIC-50MG,810100436438,1,20,Disposable e-cigarette device,Menthol,2026-02-24
Charlie's Chalk Dust LLC,Charlie's Chalk Dust LLC,Pachamama 25K - Orange Passion Ice - 5%,PUS-25K-OPIC-50MG,810100436469,1,20,Disposable e-cigarette device,Orange,2026-02-24
Charlie's Chalk Dust LLC,Charlie's Chalk Dust LLC,Pachamama 25K - Peach Berry - 5%,PUS-25K-PCHB-50MG,810100436490,1,20,Disposable e-cigarette device,Peach,2026-02-24
Charlie's Chalk Dust LLC,Charlie's Chalk Dust LLC,Pachamama 25K - Strawberry Kiwi - 5%,PUS-25K-SK-50MG,810100436506,1,20,Disposable e-cigarette device,Strawberry,2026-02-24
Charlie's Chalk Dust LLC,Charlie's Chalk Dust LLC,Pachamama 25K - Watermelon Ice - 5%,PUS-25K-WTRI-50MG,810100436513,1,20,Disposable e-cigarette device,Watermelon,2026-02-24
Charlie's Chalk Dust LLC,Charlie's Chalk Dust LLC,Pachamama 25K - Sour Apple Ice - 5%,PUS-25K-SAPI-50MG,810100436520,1,20,Disposable e-cigarette device,Sour Apple,2026-02-24
Charlie's Chalk Dust LLC,Charlie's Chalk Dust LLC,Pachamama 25K - Strazz - 5%,PUS-25K-STRA-50MG,810100436551,1,20,Disposable e-cigarette device,Strawberry,2026-02-24
Charlie's Chalk Dust LLC,Charlie's Chalk Dust LLC,Pachamama 25K - Strawberry Cherry - 5%,PUS-25K-STCH-50MG,810100436582,1,20,Disposable e-cigarette device,Cherry,2026-02-24
Charlie's Chalk Dust LLC,Charlie's Chalk Dust LLC,Pachamama 25K - F’n Apple - 5%,PUS-25K-FNAP-50MG,810100436612,1,20,Disposable e-cigarette device,Apple,2026-02-24
Charlie's Chalk Dust LLC,Charlie's Chalk Dust LLC,Pachamama 25K - Juicy Mango - 5%,PUS-25K-JUMA-50MG,810100436629,1,20,Disposable e-cigarette device,Mango,2026-02-24
Charlie's Chalk Dust LLC,Charlie's Chalk Dust LLC,Pachamama 25k - Strawberry Watermelon - 5%,PMM-25K-SW-50MG,810100437572,1,20,Disposable e-cigarette device,Strawberry,2026-02-24
Charlie's Chalk Dust LLC,Charlie's Chalk Dust LLC,Pachamama 25k - Iced Blue Dragon Fruit - 5%,PMM-25K-IBLDF-50MG,810100437589,1,20,Disposable e-cigarette device,Dragon Fruit,2026-02-24
Charlie's Chalk Dust LLC,Charlie's Chalk Dust LLC,Pachamama 25k - Florida Orange - 5%,PMM-25K-FOG-50MG,810100437596,1,20,Disposable e-cigarette device,Orange,2026-02-24
Charlie's Chalk Dust LLC,Charlie's Chalk Dust LLC,Pachamama 25K - Strawberry Watermelon - 5%,PUS-25K-SW-50mg,810100438487,1,20,Disposable e-cigarette device,Strawberry,2026-02-24
Charlie's Chalk Dust LLC,Charlie's Chalk Dust LLC,Pachamama 25K - Iced Blue Dragon Fruit - 5%,PUS-25K-IBLDF-50mg,810100438494,1,20,Disposable e-cigarette device,Dragon Fruit,2026-02-24
Charlie's Chalk Dust LLC,Charlie's Chalk Dust LLC,Pachamama 25K - Florida Orange - 5%,PUS-25K-FOG-50mg,810100438500,1,20,Disposable e-cigarette device,Orange,2026-02-24
Charlie's Chalk Dust LLC,Charlie's Chalk Dust LLC,SBX 25K - Blue Razz Ice,SBX-25K-BLRI-5%,810100434533,1,20,Disposable e-cigarette device,Raspberry,2026-02-24
Charlie's Chalk Dust LLC,Charlie's Chalk Dust LLC,SBX 25K - Blueberry Burst,SBX-25K-BLBT-5%,810100434595,1,20,Disposable e-cigarette device,Blueberry,2026-02-24
Charlie's Chalk Dust LLC,Charlie's Chalk Dust LLC,SBX 25K - Grape Ice,SBX-25K-GRPI-5%,810100434656,1,20,Disposable e-cigarette device,Grape,2026-02-24
Charlie's Chalk Dust LLC,Charlie's Chalk Dust LLC,SBX 25K - Lemon Apple Ice,SBX-25K-LAI-5%,810100434700,1,20,Disposable e-cigarette device,Lemon Apple,2026-02-24
Charlie's Chalk Dust LLC,Charlie's Chalk Dust LLC,SBX 25K - Mystic Ice,SBX-25K-MYIC-5%,810100434762,1,20,Disposable e-cigarette device,Menthol,2026-02-24
Charlie's Chalk Dust LLC,Charlie's Chalk Dust LLC,SBX 25K - Ripe Apple,SBX-25K-RAPL-5%,810100434854,1,20,Disposable e-cigarette device,Apple,2026-02-24
Charlie's Chalk Dust LLC,Charlie's Chalk Dust LLC,SBX 25K - Strawberry Kiwi,SBX-25K-SK-5%,810100434946,1,20,Disposable e-cigarette device,Strawberry,2026-02-24
Charlie's Chalk Dust LLC,Charlie's Chalk Dust LLC,SBX 25K - Sweet Spearmint,SBX-25K-SSMT-5%,810100434960,1,20,Disposable e-cigarette device,Mint,2026-02-24
Charlie's Chalk Dust LLC,Charlie's Chalk Dust LLC,SBX 25K - Clear,SBX-25K-CLR-5%,810100434625,1,20,Disposable e-cigarette device,,2026-02-24
Charlie's Chalk Dust LLC,Charlie's Chalk Dust LLC,SBX 25K - Virginia Tobacco,SBX-25K-VITB-5%,810100435028,1,20,Disposable e-cigarette device,Tobacco,2026-02-24
Charlie's Chalk Dust LLC,Charlie's Chalk Dust LLC,SBX 25K - Confetti,SBX-25K-CONF-5%,810100436261,1,20,Disposable e-cigarette device,Vanilla,2026-02-24
Charlie's Chalk Dust LLC,Charlie's Chalk Dust LLC,SBX 25K - Georgia Peach,SBX-25K-GEOR-5%,810100436278,1,20,Disposable e-cigarette device,Peach,2026-02-24
Charlie's Chalk Dust LLC,Charlie's Chalk Dust LLC,SBX 25K - Miami Mint,SBX-25K-MIAM-5%,810100436285,1,20,Disposable e-cigarette device,Mint,2026-02-24
Charlie's Chalk Dust LLC,Charlie's Chalk Dust LLC,SBX 25K - Summer Strawberry,SBX-25K-SST-5%,810100436315,1,20,Disposable e-cigarette device,Strawberry,2026-02-24
Charlie's Chalk Dust LLC,Charlie's Chalk Dust LLC,SBX 25K - Florida Orange,SBX-25K-FOG-5%,810100437800,1,20,Disposable e-cigarette device,Orange,2026-02-24
Charlie's Chalk Dust LLC,Charlie's Chalk Dust LLC,SBX 25K - Iced Blue Dragon Fruit,SBX-25K-IBDF-5%,810100437794,1,20,Disposable e-cigarette device,Dragon Fruit,2026-02-24
Charlie's Chalk Dust LLC,Charlie's Chalk Dust LLC,SBX 25K - Strawberry Watermelon,SBX-25K-SW-5%,810100437763,1,20,Disposable e-cigarette device,Watermelon,2026-02-24
Charlie's Chalk Dust LLC,Charlie's Chalk Dust LLC,SBX 25K - Watermelon Ice,SBX-25K-WTRI-5%,810100437732,1,20,Disposable e-cigarette device,Watermelon,2026-02-24
Charlie's Chalk Dust LLC,Charlie's Chalk Dust LLC,SBX 75K - Fuji - 5%,SBX-75K-FUJI-5%,810100437565,1,20,Disposable e-cigarette device,Apple,2026-02-24
Charlie's Chalk Dust LLC,Charlie's Chalk Dust LLC,SBX 75K - Pink Pineapple - 5%,SBX-75K-PKPL-5%,810100437701,1,20,Disposable e-cigarette device,Pineapple,2026-02-24
Charlie's Chalk Dust LLC,Charlie's Chalk Dust LLC,SBX 75K - Blueberry Watermelon - 5%,SBX-75K-BLWM-5%,810100437817,1,20,Disposable e-cigarette device,Blueberry,2026-02-24
Charlie's Chalk Dust LLC,Charlie's Chalk Dust LLC,SBX 75K - Tropical Breeze - 5%,SBX-75K-TRBZ-5%,810100437824,1,20,Disposable e-cigarette device,Orange,2026-02-24
Charlie's Chalk Dust LLC,Charlie's Chalk Dust LLC,SBX 75K - Starfruit Grape - 5%,SBX-75K-SG-5%,810100437855,1,20,Disposable e-cigarette device,Grape,2026-02-24
Charlie's Chalk Dust LLC,Charlie's Chalk Dust LLC,SBX 75K - Honeydew Melon - 5%,SBX-75K-HDM-5%,810100437886,1,20,Disposable e-cigarette device,Honeydew,2026-02-24
Charlie's Chalk Dust LLC,Charlie's Chalk Dust LLC,SBX 75K - Berry Yuzu Ice - 5%,SBX-75K-BYZI-5%,810100437916,1,20,Disposable e-cigarette device,Berry,2026-02-24
Charlie's Chalk Dust LLC,Charlie's Chalk Dust LLC,SBX 75K - Pineapple Ice - 5%,SBX-75K-PINI-5%,810100438210,1,20,Disposable e-cigarette device,Pineapple,2026-02-24
Charlie's Chalk Dust LLC,Charlie's Chalk Dust LLC,SBX 75K - Blue Razz Ice - 5%,SBX-75K-BLRI-5%,810100438241,1,20,Disposable e-cigarette device,Raspberry,2026-02-24
Charlie's Chalk Dust LLC,Charlie's Chalk Dust LLC,SBX 75K - Strawberry Kiwi - 5%,SBX-75K-SK-5%,810100438258,1,20,Disposable e-cigarette device,Strawberry,2026-02-24
Charlie's Chalk Dust LLC,Charlie's Chalk Dust LLC,SBX 75K - Grape Ice - 5%,SBX-75K-GRPI-5%,810100438265,1,20,Disposable e-cigarette device,Grape,2026-02-24
Charlie's Chalk Dust LLC,Charlie's Chalk Dust LLC,SBX 75K - Miami Mint - 5%,SBX-75K-MIAM-5%,810100438272,1,20,Disposable e-cigarette device,Mint,2026-02-24
Charlie's Chalk Dust LLC,Charlie's Chalk Dust LLC,SBX 75K - Strazz - 5%,SBX-75K-STRA-5%,810100438302,1,20,Disposable e-cigarette device,Strawberry,2026-02-24
Charlie's Chalk Dust LLC,Charlie's Chalk Dust LLC,SBX 75K - Watermelon Ice - 5%,SBX-75K-WTRI-5%,810100438333,1,20,Disposable e-cigarette device,Watermelon,2026-02-24
Charlie's Chalk Dust LLC,Charlie's Chalk Dust LLC,Pachamama 75k - Fuji - 5%,PMM-75K-FUJI-50mg,810100437930,1,20,Disposable e-cigarette device,Apple,2026-02-24
Charlie's Chalk Dust LLC,Charlie's Chalk Dust LLC,Pachamama 75k - Pink Pineapple - 5%,PMM-75K-PKPL-50mg,810100437954,1,20,Disposable e-cigarette device,Pineapple,2026-02-24
Charlie's Chalk Dust LLC,Charlie's Chalk Dust LLC,Pachamama 75k - Blueberry Watermelon - 5%,PMM-75K-BLWM-50mg,810100437978,1,20,Disposable e-cigarette device,Blueberry,2026-02-24
Charlie's Chalk Dust LLC,Charlie's Chalk Dust LLC,Pachamama 75k - Tropical Breeze - 5%,PMM-75K-TRBZ-50mg,810100438005,1,20,Disposable e-cigarette device,Orange,2026-02-24
Charlie's Chalk Dust LLC,Charlie's Chalk Dust LLC,Pachamama 75k - Starfruit Grape - 5%,PMM-75K-SG-50mg,810100438012,1,20,Disposable e-cigarette device,Grape,2026-02-24
Charlie's Chalk Dust LLC,Charlie's Chalk Dust LLC,Pachamama 75k - Honeydew Melon - 5%,PMM-75K-HDM-50mg,810100438029,1,20,Disposable e-cigarette device,Honeydew,2026-02-24
Charlie's Chalk Dust LLC,Charlie's Chalk Dust LLC,Pachamama 75k - Berry Yuzu Ice - 5%,PMM-75K-BYZI-50mg,810100438036,1,20,Disposable e-cigarette device,Berry,2026-02-24
Charlie's Chalk Dust LLC,Charlie's Chalk Dust LLC,Pachamama 75k - Pineapple Ice - 5%,PMM-75K-PINI-50mg,810100438067,1,20,Disposable e-cigarette device,Pineapple,2026-02-24
Charlie's Chalk Dust LLC,Charlie's Chalk Dust LLC,Pachamama 75k - Blue Razz Ice - 5%,PMM-75K-BLRI-50mg,810100438098,1,20,Disposable e-cigarette device,Raspberry,2026-02-24
Charlie's Chalk Dust LLC,Charlie's Chalk Dust LLC,Pachamama 75k - Strawberry Kiwi - 5%,PMM-75K-SK-50mg,810100438128,1,20,Disposable e-cigarette device,Strawberry,2026-02-24
Charlie's Chalk Dust LLC,Charlie's Chalk Dust LLC,Pachamama 75k - Grape Ice - 5%,PMM-75K-GRPI-50mg,810100438135,1,20,Disposable e-cigarette device,Grape,2026-02-24
Charlie's Chalk Dust LLC,Charlie's Chalk Dust LLC,Pachamama 75k - Miami Mint - 5%,PMM-75K-MIAM-50mg,810100438142,1,20,Disposable e-cigarette device,Mint,2026-02-24
Charlie's Chalk Dust LLC,Charlie's Chalk Dust LLC,Pachamama 75k - Strazz - 5%,PMM-75K-STRA-50mg,810100438159,1,20,Disposable e-cigarette device,Strawberry,2026-02-24
Charlie's Chalk Dust LLC,Charlie's Chalk Dust LLC,Pachamama 75k - Watermelon Ice - 5%,PMM-75K-WTRI-50mg,810100438180,1,20,Disposable e-cigarette device,Watermelon,2026-02-24
Coastal Clouds LLC,Coastal Clouds,Coastal Clouds - Apple Peach Strawberry 30ml 35mg,SLTAPS-35,600176053291,1,30,E-liquid,Fruits,2025-10-01
Coastal Clouds LLC,Coastal Clouds,Coastal Clouds - Apple Peach Strawberry 30ml 50mg,SLTAPS-50,600176053307,1,30,E-liquid,Fruits,2025-10-01
Coastal Clouds LLC,Coastal Clouds,Coastal Clouds - Apple Peach Strawberry 60ml 3mg,APS60-3,600176051853,1,60,E-liquid,Fruits,2025-10-01
Coastal Clouds LLC,Coastal Clouds,Coastal Clouds - Apple Peach Strawberry 60ml 6mg,APS60-6,600176051860,1,60,E-liquid,Fruits,2025-10-01
Coastal Clouds LLC,Coastal Clouds,Coastal Clouds - Apple Watermelon 30ml 35mg,SLTAPW-35,684417990514,1,30,E-liquid,Fruits,2025-10-01
Coastal Clouds LLC,Coastal Clouds,Coastal Clouds - Apple Watermelon 30ml 50mg,SLTAPW-50,684417990521,1,30,E-liquid,Fruits,2025-10-01
Coastal Clouds LLC,Coastal Clouds,Coastal Clouds - Apple Watermelon 60ml 3mg,APW60-3,684417990361,1,60,E-liquid,Fruits,2025-10-01
Coastal Clouds LLC,Coastal Clouds,Coastal Clouds - Apple Watermelon 60ml 6mg,APW60-6,684417990378,1,60,E-liquid,Fruits,2025-10-01
Coastal Clouds LLC,Coastal Clouds,Coastal Clouds - Blood Orange Mango 60ml 3mg,BOS60-3,600176052218,1,60,E-liquid,Fruits,2025-10-01
Coastal Clouds LLC,Coastal Clouds,Coastal Clouds - Blood Orange Mango 60ml 6mg,BOS60-6,600176052225,1,60,E-liquid,Fruits,2025-10-01
Coastal Clouds LLC,Coastal Clouds,Coastal Clouds - Blood Orange Peach 30ml 35mg,SLTBOP-35,791684119255,1,30,E-liquid,Fruits,2025-10-01
Coastal Clouds LLC,Coastal Clouds,Coastal Clouds - Blood Orange Peach 30ml 50mg,SLTBOP-50,791684119262,1,30,E-liquid,Fruits,2025-10-01
Coastal Clouds LLC,Coastal Clouds,Coastal Clouds - Blood Orange Peach 60ml 3mg,BOP60-3,791684119125,1,60,E-liquid,Fruits,2025-10-01
Coastal Clouds LLC,Coastal Clouds,Coastal Clouds - Blood Orange Peach 60ml 6mg,BOP60-6,791684119132,1,60,E-liquid,Fruits,2025-10-01
Coastal Clouds LLC,Coastal Clouds,Coastal Clouds - Blue Raspberry Chew 100ml 3mg,BRC100-3,791684119729,1,100,E-liquid,Fruits,2025-10-01
Coastal Clouds LLC,Coastal Clouds,Coastal Clouds - Blue Raspberry Chew 100ml 6mg,BRC100-6,791684119736,1,100,E-liquid,Fruits,2025-10-01
Coastal Clouds LLC,Coastal Clouds,Coastal Clouds - Blueberry Banana 60ml 3mg,BBM60-3,600176051785,1,60,E-liquid,"Fruits, Dessert",2025-10-01
Coastal Clouds LLC,Coastal Clouds,Coastal Clouds - Blueberry Banana 60ml 6mg,BBM60-6,600176051808,1,60,E-liquid,"Fruits, Dessert",2025-10-01
Coastal Clouds LLC,Coastal Clouds,Coastal Clouds - Blueberry Limeade 30ml 35mg,SLTBLU-35,684417989846,1,30,E-liquid,Fruits,2025-10-01
Coastal Clouds LLC,Coastal Clouds,Coastal Clouds - Blueberry Limeade 30ml 50mg,SLTBLU-50,684417989853,1,30,E-liquid,Fruits,2025-10-01
Coastal Clouds LLC,Coastal Clouds,Coastal Clouds - Blueberry Limeade 60ml 3mg,BLU60-3,600176052126,1,60,E-liquid,Fruits,2025-10-01
Coastal Clouds LLC,Coastal Clouds,Coastal Clouds - Blueberry Limeade 60ml 6mg,BLU60-6,600176052133,1,60,E-liquid,Fruits,2025-10-01
Coastal Clouds LLC,Coastal Clouds,Coastal Clouds - Caramel Brulee 30ml 35mg,SLTCMB-35,684417990552,1,30,E-liquid,Dessert,2025-10-01
Coastal Clouds LLC,Coastal Clouds,Coastal Clouds - Caramel Brulee 30ml 50mg,SLTCMB-50,684417990569,1,30,E-liquid,Dessert,2025-10-01
Coastal Clouds LLC,Coastal Clouds,Coastal Clouds - Caramel Brulee 60ml 3mg,CMB60-3,684417990453,1,60,E-liquid,Dessert,2025-10-01
Coastal Clouds LLC,Coastal Clouds,Coastal Clouds - Caramel Brulee 60ml 6mg,CMB60-6,684417990460,1,60,E-liquid,Dessert,2025-10-01
Coastal Clouds LLC,Coastal Clouds,Coastal Clouds - Chilled Apple Pear 30ml 35mg,SLTCAP-35,684417989761,1,30,E-liquid,"Fruits, Menthol",2025-10-01
Coastal Clouds LLC,Coastal Clouds,Coastal Clouds - Chilled Apple Pear 30ml 50mg,SLTCAP-50,684417989778,1,30,E-liquid,"Fruits, Menthol",2025-10-01
Coastal Clouds LLC,Coastal Clouds,Coastal Clouds - Citrus Peach 30ml 35mg,SLTSNT-35,600176053352,1,30,E-liquid,Fruits,2025-10-01
Coastal Clouds LLC,Coastal Clouds,Coastal Clouds - Citrus Peach 30ml 50mg,SLTSNT-50,600176053369,1,30,E-liquid,Fruits,2025-10-01
Coastal Clouds LLC,Coastal Clouds,Coastal Clouds - Citrus Peach 60ml 3mg,SNT60-3,600176052997,1,60,E-liquid,Fruits,2025-10-01
Coastal Clouds LLC,Coastal Clouds,Coastal Clouds - Citrus Peach 60ml 6mg,SNT60-6,600176053000,1,60,E-liquid,Fruits,2025-10-01
Coastal Clouds LLC,Coastal Clouds,Coastal Clouds - Iced Apple Peach Strawberry 60ml 3mg,API60-3,600176051884,1,60,E-liquid,"Fruits, Menthol",2025-10-01
Coastal Clouds LLC,Coastal Clouds,Coastal Clouds - Iced Apple Peach Strawberry 60ml 6mg,API60-6,600176051891,1,60,E-liquid,"Fruits, Menthol",2025-10-01
Coastal Clouds LLC,Coastal Clouds,Coastal Clouds - Iced Apple Watermelon 30ml 35mg,SLTAPWI-35,684417990538,1,30,E-liquid,"Fruits, Menthol",2025-10-01
Coastal Clouds LLC,Coastal Clouds,Coastal Clouds - Iced Apple Watermelon 30ml 50mg,SLTAPWI-50,684417990545,1,30,E-liquid,"Fruits, Menthol",2025-10-01
Coastal Clouds LLC,Coastal Clouds,Coastal Clouds - Iced Apple Watermelon 60ml 3mg,APWI60-3,684417990392,1,60,E-liquid,"Fruits, Menthol",2025-10-01
Coastal Clouds LLC,Coastal Clouds,Coastal Clouds - Iced Apple Watermelon 60ml 6mg,APWI60-6,684417990408,1,60,E-liquid,"Fruits, Menthol",2025-10-01
Coastal Clouds LLC,Coastal Clouds,Coastal Clouds - Iced Blood Orange Mango 60ml 3mg,BOSI60-3,684417989440,1,60,E-liquid,"Fruits, Menthol",2025-10-01
Coastal Clouds LLC,Coastal Clouds,Coastal Clouds - Iced Blood Orange Mango 60ml 6mg,BOSI60-6,684417989457,1,60,E-liquid,"Fruits, Menthol",2025-10-01
Coastal Clouds LLC,Coastal Clouds,Coastal Clouds - Iced Blood Orange Peach 30ml 35mg,SLTBOPI-35,791684119279,1,30,E-liquid,"Fruits, Menthol",2025-10-01
Coastal Clouds LLC,Coastal Clouds,Coastal Clouds - Iced Blood Orange Peach 30ml 50mg,SLTBOPI-50,791684119286,1,30,E-liquid,"Fruits, Menthol",2025-10-01
Coastal Clouds LLC,Coastal Clouds,Coastal Clouds - Iced Blood Orange Peach 60ml 3mg,BOPI60-3,791684119156,1,60,E-liquid,"Fruits, Menthol",2025-10-01
Coastal Clouds LLC,Coastal Clouds,Coastal Clouds - Iced Blood Orange Peach 60ml 6mg,BOPI60-6,791684119163,1,60,E-liquid,"Fruits, Menthol",2025-10-01
Coastal Clouds LLC,Coastal Clouds,Coastal Clouds - Iced Grape Berries 60ml 3mg,GBI60-3,684417989471,1,60,E-liquid,"Fruits, Menthol",2025-10-01
Coastal Clouds LLC,Coastal Clouds,Coastal Clouds - Iced Grape Berries 60ml 6mg,GBI60-6,684417989488,1,60,E-liquid,"Fruits, Menthol",2025-10-01
Coastal Clouds LLC,Coastal Clouds,Coastal Clouds - Iced Mango Berries 30ml 35mg,SLTMBI-35,684417989808,1,30,E-liquid,"Fruits, Menthol",2025-10-01
Coastal Clouds LLC,Coastal Clouds,Coastal Clouds - Iced Mango Berries 30ml 50mg,SLTMBI-50,684417989815,1,30,E-liquid,"Fruits, Menthol",2025-10-01
Coastal Clouds LLC,Coastal Clouds,Coastal Clouds - Iced Mango Berries 60ml 3mg,MBI60-3,600176051679,1,60,E-liquid,"Fruits, Menthol",2025-10-01
Coastal Clouds LLC,Coastal Clouds,Coastal Clouds - Iced Mango Berries 60ml 6mg,MBI60-6,600176051686,1,60,E-liquid,"Fruits, Menthol",2025-10-01
Coastal Clouds LLC,Coastal Clouds,Coastal Clouds - Iced Melon Berries 60ml 3mg,MLBI60-3,684417989419,1,60,E-liquid,"Fruits, Menthol",2025-10-01
Coastal Clouds LLC,Coastal Clouds,Coastal Clouds - Iced Melon Berries 60ml 6mg,MLBI60-6,684417989426,1,60,E-liquid,"Fruits, Menthol",2025-10-01
Coastal Clouds LLC,Coastal Clouds,Coastal Clouds - Iced Passion Fruit Orange Guava 60ml 3mg,POGI60-3,600176051945,1,60,E-liquid,"Fruits, Menthol",2025-10-01
Coastal Clouds LLC,Coastal Clouds,Coastal Clouds - Iced Passion Fruit Orange Guava 60ml 6mg,POGI60-6,600176051952,1,60,E-liquid,"Fruits, Menthol",2025-10-01
Coastal Clouds LLC,Coastal Clouds,Coastal Clouds - Iced Red White and Berry 30ml 35mg,SLTRWBI-35,791684119217,1,30,E-liquid,"Fruits, Menthol",2025-10-01
Coastal Clouds LLC,Coastal Clouds,Coastal Clouds - Iced Red White and Berry 30ml 50mg,SLTRWBI-50,791684119224,1,30,E-liquid,"Fruits, Menthol",2025-10-01
Coastal Clouds LLC,Coastal Clouds,Coastal Clouds - Iced Red White and Berry 60ml 3mg,RWBI60-3,791684119064,1,60,E-liquid,"Fruits, Menthol",2025-10-01
Coastal Clouds LLC,Coastal Clouds,Coastal Clouds - Iced Red White and Berry 60ml 6mg,RWBI60-6,791684119071,1,60,E-liquid,"Fruits, Menthol",2025-10-01
Coastal Clouds LLC,Coastal Clouds,Coastal Clouds - Iced Strawberry Kiwi 30ml 35mg,SLTSBKI-35,684417990491,1,30,E-liquid,"Fruits, Menthol",2025-10-01
Coastal Clouds LLC,Coastal Clouds,Coastal Clouds - Iced Strawberry Kiwi 30ml 50mg,SLTSBKI-50,684417990507,1,30,E-liquid,"Fruits, Menthol",2025-10-01
Coastal Clouds LLC,Coastal Clouds,Coastal Clouds - Iced Strawberry Kiwi 60ml 3mg,SBKI60-3,684417990330,1,60,E-liquid,"Fruits, Menthol",2025-10-01
Coastal Clouds LLC,Coastal Clouds,Coastal Clouds - Iced Strawberry Kiwi 60ml 6mg,SBKI60-6,684417990347,1,60,E-liquid,"Fruits, Menthol",2025-10-01
Coastal Clouds LLC,Coastal Clouds,Coastal Clouds - Lemon Meringue 60ml 3mg,LEM60-3,600176051716,1,60,E-liquid,Dessert,2025-10-01
Coastal Clouds LLC,Coastal Clouds,Coastal Clouds - Lemon Meringue 60ml 6mg,LEM60-6,600176051723,1,60,E-liquid,Dessert,2025-10-01
Coastal Clouds LLC,Coastal Clouds,Coastal Clouds - Lemon Raspberry 60ml 3mg,TRA60-3,600176051754,1,60,E-liquid,Fruits,2025-10-01
Coastal Clouds LLC,Coastal Clouds,Coastal Clouds - Lemon Raspberry 60ml 6mg,TRA60-6,600176051761,1,60,E-liquid,Fruits,2025-10-01
Coastal Clouds LLC,Coastal Clouds,Coastal Clouds - Mango 30ml 35mg,SLTM-35,600176053314,1,30,E-liquid,Fruits,2025-10-01
Coastal Clouds LLC,Coastal Clouds,Coastal Clouds - Mango 30ml 50mg,SLTM-50,600176053321,1,30,E-liquid,Fruits,2025-10-01
Coastal Clouds LLC,Coastal Clouds,Coastal Clouds - Mango Berries 60ml 3mg,MAN60-3,600176052812,1,60,E-liquid,Fruits,2025-10-01
Coastal Clouds LLC,Coastal Clouds,Coastal Clouds - Mango Berries 60ml 6mg,MAN60-6,600176052904,1,60,E-liquid,Fruits,2025-10-01
Coastal Clouds LLC,Coastal Clouds,Coastal Clouds - Maple Butter 60ml 3mg,MPB60-3,600176051792,1,60,E-liquid,Dessert,2025-10-01
Coastal Clouds LLC,Coastal Clouds,Coastal Clouds - Maple Butter 60ml 6mg,MPB60-6,600176051730,1,60,E-liquid,Dessert,2025-10-01
Coastal Clouds LLC,Coastal Clouds,Coastal Clouds - Melon Berries 30ml 35mg,SLTMLB-35,684417989822,1,30,E-liquid,Fruits,2025-10-01
Coastal Clouds LLC,Coastal Clouds,Coastal Clouds - Melon Berries 30ml 50mg,SLTMLB-50,684417989839,1,30,E-liquid,Fruits,2025-10-01
Coastal Clouds LLC,Coastal Clouds,Coastal Clouds - Melon Berries 60ml 3mg,MLB60-3,684417989501,1,60,E-liquid,Fruits,2025-10-01
Coastal Clouds LLC,Coastal Clouds,Coastal Clouds - Melon Berries 60ml 6mg,MLB60-6,684417989518,1,60,E-liquid,Fruits,2025-10-01
Coastal Clouds LLC,Coastal Clouds,Coastal Clouds - Menthol 30ml 35mg,SLTMNT-35,600176053338,1,30,E-liquid,Menthol,2025-10-01
Coastal Clouds LLC,Coastal Clouds,Coastal Clouds - Menthol 30ml 50mg,SLTMNT-50,600176053345,1,30,E-liquid,Menthol,2025-10-01
Coastal Clouds LLC,Coastal Clouds,Coastal Clouds - Menthol 60ml 3mg,MNT60-3,684417990033,1,60,E-liquid,Menthol,2025-10-01
Coastal Clouds LLC,Coastal Clouds,Coastal Clouds - Menthol 60ml 6mg,MNT60-6,684417990040,1,60,E-liquid,Menthol,2025-10-01
Coastal Clouds LLC,Coastal Clouds,Coastal Clouds - Menthol Tobacco 30ml 35mg,SLTMTT-35,791684119231,1,30,E-liquid,"Tobacco, Menthol",2025-10-01
Coastal Clouds LLC,Coastal Clouds,Coastal Clouds - Menthol Tobacco 30ml 50mg,SLTMTT-50,791684119248,1,30,E-liquid,"Tobacco, Menthol",2025-10-01
Coastal Clouds LLC,Coastal Clouds,Coastal Clouds - Menthol Tobacco 60ml 3mg,MTT60-3,791684119095,1,60,E-liquid,"Tobacco, Menthol",2025-10-01
Coastal Clouds LLC,Coastal Clouds,Coastal Clouds - Menthol Tobacco 60ml 6mg,MTT60-6,791684119101,1,60,E-liquid,"Tobacco, Menthol",2025-10-01
Coastal Clouds LLC,Coastal Clouds,Coastal Clouds - Mixed Berries 60ml 3mg,MXB60-3,684417990156,1,60,E-liquid,Fruits,2025-10-01
Coastal Clouds LLC,Coastal Clouds,Coastal Clouds - Mixed Berries 60ml 6mg,MXB60-6,684417990163,1,60,E-liquid,Fruits,2025-10-01
Coastal Clouds LLC,Coastal Clouds,Coastal Clouds - Passion Fruit Orange Guava 60ml 3mg,POG60-3,600176051914,1,60,E-liquid,Fruits,2025-10-01
Coastal Clouds LLC,Coastal Clouds,Coastal Clouds - Passion Fruit Orange Guava 60ml 6mg,POG60-6,600176051921,1,60,E-liquid,Fruits,2025-10-01
Coastal Clouds LLC,Coastal Clouds,Coastal Clouds - Peach Tea 60ml 3mg,PEA60-3,600176052157,1,60,E-liquid,Fruits,2025-10-01
Coastal Clouds LLC,Coastal Clouds,Coastal Clouds - Peach Tea 60ml 6mg,PEA60-6,600176052164,1,60,E-liquid,Fruits,2025-10-01
Coastal Clouds LLC,Coastal Clouds,Coastal Clouds - Pineapple Guava 60ml 3mg,GVP60-3,600176051976,1,60,E-liquid,Fruits,2025-10-01
Coastal Clouds LLC,Coastal Clouds,Coastal Clouds - PIneapple Guava 60ml 6mg,GVP60-6,600176051983,1,60,E-liquid,Fruits,2025-10-01
Coastal Clouds LLC,Coastal Clouds,Coastal Clouds - Pink Lemonade 60ml 3mg,PKL60-3,600176052003,1,60,E-liquid,Fruits,2025-10-01
Coastal Clouds LLC,Coastal Clouds,Coastal Clouds - Pink Lemonade 60ml 6mg,PKL60-6,600176052010,1,60,E-liquid,Fruits,2025-10-01
Coastal Clouds LLC,Coastal Clouds,Coastal Clouds - Red Cherry Chew 100ml 3mg,RCC100-3,791684119668,1,100,E-liquid,Fruits,2025-10-01
Coastal Clouds LLC,Coastal Clouds,Coastal Clouds - Red Cherry Chew 100ml 6mg,RCC100-6,791684119675,1,100,E-liquid,Fruits,2025-10-01
Coastal Clouds LLC,Coastal Clouds,Coastal Clouds - Red White and Berry 30ml 35mg,SLTRWB-35,791684119194,1,30,E-liquid,Fruits,2025-10-01
Coastal Clouds LLC,Coastal Clouds,Coastal Clouds - Red White and Berry 30ml 50mg,SLTRWB-50,791684119200,1,30,E-liquid,Fruits,2025-10-01
Coastal Clouds LLC,Coastal Clouds,Coastal Clouds - Red White and Berry 60ml 3mg,RWB60-3,791684119033,1,60,E-liquid,Fruits,2025-10-01
Coastal Clouds LLC,Coastal Clouds,Coastal Clouds - Red White and Berry 60ml 6mg,RWB60-6,791684119040,1,60,E-liquid,Fruits,2025-10-01
Coastal Clouds LLC,Coastal Clouds,Coastal Clouds - Strawberry Cream 60ml 3mg,VOY60-3,600176052096,1,60,E-liquid,"Fruits, Dessert",2025-10-01
Coastal Clouds LLC,Coastal Clouds,Coastal Clouds - Strawberry Cream 60ml 6mg,VOY60-6,600176052102,1,60,E-liquid,"Fruits, Dessert",2025-10-01
Coastal Clouds LLC,Coastal Clouds,Coastal Clouds - Strawberry Kiwi 30ml 35mg,SLTSBK-35,684417990477,1,30,E-liquid,Fruits,2025-10-01
Coastal Clouds LLC,Coastal Clouds,Coastal Clouds - Strawberry Kiwi 30ml 50mg,SLTSBK-50,684417990484,1,30,E-liquid,Fruits,2025-10-01
Coastal Clouds LLC,Coastal Clouds,Coastal Clouds - Strawberry Kiwi 60ml 3mg,SBK60-3,684417990309,1,60,E-liquid,Fruits,2025-10-01
Coastal Clouds LLC,Coastal Clouds,Coastal Clouds - Strawberry Kiwi 60ml 6mg,SBK60-6,684417990316,1,60,E-liquid,Fruits,2025-10-01
Coastal Clouds LLC,Coastal Clouds,Coastal Clouds - Strawberry Pineapple Coconut 60ml 3mg,STR60-3,600176052188,1,60,E-liquid,Fruits,2025-10-01
Coastal Clouds LLC,Coastal Clouds,Coastal Clouds - Strawberry Pineapple Coconut 60ml 6mg,STR60-6,600176052195,1,60,E-liquid,Fruits,2025-10-01
Coastal Clouds LLC,Coastal Clouds,Coastal Clouds - Tobacco 30ml 35mg,SLTT-35,600176053390,1,30,E-liquid,Tobacco,2025-10-01
Coastal Clouds LLC,Coastal Clouds,Coastal Clouds - Tobacco 30ml 50mg,SLTT-50,600176053406,1,30,E-liquid,Tobacco,2025-10-01
Coastal Clouds LLC,Coastal Clouds,Coastal Clouds - Tobacco 60ml 3mg,CUB60-3,600176052034,1,60,E-liquid,Tobacco,2025-10-01
Coastal Clouds LLC,Coastal Clouds,Coastal Clouds - Tobacco 60ml 6mg,CUB60-6,600176052041,1,60,E-liquid,Tobacco,2025-10-01
Coastal Clouds LLC,Coastal Clouds,Coastal Clouds - Tres Leches 60ml 3mg,TLS60-3,684417990187,1,60,E-liquid,Dessert,2025-10-01
Coastal Clouds LLC,Coastal Clouds,Coastal Clouds - Tres Leches 60ml 6mg,TLS60-6,684417990194,1,60,E-liquid,Dessert,2025-10-01
Coastal Clouds LLC,Coastal Clouds,Coastal Clouds - Tropical Lemonade 60ml 3mg,PYP60-3,600176053024,1,60,E-liquid,Fruits,2025-10-01
Coastal Clouds LLC,Coastal Clouds,Coastal Clouds - Tropical Lemonade 60ml 6mg,PYP60-6,600176053031,1,60,E-liquid,Fruits,2025-10-01
Coastal Clouds LLC,Coastal Clouds,Coastal Clouds - Vanilla Custard 30ml 35mg,SLTVCT-35,684417990576,1,30,E-liquid,Dessert,2025-10-01
Coastal Clouds LLC,Coastal Clouds,Coastal Clouds - Vanilla Custard 30ml 50mg,SLTVCT-50,684417990583,1,30,E-liquid,Dessert,2025-10-01
Coastal Clouds LLC,Coastal Clouds,Coastal Clouds - Vanilla Custard 60ml 3mg,VCT60-3,684417990422,1,60,E-liquid,Dessert,2025-10-01
Coastal Clouds LLC,Coastal Clouds,Coastal Clouds - Vanilla Custard 60ml 6mg,VCT60-6,684417990439,1,60,E-liquid,Dessert,2025-10-01
Coastal Clouds LLC,Coastal Clouds,Coastal Clouds - Vanilla Tobacco 30ml 35mg,SLTVNT-35,791684119170,1,30,E-liquid,"Tobacco, Vanilla",2025-10-01
Coastal Clouds LLC,Coastal Clouds,Coastal Clouds - Vanilla Tobacco 30ml 50mg,SLTVNT-50,791684119187,1,30,E-liquid,"Tobacco, Vanilla",2025-10-01
Coastal Clouds LLC,Coastal Clouds,Coastal Clouds - Vanilla Tobacco 60ml 3mg,VNT60-3,791684119002,1,60,E-liquid,"Tobacco, Vanilla",2025-10-01
Coastal Clouds LLC,Coastal Clouds,Coastal Clouds - Vanilla Tobacco 60ml 6mg,VNT60-6,791684119019,1,60,E-liquid,"Tobacco, Vanilla",2025-10-01
Coastal Clouds LLC,Coastal Clouds,Coastal Clouds - Watermelon Cream 60ml 3mg,ABY60-3,600176052065,1,60,E-liquid,"Fruits, Dessert",2025-10-01
Coastal Clouds LLC,Coastal Clouds,Coastal Clouds - Watermelon Cream 60ml 6mg,ABY60-6,600176052072,1,60,E-liquid,"Fruits, Dessert",2025-10-01
Coastal Clouds LLC,Coastal Clouds,Coastal Clouds - White Clouds Chew 100ml 3mg,WCC100-3,791684119699,1,100,E-liquid,Fruits,2025-10-01
Coastal Clouds LLC,Coastal Clouds,Coastal Clouds - White Clouds Chew 100ml 6mg,WCC100-6,791684119705,1,100,E-liquid,Fruits,2025-10-01
Coastal Clouds LLC,Coastal Clouds,Coastal Clouds - Lemon Tart 100ml 3mg,LMT100-3,791684119750,1,100,E-liquid,Dessert,2026-02-10
Coastal Clouds LLC,Coastal Clouds,Coastal Clouds - Lemon Tart 100ml 6mg,LMT100-6,791684119767,1,100,E-liquid,Dessert,2026-02-10
Coastal Clouds LLC,Coastal Clouds,Coastal Clouds - Strawberry Tart 100ml 3mg,STT100-3,791684119873,1,100,E-liquid,Dessert,2026-02-10
Coastal Clouds LLC,Coastal Clouds,Coastal Clouds - Strawberry Tart 100ml 6mg,STT100-6,791684119880,1,100,E-liquid,Dessert,2026-02-10
Coastal Clouds LLC,Coastal Clouds,Coastal Clouds - Iced Red Cherry Freeze 100ml 3mg,RCF100-3,791684119781,1,100,E-liquid,"Fruits, Menthol",2026-02-10
Coastal Clouds LLC,Coastal Clouds,Coastal Clouds - Iced Red Cherry Freeze 100ml 6mg,RCF100-6,791684119798,1,100,E-liquid,"Fruits, Menthol",2026-02-10
Coastal Clouds LLC,Coastal Clouds,Coastal Clouds - Iced White Clouds Freeze 100ml 3mg,WCF100-3,791684119811,1,100,E-liquid,"Fruits, Menthol",2026-02-10
Coastal Clouds LLC,Coastal Clouds,Coastal Clouds - Iced White Clouds Freeze 100ml 6mg,WCF100-6,791684119828,1,100,E-liquid,"Fruits, Menthol",2026-02-10
Coastal Clouds LLC,Coastal Clouds,Coastal Clouds - Iced Blue Raspberry Freeze 100ml 3mg,BRF100-3,791684119842,1,100,E-liquid,"Fruits, Menthol",2026-02-10
Coastal Clouds LLC,Coastal Clouds,Coastal Clouds - Iced Blue Raspberry Freeze 100ml 6mg,BRF100-6,791684119859,1,100,E-liquid,"Fruits, Menthol",2026-02-10
Coastal Clouds LLC,Coastal Clouds,Coastal Clouds - Strawberry Chew 100ml 3mg,STC100-3,791684119934,1,100,E-liquid,Fruits,2026-02-10
Coastal Clouds LLC,Coastal Clouds,Coastal Clouds - Strawberry Chew 100ml 6mg,STC100-6,791684119941,1,100,E-liquid,Fruits,2026-02-10
Coastal Clouds LLC,Coastal Clouds,Coastal Clouds - Watermelon Chew 100ml 3mg,WTC100-3,791684119903,1,100,E-liquid,Fruits,2026-02-10
Coastal Clouds LLC,Coastal Clouds,Coastal Clouds - Watermelon Chew 100ml 6mg,WTC100-6,791684119910,1,100,E-liquid,Fruits,2026-02-10
Coastal Clouds LLC,Coastal Clouds,Coastal Clouds - Blue Raspberry Chew 30ml 35mg,SLTBRC-35,791684120336,1,30,E-liquid,Fruits,2026-08-26
Coastal Clouds LLC,Coastal Clouds,Coastal Clouds - Blue Raspberry Chew 30ml 50mg,SLTBRC-50,791684120343,1,30,E-liquid,Fruits,2026-08-26
Coastal Clouds LLC,Coastal Clouds,Coastal Clouds - Red Cherry Chew 30ml 35mg,SLTRCC-35,791684120299,1,30,E-liquid,Fruits,2026-08-26
Coastal Clouds LLC,Coastal Clouds,Coastal Clouds - Red Cherry Chew 30ml 50mg,SLTRCC-50,791684120305,1,30,E-liquid,Fruits,2026-08-26
Coastal Clouds LLC,Coastal Clouds,Coastal Clouds - Strawberry Chew 30ml 35mg,SLTSTC-35,791684120374,1,30,E-liquid,Fruits,2026-08-26
Coastal Clouds LLC,Coastal Clouds,Coastal Clouds - Strawberry Chew 30ml 50mg,SLTSTC-50,791684120381,1,30,E-liquid,Fruits,2026-08-26
Coastal Clouds LLC,Coastal Clouds,Coastal Clouds - Watermelon Chew 30ml 35mg,SLTWTC-35,791684120350,1,30,E-liquid,Fruits,2026-08-26
Coastal Clouds LLC,Coastal Clouds,Coastal Clouds - Watermelon Chew 30ml 50mg,SLTWTC-50,791684120367,1,30,E-liquid,Fruits,2026-08-26
Coastal Clouds LLC,Coastal Clouds,Coastal Clouds - White Clouds Chew 30ml 35mg,SLTWCC-35,791684120312,1,30,E-liquid,Fruits,2026-08-26
Coastal Clouds LLC,Coastal Clouds,Coastal Clouds - White Clouds Chew 30ml 50mg,SLTWCC-50,791684120329,1,30,E-liquid,Fruits,2026-08-26
Corepack Solutions Inc.,Saltbae 50 and Corepack Solutions,Saltbae50 Clear,SB50CLR5,810133097057,1,17,Disposable e-cigarette device,Unflavored,2026-02-19
Corepack Solutions Inc.,Saltbae 50 and Corepack Solutions,Saltbae50 Mt. Everest Mint,SB50MEM5,810133097064,1,17,Disposable e-cigarette device,Wintergreen,2026-02-19
Corepack Solutions Inc.,Saltbae 50 and Corepack Solutions,Saltbae50 Peach & Chill,SB50PC5,810133097071,1,17,Disposable e-cigarette device,Peach,2026-02-19
Corepack Solutions Inc.,Saltbae 50 and Corepack Solutions,Saltbae50 Watermelon wave,SB50WW5,810133097088,1,17,Disposable e-cigarette device,Watermelon,2026-02-19
Corepack Solutions Inc.,Saltbae 50 and Corepack Solutions,Saltbae50 Grape Slush,SB50GS5,810133097095,1,17,Disposable e-cigarette device,Grape,2026-02-19
Corepack Solutions Inc.,Saltbae 50 and Corepack Solutions,Saltbae50 Sour Apple,SB50SA5,810133097101,1,17,Disposable e-cigarette device,Apple,2026-02-19
Corepack Solutions Inc.,Saltbae 50 and Corepack Solutions,Saltbae50 Strawberry Pop,SB50SP5,810133097118,1,17,Disposable e-cigarette device,Strawberry,2026-02-19
Corepack Solutions Inc.,Saltbae 50 and Corepack Solutions,Saltbae50 Blue Rizz,SB50BR5,810133097125,1,17,Disposable e-cigarette device,Blueberry,2026-02-19
Corepack Solutions Inc.,Saltbae 50 and Corepack Solutions,Saltbae50 Rainbow Loops,SB50RL5,810133097149,1,17,Disposable e-cigarette device,Fruity Cereal,2026-02-19
Corepack Solutions Inc.,Saltbae 50 and Corepack Solutions,Saltbae50 Cool Mint,SB50CM5,810133097132,1,17,Disposable e-cigarette device,Mint,2026-02-19
Corepack Solutions Inc.,Saltbae 50 and Corepack Solutions,Saltbae50 Clear,SB50CLR5B,810133097156,5,17,Disposable e-cigarette device,Unflavored,2026-02-19
Corepack Solutions Inc.,Saltbae 50 and Corepack Solutions,Saltbae50 MT. Everest Mint,SB50MEM5B,810133097153,5,17,Disposable e-cigarette device,Wintergreen,2026-02-19
Corepack Solutions Inc.,Saltbae 50 and Corepack Solutions,Saltbae50 Peach & Chill,SB50PC5B,810133097170,5,17,Disposable e-cigarette device,Peach,2026-02-19
Corepack Solutions Inc.,Saltbae 50 and Corepack Solutions,Saltbae50 Watermelon wave,SB50WW5B,810133097187,5,17,Disposable e-cigarette device,Watermelon,2026-02-19
Corepack Solutions Inc.,Saltbae 50 and Corepack Solutions,Saltbae50 Grape Slush,SB50GS5B,810133097194,5,17,Disposable e-cigarette device,Grape,2026-02-19
Corepack Solutions Inc.,Saltbae 50 and Corepack Solutions,Saltbae50 Sour Apple,SB50SA5B,810133097200,5,17,Disposable e-cigarette device,Apple,2026-02-19
Corepack Solutions Inc.,Saltbae 50 and Corepack Solutions,Saltbae50 Strawberry Pop,SB50SP5B,810133097217,5,17,Disposable e-cigarette device,Strawberry,2026-02-19
Corepack Solutions Inc.,Saltbae 50 and Corepack Solutions,Saltbae50 Blue Rizz,SB50BR5B,810133097224,5,17,Disposable e-cigarette device,Blueberry,2026-02-19
Corepack Solutions Inc.,Saltbae 50 and Corepack Solutions,Saltbae50 Rainbow Loops,SB50RL5B,810133097248,5,17,Disposable e-cigarette device,Fruity Cereal,2026-02-19
Corepack Solutions Inc.,Saltbae 50 and Corepack Solutions,Saltbae50 Cool Mint,SB50CM5B,810133097231,5,17,Disposable e-cigarette device,Mint,2026-02-19
"E-Alternative Solutions, LLC","E-Alternative Solutions, LLC",Leap Go Smooth Tobacco 5% Nicotine,LP600,888861306000,1,1.25,Disposable e-cigarette device,Tobacco,2025-10-01
"E-Alternative Solutions, LLC","E-Alternative Solutions, LLC",Leap Go Mint 5% Nicotine,LP603,888861306031,1,1.25,Disposable e-cigarette device,Mint,2025-10-01
"E-Alternative Solutions, LLC","E-Alternative Solutions, LLC",Leap Go Mango 5% Nicotine,LP602,888861306024,1,1.25,Disposable e-cigarette device,Mango,2025-10-01
"E-Alternative Solutions, LLC","E-Alternative Solutions, LLC",Leap Pod Carolina Tobacco 2.4% Nicotine,LP107,888861301074,2,1.5,Electronic cigarette pod or cartridge,,2025-10-01
"E-Alternative Solutions, LLC","E-Alternative Solutions, LLC",Leap Pod Kentucky Tobacco 2.4% Nicotine,LP102,888861301029,2,1.5,Electronic cigarette pod or cartridge,,2025-10-01
"E-Alternative Solutions, LLC","E-Alternative Solutions, LLC",Leap Pod Georgia Tobacco 2.4% Nicotine,LP113,888861301135,2,1.5,Electronic cigarette pod or cartridge,,2025-10-01
"E-Alternative Solutions, LLC","E-Alternative Solutions, LLC",Leap Pod Rough-Cut Tobacco 2.4% Nicotine,LP120,888861301203,2,1.5,Electronic cigarette pod or cartridge,,2025-10-01
"E-Alternative Solutions, LLC","E-Alternative Solutions, LLC",Leap Pod Kentucky Menthol 2.4% Nicotine,LP103,888861301036,2,1.5,Electronic cigarette pod or cartridge,Menthol,2025-10-01
"E-Alternative Solutions, LLC","E-Alternative Solutions, LLC",Leap Pod Menthol 2.4% Nicotine,LP111,888861301111,2,1.5,Electronic cigarette pod or cartridge,Menthol,2025-10-01
"E-Alternative Solutions, LLC","E-Alternative Solutions, LLC",Leap Pod Carolina Tobacco 4.8% Nicotine,LP206,888861302064,2,1.5,Electronic cigarette pod or cartridge,,2025-10-01
"E-Alternative Solutions, LLC","E-Alternative Solutions, LLC",Leap Pod Kentucky Tobacco 4.8% Nicotine,LP201,888861302019,2,1.5,Electronic cigarette pod or cartridge,,2025-10-01
"E-Alternative Solutions, LLC","E-Alternative Solutions, LLC",Leap Pod Georgia Tobacco 4.8% Nicotine,LP212,888861302125,2,1.5,Electronic cigarette pod or cartridge,,2025-10-01
"E-Alternative Solutions, LLC","E-Alternative Solutions, LLC",Leap Pod Rough-Cut Tobacco 4.8% Nicotine,LP219,888861302194,2,1.5,Electronic cigarette pod or cartridge,,2025-10-01
"E-Alternative Solutions, LLC","E-Alternative Solutions, LLC",Leap Pod Kentucky Menthol 4.8% Nicotine,LP202,888861302026,2,1.5,Electronic cigarette pod or cartridge,Menthol,2025-10-01
"E-Alternative Solutions, LLC","E-Alternative Solutions, LLC",Leap Pod Menthol 4.8% Nicotine,LP210,888861302101,2,1.5,Electronic cigarette pod or cartridge,Menthol,2025-10-01
"E-Alternative Solutions, LLC","E-Alternative Solutions, LLC",Leap Device Kit,LP099,888861300992,1,,Other,,2025-10-01
"E-Liquid Brands, LLC","E-Liquid Brands, LLC","Loosie Salts, Rich & Bold, 30mL, 18mg",985734,642078974915,1,30,E-liquid,Tobacco,2025-12-19
"E-Liquid Brands, LLC","E-Liquid Brands, LLC","Loosie Tob-Free Nic Salts, Cool Mint, 30mL, 18mg",320934,QR Code,1,30,E-liquid,Menthol,2025-12-19
"E-Liquid Brands, LLC","E-Liquid Brands, LLC","Loosie Tob-Free Nic Salts, Cool Mint, 30mL, 24mg",320935,QR Code,1,30,E-liquid,Menthol,2025-12-19
"E-Liquid Brands, LLC","E-Liquid Brands, LLC","Loosie Tob-Free Nic Salts, Cool Mint, 30mL, 36mg",320936,QR Code,1,30,E-liquid,Menthol,2025-12-19
"E-Liquid Brands, LLC","E-Liquid Brands, LLC","Loosie Tob-Free Nic Salts, Gold Reserve, 30mL, 18mg",321134,QR Code,1,30,E-liquid,Tobacco,2025-12-19
"E-Liquid Brands, LLC","E-Liquid Brands, LLC","Loosie Tob-Free Nic Salts, Gold Reserve, 30mL, 24mg",321135,QR Code,1,30,E-liquid,Tobacco,2025-12-19
"E-Liquid Brands, LLC","E-Liquid Brands, LLC","Loosie Tob-Free Nic Salts, Gold Reserve, 30mL, 36mg",321136,QR Code,1,30,E-liquid,Tobacco,2025-12-19
"E-Liquid Brands, LLC","E-Liquid Brands, LLC","Loosie Tob-Free Nic, Cool Mint, 60mL, 12mg",3208CB,QR Code,1,60,E-liquid,Menthol,2025-12-19
"E-Liquid Brands, LLC","E-Liquid Brands, LLC","Loosie Tob-Free Nic, Cool Mint, 60mL, 3mg",3208C1,QR Code,1,60,E-liquid,Menthol,2025-12-19
"E-Liquid Brands, LLC","E-Liquid Brands, LLC","Loosie Tob-Free Nic, Cool Mint, 60mL, 6mg",3208C2,QR Code,1,60,E-liquid,Menthol,2025-12-19
"E-Liquid Brands, LLC","E-Liquid Brands, LLC","Loosie Tob-Free Nic, Gold Reserve, 60mL, 12mg",3210CB,QR Code,1,60,E-liquid,Tobacco,2025-12-19
"E-Liquid Brands, LLC","E-Liquid Brands, LLC","Loosie Tob-Free Nic, Gold Reserve, 60mL, 3mg",3210C1,QR Code,1,60,E-liquid,Tobacco,2025-12-19
"E-Liquid Brands, LLC","E-Liquid Brands, LLC","Loosie Tob-Free Nic, Gold Reserve, 60mL, 6mg",3210C2,QR Code,1,60,E-liquid,Tobacco,2025-12-19
"E-Liquid Brands, LLC","E-Liquid Brands, LLC","Loosie Tob-Free Nic, Rich & Bold, 60mL, 12mg",3212CB,QR Code,1,60,E-liquid,Tobacco,2025-12-19
"E-Liquid Brands, LLC","E-Liquid Brands, LLC","Loosie Tob-Free Nic, Rich & Bold, 60mL, 3mg",3212C1,QR Code,1,60,E-liquid,Tobacco,2025-12-19
"E-Liquid Brands, LLC","E-Liquid Brands, LLC","Loosie Tob-Free Nic, Rich & Bold, 60mL, 6mg",3212C2,QR Code,1,60,E-liquid,Tobacco,2025-12-19
"E-Liquid Brands, LLC","E-Liquid Brands, LLC","Loosie Tob-Free Salts, Rich & Bold, 30mL, 18mg",321334,QR Code,1,30,E-liquid,Tobacco,2025-12-19
"E-Liquid Brands, LLC","E-Liquid Brands, LLC","Loosie Tob-Free Salts, Rich & Bold, 30mL, 24mg",321335,QR Code,1,30,E-liquid,Tobacco,2025-12-19
"E-Liquid Brands, LLC","E-Liquid Brands, LLC","Loosie Tob-Free Salts, Rich & Bold, 30mL, 36mg",321336,QR Code,1,30,E-liquid,Tobacco,2025-12-19
"E-Liquid Brands, LLC","E-Liquid Brands, LLC","Loosie, Gold Reserve, 60mL, 12mg",5119CB,642078974991,1,60,E-liquid,Tobacco,2025-12-19
"E-Liquid Brands, LLC","E-Liquid Brands, LLC","Loosie, Gold Reserve, 60mL, 3mg",5119C1,642078975004,1,60,E-liquid,Tobacco,2025-12-19
"E-Liquid Brands, LLC","E-Liquid Brands, LLC","Loosie, Rich & Bold, 60mL, 12mg",5117CB,642078975035,1,60,E-liquid,Tobacco,2025-12-19
"E-Liquid Brands, LLC","E-Liquid Brands, LLC","Loosie, Rich & Bold, 60mL, 3mg",5117C1,642078975042,1,60,E-liquid,Tobacco,2025-12-19
"E-Liquid Brands, LLC","E-Liquid Brands, LLC","One Hit Wonder Salt, Army Man, 30ml, 25mg",46073R,QR Code,1,30,E-liquid,Dessert,2025-12-19
"E-Liquid Brands, LLC","E-Liquid Brands, LLC","One HIt Wonder Salt, Island Man, 30ml, 25mg",46093R,643989723890,1,30,E-liquid,Fruit,2025-12-19
"E-Liquid Brands, LLC","E-Liquid Brands, LLC","One HIt Wonder Salt, Island Man, 30ml, 50mg",46093V,6643989728906,1,30,E-liquid,Fruit,2025-12-19
"E-Liquid Brands, LLC","E-Liquid Brands, LLC","One Hit Wonder Salt, Magic Man, 30ml, 25mg",46113R,643989723999,1,30,E-liquid,Fruit,2025-12-19
"E-Liquid Brands, LLC","E-Liquid Brands, LLC","One Hit Wonder Salt, My Man, 30ml, 25mg",46143R,6643989724149,1,30,E-liquid,Fruit,2025-12-19
"E-Liquid Brands, LLC","E-Liquid Brands, LLC","One Hit Wonder Salt, The Man, 30ml, 50mg",46163V,6643989724255,1,30,E-liquid,Fruit,2025-12-19
"E-Liquid Brands, LLC","E-Liquid Brands, LLC","One Hit Wonder Salts, Army Man, 30mL, 50mg",46073V,643989723807,1,30,E-liquid,Dessert,2025-12-19
"E-Liquid Brands, LLC","E-Liquid Brands, LLC","One Hit Wonder Salts, Fire Man, 30mL, 25mg",46083R,602573876848,1,30,E-liquid,Fruit,2025-12-19
"E-Liquid Brands, LLC","E-Liquid Brands, LLC","One Hit Wonder Salts, Fire Man, 30mL, 50mg",46083V,602573876855,1,30,E-liquid,Fruit,2025-12-19
"E-Liquid Brands, LLC","E-Liquid Brands, LLC","One Hit Wonder Salts, Island Man Ice, 30mL, 25mg",46103R,602573876886,1,30,E-liquid,Fruit,2025-12-19
"E-Liquid Brands, LLC","E-Liquid Brands, LLC","One Hit Wonder Salts, Island Man ice, 30mL, 50mg",46103V,643989723951,1,30,E-liquid,Fruit,2025-12-19
"E-Liquid Brands, LLC","E-Liquid Brands, LLC","One Hit Wonder Salts, Island Man, 30mL, 25mg",602573876862,602573876862,1,30,E-liquid,Fruit,2025-12-19
"E-Liquid Brands, LLC","E-Liquid Brands, LLC","One Hit Wonder Salts, Magic Man, 30mL, 50mg",46113V,602573876916,1,30,E-liquid,Fruit,2025-12-19
"E-Liquid Brands, LLC","E-Liquid Brands, LLC","One Hit Wonder Salts, Mini Muffin Man, 30mL, 25mg",46123R,643989724040,1,30,E-liquid,Dessert,2025-12-19
"E-Liquid Brands, LLC","E-Liquid Brands, LLC","One Hit Wonder Salts, Mini Muffin Man, 30mL, 50mg",46123V,643989724057,1,30,E-liquid,Dessert,2025-12-19
"E-Liquid Brands, LLC","E-Liquid Brands, LLC","One Hit Wonder Salts, Muffin Man, 30mL, 25mg",46133R,602573876947,1,30,E-liquid,Dessert,2025-12-19
"E-Liquid Brands, LLC","E-Liquid Brands, LLC","One Hit Wonder Salts, Muffin Man, 30mL, 50mg",46133V,602573876954,1,30,E-liquid,Dessert,2025-12-19
"E-Liquid Brands, LLC","E-Liquid Brands, LLC","One Hit Wonder Salts, My Man, 30mL, 50mg",46143V,643989724156,1,30,E-liquid,Fruit,2025-12-19
"E-Liquid Brands, LLC","E-Liquid Brands, LLC","One Hit Wonder Salts, Rocket Man, 30mL, 25mg",46153R,602573876985,1,30,E-liquid,Fruit,2025-12-19
"E-Liquid Brands, LLC","E-Liquid Brands, LLC","One Hit Wonder Salts, Rocket Man, 30mL, 50mg",46153V,602573876992,1,30,E-liquid,Fruit,2025-12-19
"E-Liquid Brands, LLC","E-Liquid Brands, LLC","One Hit Wonder Salts, The Man, 30mL, 25mg",46163R,602573870587,1,30,E-liquid,Fruit,2025-12-19
"E-Liquid Brands, LLC","E-Liquid Brands, LLC","One Hit Wonder Salts, The Man, 30mL, 50mg",602573870594,643989724255,1,30,E-liquid,Fruit,2025-12-19
"E-Liquid Brands, LLC","E-Liquid Brands, LLC","One Hit Wonder, Army Man, 100ml, 3mg",4597A1,602573536889,1,100,E-liquid,Dessert,2025-12-19
"E-Liquid Brands, LLC","E-Liquid Brands, LLC","One Hit Wonder, Army Man, 100ml, 6mg",4597A2,602573536896,1,100,E-liquid,Dessert,2025-12-19
"E-Liquid Brands, LLC","E-Liquid Brands, LLC","One Hit Wonder, Fire Man, 100mL, 3mg",4598A1,643989723821,1,100,E-liquid,Fruit,2025-12-19
"E-Liquid Brands, LLC","E-Liquid Brands, LLC","One Hit Wonder, Fire Man, 100mL, 6mg",4598A2,602573536926,1,100,E-liquid,Fruit,2025-12-19
"E-Liquid Brands, LLC","E-Liquid Brands, LLC","One Hit Wonder, Island Man Ice, 100mL, 3mg",4600A1,602573537152,1,100,E-liquid,Fruit,2025-12-19
"E-Liquid Brands, LLC","E-Liquid Brands, LLC","One Hit Wonder, Island Man Ice, 100mL, 6mg",4600A2,602573537169,1,100,E-liquid,Fruit,2025-12-19
"E-Liquid Brands, LLC","E-Liquid Brands, LLC","One Hit Wonder, Island Man, 100ml, 3mg",4599A1,602573536940,1,100,E-liquid,Fruit,2025-12-19
"E-Liquid Brands, LLC","E-Liquid Brands, LLC","One Hit Wonder, Island Man, 100ml, 6mg",4599A2,643989723883,1,100,E-liquid,Fruit,2025-12-19
"E-Liquid Brands, LLC","E-Liquid Brands, LLC","One Hit Wonder, Magic Man, 100ml, 3mg",4601A1,643989723975,1,100,E-liquid,Fruit,2025-12-19
"E-Liquid Brands, LLC","E-Liquid Brands, LLC","One Hit Wonder, Magic Man, 100ml, 6mg",4601A2,643989723982,1,100,E-liquid,Fruit,2025-12-19
"E-Liquid Brands, LLC","E-Liquid Brands, LLC","One Hit Wonder, Mini Muffin Man, 100ml, 3mg",4602A1,602573537008,1,100,E-liquid,Dessert,2025-12-19
"E-Liquid Brands, LLC","E-Liquid Brands, LLC","One Hit Wonder, Mini Muffin Man, 100mL, 6mg",4602A2,602573537015,1,100,E-liquid,Dessert,2025-12-19
"E-Liquid Brands, LLC","E-Liquid Brands, LLC","One Hit Wonder, Muffin Man, 100mL, 3mg",4603A1,602573537039,1,100,E-liquid,Dessert,2025-12-19
"E-Liquid Brands, LLC","E-Liquid Brands, LLC","One Hit Wonder, Muffin Man, 100mL, 6mg",4603A2,602573537046,1,100,E-liquid,Dessert,2025-12-19
"E-Liquid Brands, LLC","E-Liquid Brands, LLC","One Hit Wonder, My Man, 100mL, 3mg",4604A1,602573537060,1,100,E-liquid,Fruit,2025-12-19
"E-Liquid Brands, LLC","E-Liquid Brands, LLC","One Hit Wonder, My Man, 100mL, 6mg",4604A2,602573537077,1,100,E-liquid,Fruit,2025-12-19
"E-Liquid Brands, LLC","E-Liquid Brands, LLC","One Hit Wonder, Rocket Man, 100mL, 3mg",4605A1,602573537091,1,100,E-liquid,Fruit,2025-12-19
"E-Liquid Brands, LLC","E-Liquid Brands, LLC","One Hit Wonder, Rocket Man, 100ml, 6mg",4605A2,602573537107,1,100,E-liquid,Fruit,2025-12-19
"E-Liquid Brands, LLC","E-Liquid Brands, LLC","One Hit Wonder, The Man, 100ml, 3mg",4606A1,602573537121,1,100,E-liquid,Fruit,2025-12-19
"E-Liquid Brands, LLC","E-Liquid Brands, LLC","One Hit Wonder, The Man, 100mL, 6mg",4606A2,602573537138,1,100,E-liquid,Fruit,2025-12-19
"E-Liquid Brands, LLC","E-Liquid Brands, LLC","Freezer Javalanche, Tob-Free NIC, 120mL, 12mg",46925B,QR Code,1,120,E-liquid,Dessert,2025-12-19
"E-Liquid Brands, LLC","E-Liquid Brands, LLC","Freezer Javalanche, Tob-Free NIC, 120mL, 3mg",469251,QR Code,1,120,E-liquid,Dessert,2025-12-19
"E-Liquid Brands, LLC","E-Liquid Brands, LLC","Freezer Javalanche, Tob-Free NIC, 120mL, 6mg",469252,QR Code,1,120,E-liquid,Dessert,2025-12-19
"E-Liquid Brands, LLC","E-Liquid Brands, LLC","Freezer, Arctic Paradise, Tob-Free NIC, 120ml, 12mg",82795B,QR Code,1,120,E-liquid,Fruit,2025-12-19
"E-Liquid Brands, LLC","E-Liquid Brands, LLC","Freezer, Arctic Paradise, Tob-Free NIC, 120ml, 3mg",827951,QR Code,1,120,E-liquid,Fruit,2025-12-19
"E-Liquid Brands, LLC","E-Liquid Brands, LLC","Freezer, Arctic Paradise, Tob-Free NIC, 120ml, 6mg",827952,QR Code,1,120,E-liquid,Fruit,2025-12-19
"E-Liquid Brands, LLC","E-Liquid Brands, LLC","Freezer, Frozen Apples, Tob-Free NIC, 120mL, 12mg",82815B,QR Code,1,120,E-liquid,Fruit,2025-12-19
"E-Liquid Brands, LLC","E-Liquid Brands, LLC","Freezer, Frozen Apples, Tob-Free NIC, 120mL, 3mg",828151,QR Code,1,120,E-liquid,Fruit,2025-12-19
"E-Liquid Brands, LLC","E-Liquid Brands, LLC","Freezer, Frozen Apples, Tob-Free NIC, 120mL, 6mg",828152,QR Code,1,120,E-liquid,Fruit,2025-12-19
"E-Liquid Brands, LLC","E-Liquid Brands, LLC","Freezer, Polar Mint, Tob-Free NIC, 120mL, 12mg",45745B,QR Code,1,120,E-liquid,Menthol,2025-12-19
"E-Liquid Brands, LLC","E-Liquid Brands, LLC","Freezer, Polar Mint, Tob-Free NIC, 120mL, 3mg",457451,QR Code,1,120,E-liquid,Menthol,2025-12-19
"E-Liquid Brands, LLC","E-Liquid Brands, LLC","Freezer, Polar Mint, Tob-Free NIC, 120mL, 6mg",457452,QR Code,1,120,E-liquid,Menthol,2025-12-19
"E-Liquid Brands, LLC","E-Liquid Brands, LLC","Freezer, Strawmelon Glacier, Tob-Free NIC, 120mL, 12mg",82805B,QR Code,1,120,E-liquid,Fruit,2025-12-19
"E-Liquid Brands, LLC","E-Liquid Brands, LLC","Freezer, Strawmelon Glacier, Tob-Free NIC, 120mL, 3mg",828051,QR Code,1,120,E-liquid,Fruit,2025-12-19
"E-Liquid Brands, LLC","E-Liquid Brands, LLC","Freezer, Strawmelon Glacier, Tob-Free NIC, 120mL, 6mg",828052,QR Code,1,120,E-liquid,Fruit,2025-12-19
"E-Liquid Brands, LLC","E-Liquid Brands, LLC","Freezer, Strawnana Slush, Tob-Free NIC, 120mL, 12mg",45755B,QR Code,1,120,E-liquid,Fruit,2025-12-19
"E-Liquid Brands, LLC","E-Liquid Brands, LLC","Freezer, Strawnana Slush, Tob-Free NIC, 120mL, 3mg",457551,QR Code,1,120,E-liquid,Fruit,2025-12-19
"E-Liquid Brands, LLC","E-Liquid Brands, LLC","Freezer, Strawnana Slush, Tob-Free NIC, 120mL, 6mg",457552,QR Code,1,120,E-liquid,Fruit,2025-12-19
"E-Liquid Brands, LLC","E-Liquid Brands, LLC","Prime Black, Baby Beetle, 120mL, 12mg",30345B,QR Code,1,120,E-liquid,Fruit,2025-12-19
"E-Liquid Brands, LLC","E-Liquid Brands, LLC","Prime Black, Baby Beetle, 120mL, 3mg",303451,QR Code,1,120,E-liquid,Fruit,2025-12-19
"E-Liquid Brands, LLC","E-Liquid Brands, LLC","Prime Black, Baby Beetle, 120mL, 6mg",303452,QR Code,1,120,E-liquid,Fruit,2025-12-19
"E-Liquid Brands, LLC","E-Liquid Brands, LLC","Prime Black, Beetle, 120mL, 12mg",30355B,QR Code,1,120,E-liquid,Fruit,2025-12-19
"E-Liquid Brands, LLC","E-Liquid Brands, LLC","Prime Black, Beetle, 120mL, 3mg",303551,QR Code,1,120,E-liquid,Fruit,2025-12-19
"E-Liquid Brands, LLC","E-Liquid Brands, LLC","Prime Black, Beetle, 120mL, 6mg",303552,QR Code,1,120,E-liquid,Fruit,2025-12-19
"E-Liquid Brands, LLC","E-Liquid Brands, LLC","Prime Black, Berry Berry Confusing, 120mL, 12mg",30365B,QR Code,1,120,E-liquid,Fruit,2025-12-19
"E-Liquid Brands, LLC","E-Liquid Brands, LLC","Prime Black, Berry Berry Confusing, 120mL, 3mg",303651,QR Code,1,120,E-liquid,Fruit,2025-12-19
"E-Liquid Brands, LLC","E-Liquid Brands, LLC","Prime Black, Berry Berry Confusing, 120mL, 6mg",303652,QR Code,1,120,E-liquid,Fruit,2025-12-19
"E-Liquid Brands, LLC","E-Liquid Brands, LLC","Prime Black, Blunderbuss Ice, 120mL, 12mg",30405B,QR Code,1,120,E-liquid,Fruit,2025-12-19
"E-Liquid Brands, LLC","E-Liquid Brands, LLC","Prime Black, Blunderbuss Ice, 120mL, 3mg",304051,QR Code,1,120,E-liquid,Fruit,2025-12-19
"E-Liquid Brands, LLC","E-Liquid Brands, LLC","Prime Black, Blunderbuss Ice, 120mL, 6mg",304052,QR Code,1,120,E-liquid,Fruit,2025-12-19
"E-Liquid Brands, LLC","E-Liquid Brands, LLC","Prime Black, Blunderbuss, 120mL, 12mg",30415B,QR Code,1,120,E-liquid,Fruit,2025-12-19
"E-Liquid Brands, LLC","E-Liquid Brands, LLC","Prime Black, Blunderbuss, 120mL, 3mg",304151,QR Code,1,120,E-liquid,Fruit,2025-12-19
"E-Liquid Brands, LLC","E-Liquid Brands, LLC","Prime Black, Blunderbuss, 120mL, 6mg",304152,QR Code,1,120,E-liquid,Fruit,2025-12-19
"E-Liquid Brands, LLC","E-Liquid Brands, LLC","Prime Black, Boujee Bacco, 120mL, 12mg",30425B,QR Code,1,120,E-liquid,Tobacco,2025-12-19
"E-Liquid Brands, LLC","E-Liquid Brands, LLC","Prime Black, Boujee Bacco, 120mL, 3mg",304251,QR Code,1,120,E-liquid,Tobacco,2025-12-19
"E-Liquid Brands, LLC","E-Liquid Brands, LLC","Prime Black, Boujee Bacco, 120mL, 6mg",304252,QR Code,1,120,E-liquid,Tobacco,2025-12-19
"E-Liquid Brands, LLC","E-Liquid Brands, LLC","Prime Black, Buddhas Punch, 120mL, 12mg",30445B,QR Code,1,120,E-liquid,Sweets,2025-12-19
"E-Liquid Brands, LLC","E-Liquid Brands, LLC","Prime Black, Buddhas Punch, 120mL, 3mg",304451,QR Code,1,120,E-liquid,Sweets,2025-12-19
"E-Liquid Brands, LLC","E-Liquid Brands, LLC","Prime Black, Buddhas Punch, 120mL, 6mg",304452,QR Code,1,120,E-liquid,Sweets,2025-12-19
"E-Liquid Brands, LLC","E-Liquid Brands, LLC","Prime Black, Celestial, 120mL, 12mg",30455B,QR Code,1,120,E-liquid,Fruit,2025-12-19
"E-Liquid Brands, LLC","E-Liquid Brands, LLC","Prime Black, Celestial, 120mL, 3mg",304551,QR Code,1,120,E-liquid,Fruit,2025-12-19
"E-Liquid Brands, LLC","E-Liquid Brands, LLC","Prime Black, Celestial, 120mL, 6mg",304552,QR Code,1,120,E-liquid,Fruit,2025-12-19
"E-Liquid Brands, LLC","E-Liquid Brands, LLC","Prime White, Menthol, 120mL, 12mg",30715B,QR Code,1,120,E-liquid,Menthol,2025-12-19
"E-Liquid Brands, LLC","E-Liquid Brands, LLC","Prime White, Menthol, 120mL, 3mg",307151,QR Code,1,120,E-liquid,Menthol,2025-12-19
"E-Liquid Brands, LLC","E-Liquid Brands, LLC","Prime White, Menthol, 120mL, 6mg",307152,QR Code,1,120,E-liquid,Menthol,2025-12-19
"E-Liquid Brands, LLC","E-Liquid Brands, LLC","Prime Black, Coffee Shop Hodgepodgery, 120mL, 12mg",30495B,QR Code,1,120,E-liquid,Dessert,2025-12-19
"E-Liquid Brands, LLC","E-Liquid Brands, LLC","Prime Black, Coffee Shop Hodgepodgery, 120mL, 3mg",304951,QR Code,1,120,E-liquid,Dessert,2025-12-19
"E-Liquid Brands, LLC","E-Liquid Brands, LLC","Prime Black, Coffee Shop Hodgepodgery, 120mL, 6mg",304952,QR Code,1,120,E-liquid,Dessert,2025-12-19
"E-Liquid Brands, LLC","E-Liquid Brands, LLC","Unflavored PG and VG Mix, 120mL, 12mg",31085B,QR Code,1,120,E-liquid,,2025-12-19
"E-Liquid Brands, LLC","E-Liquid Brands, LLC","Unflavored PG and VG Mix, 120mL, 3mg",310851,QR Code,1,120,E-liquid,,2025-12-19
"E-Liquid Brands, LLC","E-Liquid Brands, LLC","Unflavored PG and VG Mix, 120mL, 6mg",310852,QR Code,1,120,E-liquid,,2025-12-19
"E-Liquid Brands, LLC","E-Liquid Brands, LLC","Prime Blue, Cherry Pom, 120mL, 12mg",30465B,QR Code,1,120,E-liquid,Fruit,2025-12-19
"E-Liquid Brands, LLC","E-Liquid Brands, LLC","Prime Blue, Cherry Pom, 120mL, 3mg",304651,QR Code,1,120,E-liquid,Fruit,2025-12-19
"E-Liquid Brands, LLC","E-Liquid Brands, LLC","Prime Blue, Cherry Pom, 120mL, 6mg",304652,QR Code,1,120,E-liquid,Fruit,2025-12-19
"E-Liquid Brands, LLC","E-Liquid Brands, LLC","Prime Black, Hannah Banana, 120mL, 12mg",30645B,QR Code,1,120,E-liquid,Fruit,2025-12-19
"E-Liquid Brands, LLC","E-Liquid Brands, LLC","Prime Black, Hannah Banana, 120mL, 3mg",306451,QR Code,1,120,E-liquid,Fruit,2025-12-19
"E-Liquid Brands, LLC","E-Liquid Brands, LLC","Prime Black, Hannah Banana, 120mL, 6mg",306452,QR Code,1,120,E-liquid,Fruit,2025-12-19
"E-Liquid Brands, LLC","E-Liquid Brands, LLC","Prime Black, Ice Queen, 120mL, 12mg",30655B,QR Code,1,120,E-liquid,Menthol,2025-12-19
"E-Liquid Brands, LLC","E-Liquid Brands, LLC","Prime Black, Ice Queen, 120mL, 3mg",306551,QR Code,1,120,E-liquid,Menthol,2025-12-19
"E-Liquid Brands, LLC","E-Liquid Brands, LLC","Prime Black, Ice Queen, 120mL, 6mg",306552,QR Code,1,120,E-liquid,Menthol,2025-12-19
"E-Liquid Brands, LLC","E-Liquid Brands, LLC","Prime Blue, Just Peachy, 120mL, 12mg",30675B,QR Code,1,120,E-liquid,Fruit,2025-12-19
"E-Liquid Brands, LLC","E-Liquid Brands, LLC","Prime Blue, Just Peachy, 120mL, 3mg",306751,QR Code,1,120,E-liquid,Fruit,2025-12-19
"E-Liquid Brands, LLC","E-Liquid Brands, LLC","Prime Blue, Just Peachy, 120mL, 6mg",306752,QR Code,1,120,E-liquid,Fruit,2025-12-19
"E-Liquid Brands, LLC","E-Liquid Brands, LLC","Prime Black, Kluster Fruit, 120mL, 12mg",30685B,QR Code,1,120,E-liquid,Fruit,2025-12-19
"E-Liquid Brands, LLC","E-Liquid Brands, LLC","Prime Black, Kluster Fruit, 120mL, 3mg",306851,QR Code,1,120,E-liquid,Fruit,2025-12-19
"E-Liquid Brands, LLC","E-Liquid Brands, LLC","Prime Black, Kluster Fruit, 120mL, 6mg",306852,QR Code,1,120,E-liquid,Fruit,2025-12-19
"E-Liquid Brands, LLC","E-Liquid Brands, LLC","Prime Black, Nickel Slots, 120mL, 12mg",30745B,QR Code,1,120,E-liquid,Tobacco,2025-12-19
"E-Liquid Brands, LLC","E-Liquid Brands, LLC","Prime Black, Nickel Slots, 120mL, 3mg",307451,QR Code,1,120,E-liquid,Tobacco,2025-12-19
"E-Liquid Brands, LLC","E-Liquid Brands, LLC","Prime Black, Nickel Slots, 120mL, 6mg",307452,QR Code,1,120,E-liquid,Tobacco,2025-12-19
"E-Liquid Brands, LLC","E-Liquid Brands, LLC","Prime Black, Purple Wurm, 120mL, 12mg",30795B,QR Code,1,120,E-liquid,Sweets,2025-12-19
"E-Liquid Brands, LLC","E-Liquid Brands, LLC","Prime Black, Purple Wurm, 120mL, 3mg",307951,QR Code,1,120,E-liquid,Sweets,2025-12-19
"E-Liquid Brands, LLC","E-Liquid Brands, LLC","Prime Black, Purple Wurm, 120mL, 6mg",307952,QR Code,1,120,E-liquid,Sweets,2025-12-19
"E-Liquid Brands, LLC","E-Liquid Brands, LLC","Prime Black, Riptide, 120mL, 12mg",30835B,QR Code,1,120,E-liquid,Beverage,2025-12-19
"E-Liquid Brands, LLC","E-Liquid Brands, LLC","Prime Black, Riptide, 120mL, 3mg",308351,QR Code,1,120,E-liquid,Beverage,2025-12-19
"E-Liquid Brands, LLC","E-Liquid Brands, LLC","Prime Black, Riptide, 120mL, 6mg",308352,QR Code,1,120,E-liquid,Beverage,2025-12-19
"E-Liquid Brands, LLC","E-Liquid Brands, LLC","Prime Blue, Grape Expectations, 120mL, 12mg",30555B,QR Code,1,120,E-liquid,Fruit,2025-12-19
"E-Liquid Brands, LLC","E-Liquid Brands, LLC","Prime Blue, Grape Expectations, 120mL, 3mg",305551,QR Code,1,120,E-liquid,Fruit,2025-12-19
"E-Liquid Brands, LLC","E-Liquid Brands, LLC","Prime Blue, Grape Expectations, 120mL, 6mg",305552,QR Code,1,120,E-liquid,Fruit,2025-12-19
"E-Liquid Brands, LLC","E-Liquid Brands, LLC","Prime Blue, Smooth Vanilla, 120mL, 12mg",30845B,QR Code,1,120,E-liquid,Dessert,2025-12-19
"E-Liquid Brands, LLC","E-Liquid Brands, LLC","Prime Blue, Smooth Vanilla, 120mL, 3mg",308451,QR Code,1,120,E-liquid,Dessert,2025-12-19
"E-Liquid Brands, LLC","E-Liquid Brands, LLC","Prime Blue, Smooth Vanilla, 120mL, 6mg",308452,QR Code,1,120,E-liquid,Dessert,2025-12-19
"E-Liquid Brands, LLC","E-Liquid Brands, LLC","Prime White, Hangsen Desert Ship, 120mL, 12mg",30595B,QR Code,1,120,E-liquid,Tobacco,2025-12-19
"E-Liquid Brands, LLC","E-Liquid Brands, LLC","Prime White, Hangsen Desert Ship, 120mL, 3mg",305951,QR Code,1,120,E-liquid,Tobacco,2025-12-19
"E-Liquid Brands, LLC","E-Liquid Brands, LLC","Prime White, Hangsen Desert Ship, 120mL, 6mg",305952,QR Code,1,120,E-liquid,Tobacco,2025-12-19
"E-Liquid Brands, LLC","E-Liquid Brands, LLC","Prime White, Hangsen RY4, 120mL, 12mg",30615B,QR Code,1,120,E-liquid,Tobacco,2025-12-19
"E-Liquid Brands, LLC","E-Liquid Brands, LLC","Prime White, Hangsen RY4, 120mL, 3mg",306151,QR Code,1,120,E-liquid,Tobacco,2025-12-19
"E-Liquid Brands, LLC","E-Liquid Brands, LLC","Prime White, Hangsen RY4, 120mL, 6mg",306152,QR Code,1,120,E-liquid,Tobacco,2025-12-19
"E-Liquid Brands, LLC","E-Liquid Brands, LLC","Prime White, Hangsen USA, 120mL, 12mg",30625B,QR Code,1,120,E-liquid,Tobacco,2025-12-19
"E-Liquid Brands, LLC","E-Liquid Brands, LLC","Prime White, Hangsen USA, 120mL, 3mg",306251,QR Code,1,120,E-liquid,Tobacco,2025-12-19
"E-Liquid Brands, LLC","E-Liquid Brands, LLC","Prime White, Hangsen USA, 120mL, 6mg",306252,QR Code,1,120,E-liquid,Tobacco,2025-12-19
"E-Liquid Brands, LLC","E-Liquid Brands, LLC","Prime White, Hangsen Virginia, 120mL, 12mg",30635B,QR Code,1,120,E-liquid,Tobacco,2025-12-19
"E-Liquid Brands, LLC","E-Liquid Brands, LLC","Prime White, Hangsen Virginia, 120mL, 3mg",306351,QR Code,1,120,E-liquid,Tobacco,2025-12-19
"E-Liquid Brands, LLC","E-Liquid Brands, LLC","Prime White, Hangsen Virginia, 120mL, 6mg",306352,QR Code,1,120,E-liquid,Tobacco,2025-12-19
"E-Liquid Brands, LLC","E-Liquid Brands, LLC","Prime Black, Zombie Blood, 120mL, 6mg",310552,QR Code,1,120,E-liquid,Fruit,2025-12-19
"E-Liquid Brands, LLC","E-Liquid Brands, LLC","Prime Black, Zombie Blood, 120mL, 3mg",310551,QR Code,1,120,E-liquid,Fruit,2025-12-19
"E-Liquid Brands, LLC","E-Liquid Brands, LLC","Prime Black, Zombie Blood, 120mL, 12mg",31055B,QR Code,1,120,E-liquid,Fruit,2025-12-19
"E-Liquid Brands, LLC","E-Liquid Brands, LLC","Prime Blue, Mango, 120mL, 12mg",30695B,QR Code,1,120,E-liquid,Fruit,2025-12-19
"E-Liquid Brands, LLC","E-Liquid Brands, LLC","Prime Blue, Mango, 120mL, 3mg",306951,QR Code,1,120,E-liquid,Fruit,2025-12-19
"E-Liquid Brands, LLC","E-Liquid Brands, LLC","Prime Blue, Mango, 120mL, 6mg",306952,QR Code,1,120,E-liquid,Fruit,2025-12-19
"E-Liquid Brands, LLC","E-Liquid Brands, LLC","Prime Blue, Non-Boujee Bacco, 120mL, 12mg",30755B,QR Code,1,120,E-liquid,Tobacco,2025-12-19
"E-Liquid Brands, LLC","E-Liquid Brands, LLC","Prime Blue, Non-Boujee Bacco, 120mL, 3mg",307551,QR Code,1,120,E-liquid,Tobacco,2025-12-19
"E-Liquid Brands, LLC","E-Liquid Brands, LLC","Prime Blue, Non-Boujee Bacco, 120mL, 6mg",307552,QR Code,1,120,E-liquid,Tobacco,2025-12-19
"E-Liquid Brands, LLC","E-Liquid Brands, LLC","Prime Blue, Peppermint, 120ml, 12mg",30765B,QR Code,1,120,E-liquid,Menthol,2025-12-19
"E-Liquid Brands, LLC","E-Liquid Brands, LLC","Prime Blue, Peppermint, 120ml, 3mg",307651,QR Code,1,120,E-liquid,Menthol,2025-12-19
"E-Liquid Brands, LLC","E-Liquid Brands, LLC","Prime Blue, Peppermint, 120ml, 6mg",307652,QR Code,1,120,E-liquid,Menthol,2025-12-19
"E-Liquid Brands, LLC","E-Liquid Brands, LLC","Prime Blue, Strawberry, 120mL, 12mg",30865B,QR Code,1,120,E-liquid,Fruit,2025-12-19
"E-Liquid Brands, LLC","E-Liquid Brands, LLC","Prime Blue, Strawberry, 120mL, 3mg",308651,QR Code,1,120,E-liquid,Fruit,2025-12-19
"E-Liquid Brands, LLC","E-Liquid Brands, LLC","Prime Blue, Strawberry, 120mL, 6mg",308652,QR Code,1,120,E-liquid,Fruit,2025-12-19
"E-Liquid Brands, LLC","E-Liquid Brands, LLC","Prime Blue, Vanilla Custard, 120ml, 12mg",30995B,QR Code,1,120,E-liquid,Dessert,2025-12-19
"E-Liquid Brands, LLC","E-Liquid Brands, LLC","Prime Blue, Vanilla Custard, 120mL, 3mg",309951,QR Code,1,120,E-liquid,Dessert,2025-12-19
"E-Liquid Brands, LLC","E-Liquid Brands, LLC","Prime Blue, Vanilla Custard, 120mL, 6mg",309952,QR Code,1,120,E-liquid,Dessert,2025-12-19
"E-Liquid Brands, LLC","E-Liquid Brands, LLC","Prime Blue, Watermelon, 120mL, 12mg",31015B,QR Code,1,120,E-liquid,Fruit,2025-12-19
"E-Liquid Brands, LLC","E-Liquid Brands, LLC","Prime Blue, Watermelon, 120mL, 3mg",310151,QR Code,1,120,E-liquid,Fruit,2025-12-19
"E-Liquid Brands, LLC","E-Liquid Brands, LLC","Prime Blue, Watermelon, 120mL, 6mg",310152,QR Code,1,120,E-liquid,Fruit,2025-12-19
"E-Liquid Brands, LLC","E-Liquid Brands, LLC","Prime White, Hangsen Menthol, 120mL, 12mg",30605B,QR Code,1,120,E-liquid,Tobacco,2025-12-19
"E-Liquid Brands, LLC","E-Liquid Brands, LLC","Prime White, Hangsen Menthol, 120mL, 3mg",306051,QR Code,1,120,E-liquid,Tobacco,2025-12-19
"E-Liquid Brands, LLC","E-Liquid Brands, LLC","Prime White, Hangsen Menthol, 120mL, 6mg",306052,QR Code,1,120,E-liquid,Tobacco,2025-12-19
"E-Liquid Brands, LLC","E-Liquid Brands, LLC","Prime White, Sweet Carolina, 120mL, 12mg",30915B,QR Code,1,120,E-liquid,Tobacco,2025-12-19
"E-Liquid Brands, LLC","E-Liquid Brands, LLC","Prime White, Sweet Carolina, 120mL, 3mg",309151,QR Code,1,120,E-liquid,Tobacco,2025-12-19
"E-Liquid Brands, LLC","E-Liquid Brands, LLC","Prime White, Sweet Carolina, 120mL, 6mg",309152,QR Code,1,120,E-liquid,Tobacco,2025-12-19
"E-Liquid Brands, LLC","E-Liquid Brands, LLC","Prime Black, Cinnamon Danish, 120mL, 12mg",30475B,QR Code,1,120,E-liquid,Dessert,2025-12-19
"E-Liquid Brands, LLC","E-Liquid Brands, LLC","Prime Black, Cinnamon Danish, 120mL, 3mg",304751,QR Code,1,120,E-liquid,Dessert,2025-12-19
"E-Liquid Brands, LLC","E-Liquid Brands, LLC","Prime Black, Cinnamon Danish, 120mL, 6mg",304752,QR Code,1,120,E-liquid,Dessert,2025-12-19
"E-Liquid Brands, LLC","E-Liquid Brands, LLC","Prime Black, Crunchy Awesomeness, 120mL, 12mg",30505B,QR Code,1,120,E-liquid,Dessert,2025-12-19
"E-Liquid Brands, LLC","E-Liquid Brands, LLC","Prime Black, Crunchy Awesomeness, 120mL, 3mg",305051,QR Code,1,120,E-liquid,Dessert,2025-12-19
"E-Liquid Brands, LLC","E-Liquid Brands, LLC","Prime Black, Crunchy Awesomeness, 120mL, 6mg",305052,QR Code,1,120,E-liquid,Dessert,2025-12-19
"E-Liquid Brands, LLC","E-Liquid Brands, LLC","Prime Black, Cucumbersome, 120mL, 12mg",30515B,QR Code,1,120,E-liquid,Beverage,2025-12-19
"E-Liquid Brands, LLC","E-Liquid Brands, LLC","Prime Black, Cucumbersome, 120mL, 3mg",305151,QR Code,1,120,E-liquid,Beverage,2025-12-19
"E-Liquid Brands, LLC","E-Liquid Brands, LLC","Prime Black, Cucumbersome, 120mL, 6mg",305152,QR Code,1,120,E-liquid,Beverage,2025-12-19
"E-Liquid Brands, LLC","E-Liquid Brands, LLC","Prime Black, Iceberger, 120mL, 12mg",30665B,QR Code,1,120,E-liquid,Menthol,2025-12-19
"E-Liquid Brands, LLC","E-Liquid Brands, LLC","Prime Black, Iceberger, 120mL, 3mg",306651,QR Code,1,120,E-liquid,Menthol,2025-12-19
"E-Liquid Brands, LLC","E-Liquid Brands, LLC","Prime Black, Iceberger, 120mL, 6mg",306652,QR Code,1,120,E-liquid,Menthol,2025-12-19
"E-Liquid Brands, LLC","E-Liquid Brands, LLC","Prime Black, Superlative, 120mL, 12mg",30895B,QR Code,1,120,E-liquid,Sweets,2025-12-19
"E-Liquid Brands, LLC","E-Liquid Brands, LLC","Prime Black, Superlative, 120mL, 3mg",308951,QR Code,1,120,E-liquid,Sweets,2025-12-19
"E-Liquid Brands, LLC","E-Liquid Brands, LLC","Prime Black, Superlative, 120mL, 6mg",308952,QR Code,1,120,E-liquid,Sweets,2025-12-19
"E-Liquid Brands, LLC","E-Liquid Brands, LLC","Prime Black, The Brew, 120mL, 12mg",30945B,QR Code,1,120,E-liquid,Dessert,2025-12-19
"E-Liquid Brands, LLC","E-Liquid Brands, LLC","Prime Black, The Brew, 120mL, 3mg",309451,QR Code,1,120,E-liquid,Dessert,2025-12-19
"E-Liquid Brands, LLC","E-Liquid Brands, LLC","Prime Black, The Brew, 120mL, 6mg",309452,QR Code,1,120,E-liquid,Dessert,2025-12-19
"E-Liquid Brands, LLC","E-Liquid Brands, LLC","Prime Black, The Loops, 120mL, 12mg",30955B,QR Code,1,120,E-liquid,Fruit,2025-12-19
"E-Liquid Brands, LLC","E-Liquid Brands, LLC","Prime Black, The Loops, 120mL, 3mg",309551,QR Code,1,120,E-liquid,Fruit,2025-12-19
"E-Liquid Brands, LLC","E-Liquid Brands, LLC","Prime Black, The Loops, 120mL, 6mg",309552,QR Code,1,120,E-liquid,Fruit,2025-12-19
"E-Liquid Brands, LLC","E-Liquid Brands, LLC","Prime Black, The Strand, 120mL, 12mg",30965B,QR Code,1,120,E-liquid,Sweets,2025-12-19
"E-Liquid Brands, LLC","E-Liquid Brands, LLC","Prime Black, The Strand, 120mL, 3mg",309651,QR Code,1,120,E-liquid,Sweets,2025-12-19
"E-Liquid Brands, LLC","E-Liquid Brands, LLC","Prime Black, The Strand, 120mL, 6mg",309652,QR Code,1,120,E-liquid,Sweets,2025-12-19
"E-Liquid Brands, LLC","E-Liquid Brands, LLC","Prime Black, Trap Sauce, 120ml, 12mg",30295B,QR Code,1,120,E-liquid,Fruit,2025-12-19
"E-Liquid Brands, LLC","E-Liquid Brands, LLC","Prime Black, Trap Sauce, 120ml, 3mg",302951,QR Code,1,120,E-liquid,Fruit,2025-12-19
"E-Liquid Brands, LLC","E-Liquid Brands, LLC","Prime Black, Trap Sauce, 120ml, 6mg",302952,QR Code,1,120,E-liquid,Fruit,2025-12-19
"E-Liquid Brands, LLC","E-Liquid Brands, LLC","Prime Black, Vampire Juice, 120ml, 12mg",30315B,QR Code,1,120,E-liquid,Fruit,2025-12-19
"E-Liquid Brands, LLC","E-Liquid Brands, LLC","Prime Black, Vampire Juice, 120ml, 3mg",303151,QR Code,1,120,E-liquid,Fruit,2025-12-19
"E-Liquid Brands, LLC","E-Liquid Brands, LLC","Prime Black, Vampire Juice, 120ml, 6mg",303152,QR Code,1,120,E-liquid,Fruit,2025-12-19
"E-Liquid Brands, LLC","E-Liquid Brands, LLC","Freezer, Sugar Frost, 120mL, 12mg",82845B,QR Code,1,120,E-liquid,Menthol,2026-02-24
"E-Liquid Brands, LLC","E-Liquid Brands, LLC","Freezer, Sugar Frost, 120mL, 3mg",828451,QR Code,1,120,E-liquid,Menthol,2026-02-24
"E-Liquid Brands, LLC","E-Liquid Brands, LLC","Freezer, Sugar Frost, 120mL, 6mg",828452,QR Code,1,120,E-liquid,Menthol,2026-02-24
"E-Liquid Brands, LLC","E-Liquid Brands, LLC","Freezer Salt, Arctic Paradise, 30ml, 25mg",82823R,QR Code,1,30,E-liquid,Fruit,2026-03-24
"E-Liquid Brands, LLC","E-Liquid Brands, LLC","Freezer Salt, Arctic Paradise, 30ml, 50mg",82823V,QR Code,1,30,E-liquid,Fruit,2026-03-24
"E-Liquid Brands, LLC","E-Liquid Brands, LLC","Freezer Salts, Frozen Apples, 30mL, 25mg",45643R,QR Code,1,30,E-liquid,Fruit,2026-03-24
"E-Liquid Brands, LLC","E-Liquid Brands, LLC","Freezer Salts, Frozen Apples, 30mL, 50mg",45643V,QR Code,1,30,E-liquid,Fruit,2026-03-24
"E-Liquid Brands, LLC","E-Liquid Brands, LLC","Freezer Salts, Javalanche, 30ml, 25mg",46913R,QR Code,1,30,E-liquid,Dessert,2026-03-24
"E-Liquid Brands, LLC","E-Liquid Brands, LLC","Freezer Salts, Javalanche, 30ml, 50mg",46913V,QR Code,1,30,E-liquid,Dessert,2026-03-24
"E-Liquid Brands, LLC","E-Liquid Brands, LLC","Freezer Salts, Polar Mint, 30mL, 25mg",45723R,QR Code,1,30,E-liquid,Menthol,2026-03-24
"E-Liquid Brands, LLC","E-Liquid Brands, LLC","Freezer Salts, Polar Mint, 30mL, 50mg",45723V,QR Code,1,30,E-liquid,Menthol,2026-03-24
"E-Liquid Brands, LLC","E-Liquid Brands, LLC","Freezer Salts, Strawmelon Glacier, 30mL, 25mg",45653R,QR Code,1,30,E-liquid,Fruit,2026-03-24
"E-Liquid Brands, LLC","E-Liquid Brands, LLC","Freezer Salts, Strawmelon Glacier, 30mL, 50mg",45653V,QR Code,1,30,E-liquid,Fruit,2026-03-24
"E-Liquid Brands, LLC","E-Liquid Brands, LLC","Freezer Salts, Strawnana Slush, 30mL, 25mg",45733R,QR Code,1,30,E-liquid,Fruit,2026-03-24
"E-Liquid Brands, LLC","E-Liquid Brands, LLC","Freezer Salts, Strawnana Slush, 30mL, 50mg",45733V,QR Code,1,30,E-liquid,Fruit,2026-03-24
"E-Liquid Brands, LLC","E-Liquid Brands, LLC","Freezer Salts, Sugar Frost, 30ml 25mg",45663R,QR Code,1,30,E-liquid,Menthol,2026-03-24
"E-Liquid Brands, LLC","E-Liquid Brands, LLC","Freezer Salts, Sugar Frost, 30ml 50mg",45663V,QR Code,1,30,E-liquid,Menthol,2026-03-24
"E-Liquid Brands, LLC","E-Liquid Brands, LLC","Prime Black Salts, Baby Beetle, 30mL, 24mg",858835,QR Code,1,30,E-liquid,Fruit,2026-03-24
"E-Liquid Brands, LLC","E-Liquid Brands, LLC","Prime Black Salts, Baby Beetle, 30ml, 36mg",858836,QR Code,1,30,E-liquid,Fruit,2026-03-24
"E-Liquid Brands, LLC","E-Liquid Brands, LLC","Prime Black Salts, Baby Beetle, 30ml, 45mg",85883S,QR Code,1,30,E-liquid,Fruit,2026-03-24
"E-Liquid Brands, LLC","E-Liquid Brands, LLC","Prime Black Salts, Beetle, 30mL, 24mg",858935,QR Code,1,30,E-liquid,Fruit,2026-03-24
"E-Liquid Brands, LLC","E-Liquid Brands, LLC","Prime Black Salts, Beetle, 30ml, 36mg",858936,QR Code,1,30,E-liquid,Fruit,2026-03-24
"E-Liquid Brands, LLC","E-Liquid Brands, LLC","Prime Black Salts, Beetle, 30ml, 45mg",85893S,QR Code,1,30,E-liquid,Fruit,2026-03-24
"E-Liquid Brands, LLC","E-Liquid Brands, LLC","Prime Black Salts, Berry Berry Confusing, 30mL, 24mg",291435,QR Code,1,30,E-liquid,Fruit,2026-03-24
"E-Liquid Brands, LLC","E-Liquid Brands, LLC","Prime Black Salts, Berry Berry Confusing, 30mL, 36mg",291436,QR Code,1,30,E-liquid,Fruit,2026-03-24
"E-Liquid Brands, LLC","E-Liquid Brands, LLC","Prime Black Salts, Berry Berry Confusing, 30ml, 45mg",29143S,QR Code,1,30,E-liquid,Fruit,2026-03-24
"E-Liquid Brands, LLC","E-Liquid Brands, LLC","Prime Black Salts, Blunderbuss, 30mL, 24mg",859035,QR Code,1,30,E-liquid,Fruit,2026-03-24
"E-Liquid Brands, LLC","E-Liquid Brands, LLC","Prime Black Salts, Blunderbuss, 30mL, 36mg",859036,QR Code,1,30,E-liquid,Fruit,2026-03-24
"E-Liquid Brands, LLC","E-Liquid Brands, LLC","Prime Black Salts, Blunderbuss, 30ml, 45mg",85903S,QR Code,1,30,E-liquid,Fruit,2026-03-24
"E-Liquid Brands, LLC","E-Liquid Brands, LLC","Prime Black Salts, Boujee Bacco, 30mL, 24mg",859535,QR Code,1,30,E-liquid,Tobacco,2026-03-24
"E-Liquid Brands, LLC","E-Liquid Brands, LLC","Prime Black Salts, Boujee 'Bacco, 30ml, 36mg",859536,QR Code,1,30,E-liquid,Tobacco,2026-03-24
"E-Liquid Brands, LLC","E-Liquid Brands, LLC","Prime Black Salts, Boujee 'Bacco, 30ml, 45mg",85953S,QR Code,1,30,E-liquid,Tobacco,2026-03-24
"E-Liquid Brands, LLC","E-Liquid Brands, LLC","Prime Black Salts, Buddha's Punch, 30mL, 24mg",859735,QR Code,1,30,E-liquid,Sweets,2026-03-24
"E-Liquid Brands, LLC","E-Liquid Brands, LLC","Prime Black Salts, Buddha's Punch, 30ml, 36mg",859736,QR Code,1,30,E-liquid,Sweets,2026-03-24
"E-Liquid Brands, LLC","E-Liquid Brands, LLC","Prime Black Salts, Buddha's Punch, 30ml, 45mg",85973S,QR Code,1,30,E-liquid,Sweets,2026-03-24
"E-Liquid Brands, LLC","E-Liquid Brands, LLC","Prime Black Salts, Celestial, 30mL, 24mg",859135,QR Code,1,30,E-liquid,Fruit,2026-03-24
"E-Liquid Brands, LLC","E-Liquid Brands, LLC","Prime Black Salts, Celestial, 30ml, 36mg",859136,QR Code,1,30,E-liquid,Fruit,2026-03-24
"E-Liquid Brands, LLC","E-Liquid Brands, LLC","Prime Black Salts, Celestial, 30ml, 45mg",85913S,QR Code,1,30,E-liquid,Fruit,2026-03-24
"E-Liquid Brands, LLC","E-Liquid Brands, LLC","Prime Black Salts, Cinnamon Danish, 30mL, 24mg",207435,QR Code,1,30,E-liquid,Dessert,2026-03-24
"E-Liquid Brands, LLC","E-Liquid Brands, LLC","Prime Black Salts, Cinnamon Danish, 30ml, 36mg",207436,QR Code,1,30,E-liquid,Dessert,2026-03-24
"E-Liquid Brands, LLC","E-Liquid Brands, LLC","Prime Black Salts, Cinnamon Danish, 30ml, 45mg",20743S,QR Code,1,30,E-liquid,Dessert,2026-03-24
"E-Liquid Brands, LLC","E-Liquid Brands, LLC","Prime Black Salts, Coffee Shop Hodgepodgery, 30mL, 24mg",212335,QR Code,1,30,E-liquid,Dessert,2026-03-24
"E-Liquid Brands, LLC","E-Liquid Brands, LLC","Prime Black Salts, Coffee Shop Hodgepodgery, 30ml, 36mg",212336,QR Code,1,30,E-liquid,Dessert,2026-03-24
"E-Liquid Brands, LLC","E-Liquid Brands, LLC","Prime Black Salts, Coffee Shop Hodgepodgery, 30ml, 45mg",21233S,QR Code,1,30,E-liquid,Dessert,2026-03-24
"E-Liquid Brands, LLC","E-Liquid Brands, LLC","Prime Black Salts, Hannah Banana, 30mL, 24mg",208435,QR Code,1,30,E-liquid,Fruit,2026-03-24
"E-Liquid Brands, LLC","E-Liquid Brands, LLC","Prime Black Salts, Hannah Banana, 30mL, 36mg",208436,QR Code,1,30,E-liquid,Fruit,2026-03-24
"E-Liquid Brands, LLC","E-Liquid Brands, LLC","Prime Black Salts, Hannah Banana, 30ml, 45mg",20843S,QR Code,1,30,E-liquid,Fruit,2026-03-24
"E-Liquid Brands, LLC","E-Liquid Brands, LLC","Prime Black Salts, Kluster Fruit, 30ml, 24mg",228535,QR Code,1,30,E-liquid,Fruit,2026-03-24
"E-Liquid Brands, LLC","E-Liquid Brands, LLC","Prime Black Salts, Kluster Fruit, 30ml, 36mg",228536,QR Code,1,30,E-liquid,Fruit,2026-03-24
"E-Liquid Brands, LLC","E-Liquid Brands, LLC","Prime Black Salts, Kluster Fruit, 30ml, 45mg",22853S,QR Code,1,30,E-liquid,Fruit,2026-03-24
"E-Liquid Brands, LLC","E-Liquid Brands, LLC","Prime Black Salts, Superlative, 30mL, 24mg",218535,QR Code,1,30,E-liquid,Sweets,2026-03-24
"E-Liquid Brands, LLC","E-Liquid Brands, LLC","Prime Black Salts, Superlative, 30ml, 36mg",218536,QR Code,1,30,E-liquid,Sweets,2026-03-24
"E-Liquid Brands, LLC","E-Liquid Brands, LLC","Prime Black Salts, Superlative, 30ml, 45mg",21853S,QR Code,1,30,E-liquid,Sweets,2026-03-24
"E-Liquid Brands, LLC","E-Liquid Brands, LLC","Prime Black Salts, The Brew, 30mL, 24mg",859635,QR Code,1,30,E-liquid,Dessert,2026-03-24
"E-Liquid Brands, LLC","E-Liquid Brands, LLC","Prime Black Salts, The Brew, 30ml, 36mg",859636,QR Code,1,30,E-liquid,Dessert,2026-03-24
"E-Liquid Brands, LLC","E-Liquid Brands, LLC","Prime Black Salts, The Brew, 30ml, 45mg",85963S,QR Code,1,30,E-liquid,Dessert,2026-03-24
"E-Liquid Brands, LLC","E-Liquid Brands, LLC","Prime Black Salts, The Loops, 30mL, 24mg",859235,QR Code,1,30,E-liquid,Fruit,2026-03-24
"E-Liquid Brands, LLC","E-Liquid Brands, LLC","Prime Black Salts, The Loops, 30mL, 36mg",859236,QR Code,1,30,E-liquid,Fruit,2026-03-24
"E-Liquid Brands, LLC","E-Liquid Brands, LLC","Prime Black Salts, The Loops, 30ml, 45mg",85923S,QR Code,1,30,E-liquid,Fruit,2026-03-24
"E-Liquid Brands, LLC","E-Liquid Brands, LLC","Prime Black Salts, Two Cities , 30mL, 24mg",231935,QR Code,1,30,E-liquid,Fruit,2026-03-24
"E-Liquid Brands, LLC","E-Liquid Brands, LLC","Prime Black Salts, Two Cities , 30mL, 36mg",231936,QR Code,1,30,E-liquid,Fruit,2026-03-24
"E-Liquid Brands, LLC","E-Liquid Brands, LLC","Prime Black Salts, Two Cities , 30mL, 45mg",23193S,QR Code,1,30,E-liquid,Fruit,2026-03-24
"E-Liquid Brands, LLC","E-Liquid Brands, LLC","Prime Black Salts, Zombie Blood, 30mL, 24mg",859435,QR Code,1,30,E-liquid,Fruit,2026-03-24
"E-Liquid Brands, LLC","E-Liquid Brands, LLC","Prime Black Salts, Zombie Blood, 30ml, 36mg",859436,QR Code,1,30,E-liquid,Fruit,2026-03-24
"E-Liquid Brands, LLC","E-Liquid Brands, LLC","Prime Black Salts, Zombie Blood, 30ml, 45mg",85943S,QR Code,1,30,E-liquid,Fruit,2026-03-24
"E-Liquid Brands, LLC","E-Liquid Brands, LLC","Prime Blue Salts, Blue Razz Chiller, 30ml, 24mg",290335,QR Code,1,30,E-liquid,Fruit,2026-03-24
"E-Liquid Brands, LLC","E-Liquid Brands, LLC","Prime Blue Salts, Blue Razz Chiller, 30ml, 36mg",290336,QR Code,1,30,E-liquid,Fruit,2026-03-24
"E-Liquid Brands, LLC","E-Liquid Brands, LLC","Prime Blue Salts, Blue Razz Chiller, 30ml, 45mg",29033S,QR Code,1,30,E-liquid,Fruit,2026-03-24
"E-Liquid Brands, LLC","E-Liquid Brands, LLC","Prime Blue Salts, Blue Razz, 30mL, 24mg",208735,QR Code,1,30,E-liquid,Fruit,2026-03-24
"E-Liquid Brands, LLC","E-Liquid Brands, LLC","Prime Blue Salts, Blue Razz, 30ml, 36mg",208736,QR Code,1,30,E-liquid,Fruit,2026-03-24
"E-Liquid Brands, LLC","E-Liquid Brands, LLC","Prime Blue Salts, Blue Razz, 30ml, 45mg",20873S,QR Code,1,30,E-liquid,Fruit,2026-03-24
"E-Liquid Brands, LLC","E-Liquid Brands, LLC","Prime Blue Salts, Cherry Pom, 30mL, 24mg",218335,QR Code,1,30,E-liquid,Fruit,2026-03-24
"E-Liquid Brands, LLC","E-Liquid Brands, LLC","Prime Blue Salts, Cherry Pom, 30ml, 45mg",21833S,QR Code,1,30,E-liquid,Fruit,2026-03-24
"E-Liquid Brands, LLC","E-Liquid Brands, LLC","Prime Blue Salts, Cherry Pom, 30ml, 36mg",218336,QR Code,1,30,E-liquid,Fruit,2026-03-24
"E-Liquid Brands, LLC","E-Liquid Brands, LLC","Prime Blue Salts, Grape Expectations, 30mL, 24mg",916235,QR Code,1,30,E-liquid,Fruit,2026-03-24
"E-Liquid Brands, LLC","E-Liquid Brands, LLC","Prime Blue Salts, Grape Expectations, 30ml, 36mg",916236,QR Code,1,30,E-liquid,Fruit,2026-03-24
"E-Liquid Brands, LLC","E-Liquid Brands, LLC","Prime Blue Salts, Grape Expectations, 30ml, 45mg",91623S,QR Code,1,30,E-liquid,Fruit,2026-03-24
"E-Liquid Brands, LLC","E-Liquid Brands, LLC","Prime Blue Salts, Peppermint, 30ml, 24mg",233935,QR Code,1,30,E-liquid,Menthol,2026-03-24
"E-Liquid Brands, LLC","E-Liquid Brands, LLC","Prime Blue Salts, Peppermint, 30ml, 36mg",233936,QR Code,1,30,E-liquid,Menthol,2026-03-24
"E-Liquid Brands, LLC","E-Liquid Brands, LLC","Prime Blue Salts, Peppermint, 30ml, 45mg",23393S,QR Code,1,30,E-liquid,Menthol,2026-03-24
"E-Liquid Brands, LLC","E-Liquid Brands, LLC","Prime Blue Salts, Vanilla Custard, 30mL, 24mg",217835,QR Code,1,30,E-liquid,Dessert,2026-03-24
"E-Liquid Brands, LLC","E-Liquid Brands, LLC","Prime Blue Salts, Vanilla Custard, 30ml, 36mg",217836,QR Code,1,30,E-liquid,Dessert,2026-03-24
"E-Liquid Brands, LLC","E-Liquid Brands, LLC","Prime Blue Salts, Vanilla Custard, 30ml, 45mg",21783S,QR Code,1,30,E-liquid,Dessert,2026-03-24
"E-Liquid Brands, LLC","E-Liquid Brands, LLC","Prime Black Salts, Trap Sauce, 30ml, 24mg",235435,QR Code,1,30,E-liquid,Fruit,2026-03-24
"E-Liquid Brands, LLC","E-Liquid Brands, LLC","Prime Black Salts, Trap Sauce, 30ml, 36mg",235436,QR Code,1,30,E-liquid,Fruit,2026-03-24
"E-Liquid Brands, LLC","E-Liquid Brands, LLC","Prime Black Salts, Trap Sauce, 30ml, 45mg",23543S,QR Code,1,30,E-liquid,Fruit,2026-03-24
"E-Liquid Brands, LLC","E-Liquid Brands, LLC","Prime White Salts, Hangsen USA, 30ml, 24mg",230935,QR Code,1,30,E-liquid,Tobacco,2026-03-24
"E-Liquid Brands, LLC","E-Liquid Brands, LLC","Prime White Salts, Hangsen USA, 30ml, 36mg",230936,QR Code,1,30,E-liquid,Tobacco,2026-03-24
"E-Liquid Brands, LLC","E-Liquid Brands, LLC","Prime White Salts, Hangsen USA, 30ml, 45mg",23093S,QR Code,1,30,E-liquid,Tobacco,2026-03-24
"E-Liquid Brands, LLC","E-Liquid Brands, LLC","Prime White Salts, Menthol, 30mL, 24mg",208335,QR Code,1,30,E-liquid,Menthol,2026-03-24
"E-Liquid Brands, LLC","E-Liquid Brands, LLC","Prime White Salts, Menthol, 30ml, 36mg",208336,QR Code,1,30,E-liquid,Menthol,2026-03-24
"E-Liquid Brands, LLC","E-Liquid Brands, LLC","Prime White Salts, Menthol, 30ml, 45mg",20833S,QR Code,1,30,E-liquid,Menthol,2026-03-24
"E-Liquid Brands, LLC","E-Liquid Brands, LLC","Prime Concentrated Unflavored Nic Pack, Green Tube, 1.9mL, 90mg",23136A,QR Code,1,1.9,E-liquid,Nicotine,2026-05-22
"E-Liquid Brands, LLC","E-Liquid Brands, LLC","Prime Concentrated Unflavored Nic Pack, Blue Tube, 1.8mL, 180mg",23136B,QR Code,1,1.8,E-liquid,Nicotine,2026-05-22
"E-Liquid Brands, LLC","E-Liquid Brands, LLC","Prime Concentrated Unflavored Nic Pack, Red Tube, 1.9mL, 270mg",23136C,QR Code,1,1.9,E-liquid,Nicotine,2026-05-22
"E-Liquid Brands, LLC","E-Liquid Brands, LLC","Prime Concentrated Unflavored Nic Pack, Purple Tube, 1.2mL, 360mg",23136D,QR Code,1,1.2,E-liquid,Nicotine,2026-05-22
"E-Liquid Brands, LLC","E-Liquid Brands, LLC","Prime Concentrated Unflavored Nic Pack, Brown Tube, 1.8mL, 540mg",23136E,QR Code,1,1.8,E-liquid,Nicotine,2026-05-22
"E-Liquid Brands, LLC","E-Liquid Brands, LLC","Prime Concentrated Unflavored Nic Pack, Black Tube, 1.8mL, 720mg",23136F,QR Code,1,1.8,E-liquid,Nicotine,2026-05-22
"E-Liquid Brands, LLC","E-Liquid Brands, LLC","Prime Concentrated Unflavored Nic Pack, Orange Tube, 3.6mL, 1440mg",23136G,QR Code,1,3.6,E-liquid,Nicotine,2026-05-22
"E-Liquid Brands, LLC","E-Liquid Brands, LLC","Prime Salts, Oh My Guav, 30ml, 24mg",234235,QR Code,1,30,E-liquid,Fruit,2026-06-01
"E-Liquid Brands, LLC","E-Liquid Brands, LLC","Prime Salts, Oh My Guav, 30ml, 36mg",234236,QR Code,1,30,E-liquid,Fruit,2026-06-01
"E-Liquid Brands, LLC","E-Liquid Brands, LLC","Prime Salts, Oh My Guav,30ml, 45mg",23423S,QR Code,1,30,E-liquid,Fruit,2026-06-01
"E-Liquid Brands, LLC","E-Liquid Brands, LLC","Prime Black, Oh My Guav, 120ml, 3mg",872551,QR Code,1,120,E-liquid,Fruit,2026-06-01
"E-Liquid Brands, LLC","E-Liquid Brands, LLC","Prime Black, Oh My Guav, 120ml, 6mg",872552,QR Code,1,120,E-liquid,Fruit,2026-06-01
"E-Liquid Brands, LLC","E-Liquid Brands, LLC","Prime Black, Oh My Guav, 120ml, 12mg",87255B,QR Code,1,120,E-liquid,Fruit,2026-06-01
Exodus Bar LLC,Exodus Bar LLC,Niq Peark - Pink Bubbleyum,664404042464,664404042464,1,20,Disposable e-cigarette device,Bubblegum,2026-03-24
Exodus Bar LLC,Exodus Bar LLC,Niq Pearl - Blue Razzle Gush,664404042426,664404042426,1,20,Disposable e-cigarette device,Blue Raspbery,2026-03-24
Exodus Bar LLC,Exodus Bar LLC,Niq Pearl - Carribbean Colada,664404042433,664404042433,1,20,Disposable e-cigarette device,Pina Colada,2026-03-24
Exodus Bar LLC,Exodus Bar LLC,Niq Pearl - Watta Kiwi,664404042471,664404042471,1,20,Disposable e-cigarette device,Watermelon Kiwi,2026-03-24
Exodus Bar LLC,Exodus Bar LLC,Niq Pearl - Sour Pinkberry,664404042457,664404042457,1,20,Disposable e-cigarette device,Strawberry Peach,2026-03-24
Exodus Bar LLC,Exodus Bar LLC,Niq Pearl - Fricken Fab,664404042440,664404042440,1,20,Disposable e-cigarette device,Tropical Punch,2026-03-24
Exodus Bar LLC,Exodus Bar LLC,Niq Pearl - Georgia Peach,664404042549,664404042549,1,20,Disposable e-cigarette device,Peach,2026-03-24
Exodus Bar LLC,Exodus Bar LLC,Niq Pearl - Dragon Dew,664404042556,664404042556,1,20,Disposable e-cigarette device,Dragonfruit Kiwi,2026-03-24
Exodus Bar LLC,Exodus Bar LLC,Niq Pearl - Straw Smoothie,664404041559,664404041559,1,20,Disposable e-cigarette device,Straw Smoothie,2026-03-24
Exodus Bar LLC,Exodus Bar LLC,Niq Pearl - Strawberry Jam,664404041573,664404041573,1,20,Disposable e-cigarette device,Strawberry Jam,2026-03-24
Exodus Bar LLC,Exodus Bar LLC,Niq Pearl - Grape Ice,664404041511,664404041511,1,20,Disposable e-cigarette device,Grape Ice,2026-03-24
Exodus Bar LLC,Exodus Bar LLC,Niq Pearl - White gummi,664404041627,664404041627,1,20,Disposable e-cigarette device,White gummi,2026-03-24
Exodus Bar LLC,Exodus Bar LLC,Niq Pearl - Strawberry Kiwi Blast,664404041580,664404041580,1,20,Disposable e-cigarette device,Strawberry Kiwi Blast,2026-03-24
Exodus Bar LLC,Exodus Bar LLC,Niq Pearl - Miami Mint,664404041528,664404041528,1,20,Disposable e-cigarette device,Miami Mint,2026-03-24
Exodus Bar LLC,Exodus Bar LLC,Niq Pearl - Blueberry Jam,664404041498,664404041498,1,20,Disposable e-cigarette device,Blueberry Jam,2026-03-24
Exodus Bar LLC,Exodus Bar LLC,Niq Pearl - Strawberry Banana Smoothie,664404041566,664404041566,1,20,Disposable e-cigarette device,Strawberry Banana Smoothie,2026-03-24
Exodus Bar LLC,Exodus Bar LLC,Niq Pearl - Rainbow Twist,664404041542,664404041542,1,20,Disposable e-cigarette device,Rainbow Twist,2026-03-24
Exodus Bar LLC,Exodus Bar LLC,Niq Pearl - Strawberry Mango,664404041597,664404041597,1,20,Disposable e-cigarette device,Strawberry Mango,2026-03-24
Fontem US LLC,Fontem US LLC,blu Device – Graphite Black,B9403B,887969011366,1,,Refillable e-cigarette device,,2025-10-01
Fontem US LLC,Fontem US LLC,blu Device – Forest Green,B9605B,887969011557,1,,Refillable e-cigarette device,,2025-10-01
Fontem US LLC,Fontem US LLC,blu Device – Midnight Blue,B9606B,887969011571,1,,Refillable e-cigarette device,,2025-10-01
Fontem US LLC,Fontem US LLC,blu Device – Limited Edition Sand Gold,I9404B,887969011373,1,,Refillable e-cigarette device,,2025-10-01
Fontem US LLC,Fontem US LLC,blu Device – Limited Edition Forest Green,I9405B,887969011380,1,,Refillable e-cigarette device,,2025-10-01
Fontem US LLC,Fontem US LLC,blu Device – Limited Edition Midnight Blue,I9406B,887969011397,1,,Refillable e-cigarette device,,2025-10-01
Fontem US LLC,Fontem US LLC,blu Pods Tobacco Ice 4.0%,IVS6301,887969011298,2,1.5,E-liquid,Tobacco Chill,2025-10-01
Fontem US LLC,Fontem US LLC,blu Pods Gold Leaf Tobacco 1.2%,I8422B,887969011311,2,1.5,E-liquid,Gold Leaf,2025-10-01
Fontem US LLC,Fontem US LLC,blu Pods Gold Leaf Tobacco 2.4%,B8402B,887969011304,2,1.5,E-liquid,Gold Leaf,2025-10-01
Fontem US LLC,Fontem US LLC,blu Pods Menthol 2.4%,B8401B,887969011328,2,1.5,E-liquid,Menthol,2025-10-01
Fontem US LLC,Fontem US LLC,blu Pods Rich Tobacco 2.4%,IVS7307,887969011342,2,1.5,E-liquid,Tobacco,2025-10-01
Fontem US LLC,Fontem US LLC,blu Pods Rich Tobacco 3.6%,IVS6307,887969011359,2,1.5,E-liquid,Tobacco,2025-10-01
Fontem US LLC,Fontem US LLC,blu Pods Tobacco Ice 2.5%,IVS7301,887969011281,2,1.5,E-liquid,Tobacco Chill,2025-10-01
Fontem US LLC,Fontem US LLC,blu Pods Menthol 1.2%,B8421B,887969011335,2,1.5,E-liquid,Menthol,2025-10-01
Fontem US LLC,Fontem US LLC,blu® Disposable Classic Tobacco 2.4%,B1016CT,859654002010,1,1,Disposable e-cigarette device,Tobacco,2025-10-01
Fontem US LLC,Fontem US LLC,blu® Disposable Menthol 2.4%,B1016MM,859654002003,1,1,Disposable e-cigarette device,Menthol,2025-10-01
Fontem US LLC,Fontem US LLC,blu® Disposable Vanilla 2.4%,B1016VV,887969005297,1,1,Disposable e-cigarette device,Vanilla,2025-10-01
Fontem US LLC,Fontem US LLC,blu® Disposable Polar Mint 2.4%,2149050,887969007222,1,1,Disposable e-cigarette device,Polar Mint,2025-10-01
Fontem US LLC,Fontem US LLC,blu® Disposable Cherry 2.4%,B1016CC,858099003491,1,1,Disposable e-cigarette device,Cherry,2025-10-01
Fontem US LLC,Fontem US LLC,blu PLUS+® Tanks Gold Leaf Tobacco 1.2%,I2149319,887969007468,3,0.9,E-liquid,Gold Leaf,2025-10-01
Fontem US LLC,Fontem US LLC,blu PLUS+® Tanks Gold Leaf Tobacco 2.4%,I2149320,887969007482,3,0.9,E-liquid,Gold Leaf,2025-10-01
Fontem US LLC,Fontem US LLC,blu Plus+ Xpress Kit (Classic Tobacco),B9103B,887969008700,2 (1 Device per Box / 1 Tank),"N/A, 0.9",Refillable e-cigarette device,NA / Tobacco,2025-10-01
Fontem US LLC,Fontem US LLC,blu PLUS+® Tanks Menthol 1.2%,I7021B,887969004917,3,0.9,E-liquid,Menthol,2025-10-01
Fontem US LLC,Fontem US LLC,blu PLUS+® Tanks Menthol 2.4%,B7001B,887969004900,3,0.9,E-liquid,Menthol,2025-10-01
Fontem US LLC,Fontem US LLC,blu PLUS+® Tanks Carolina Bold 2.0%,I2149107,887969005112,3,0.9,E-liquid,Carolina Bold,2025-10-01
Fontem US LLC,Fontem US LLC,blu PLUS+® Tanks Classic Tobacco 1.2 %,I7022B,887969004894,3,0.9,E-liquid,Tobacco,2025-10-01
Fontem US LLC,Fontem US LLC,blu PLUS+® Tanks Classic Tobacco 2.4%,B7002B,887969004887,3,0.9,E-liquid,Tobacco,2025-10-01
Fontem US LLC,Fontem US LLC,myblu Device – Anniversary Edition (silver),B9402B,887969011267,1,,Refillable e-cigarette device,,2025-10-01
Fontem US LLC,Fontem US LLC,myblu device,B9401B,887969011083,1,,Refillable e-cigarette device,,2025-10-01
Fontem US LLC,Fontem US LLC,myblu Starter Pack Gold Leaf 2.4%,B9301B,887969008847,3 (1 Device per Box / 2 Cartridges),"N/A, 1.5",Refillable e-cigarette device,NA / Gold Leaf,2025-10-01
Fontem US LLC,Fontem US LLC,myblu Intense Tobacco Chill 4.0%,VS6201,887969009967,2,1.5,E-liquid,Tobacco Chill,2025-10-01
Fontem US LLC,Fontem US LLC,myblu Gold Leaf Tobacco 1.2%,B8322B,887969010369,2,1.5,E-liquid,Gold Leaf,2025-10-01
Fontem US LLC,Fontem US LLC,myblu Gold Leaf Tobacco 2.4%,B8302B,887969010345,2,1.5,E-liquid,Gold Leaf,2025-10-01
Fontem US LLC,Fontem US LLC,myblu Menthol 2.4%,B8301B,887969010567,2,1.5,E-liquid,Menthol,2025-10-01
Fontem US LLC,Fontem US LLC,myblu Intense Tobacco 2.4%,VS7207,887969010802,2,1.5,E-liquid,Tobacco,2025-10-01
Fontem US LLC,Fontem US LLC,myblu Intense Tobacco 3.6%,VS6207,887969010789,2,1.5,E-liquid,Tobacco,2025-10-01
Fontem US LLC,Fontem US LLC,myblu Intense Tobacco Chill 2.5%,VS7201,887969009943,2,1.5,E-liquid,Tobacco Chill,2025-10-01
Fontem US LLC,Fontem US LLC,myblu Magnificent Menthol 1.2%,B8321B,887969010581,1,1.5,E-liquid,Menthol,2025-10-01
Fresh Farms E Liquid LLC,Fresh Farms E Liquid LLC,FruitiaXFiftyBar5%20kPuffDisposable - Apple Cronut,FRFBAPC20K,850068854561,1,18,Disposable E-Cigarette Device,Apple,2025-10-10
Fresh Farms E Liquid LLC,Fresh Farms E Liquid LLC,FruitiaXFiftyBar5%20kPuffDisposable - Baja Burst,FRFBBJB20K,850065626697,1,18,Disposable E-Cigarette Device,Tropical,2025-10-10
Fresh Farms E Liquid LLC,Fresh Farms E Liquid LLC,FruitiaXFiftyBar5%20kPuffDisposable - Berry Pop,FRFBBMP20K,850065626734,1,18,Disposable E-Cigarette Device,Berry,2025-10-10
Fresh Farms E Liquid LLC,Fresh Farms E Liquid LLC,FruitiaXFiftyBar5%20kPuffDisposable - Blue Razz Ice,FRFBBRI20K,810190661062,1,18,Disposable E-Cigarette Device,Blue Raspberry,2025-10-10
Fresh Farms E Liquid LLC,Fresh Farms E Liquid LLC,FruitiaXFiftyBar5%20kPuffDisposable - Blueberry Pound Cake,FRFBBPC20K,850065626598,1,18,Disposable E-Cigarette Device,Blueberry Cake,2025-10-10
Fresh Farms E Liquid LLC,Fresh Farms E Liquid LLC,FruitiaXFiftyBar5%20kPuffDisposable - Bonker Berries,FRFBBKB20K,850065626673,1,18,Disposable E-Cigarette Device,Berry,2025-10-10
Fresh Farms E Liquid LLC,Fresh Farms E Liquid LLC,FruitiaXFiftyBar5%20kPuffDisposable - Chocolate Creme,FRFBCLM20K,850068854585,1,18,Disposable E-Cigarette Device,Chocolate Milk,2025-10-10
Fresh Farms E Liquid LLC,Fresh Farms E Liquid LLC,FruitiaXFiftyBar5%20kPuffDisposable - Cookie Butter,FRFBCCB20K,850065626635,1,18,Disposable E-Cigarette Device,Cookie,2025-10-10
Fresh Farms E Liquid LLC,Fresh Farms E Liquid LLC,FruitiaXFiftyBar5%20kPuffDisposable - Island Punch,FRFBHWP20K,850065626772,1,18,Disposable E-Cigarette Device,Tropical,2025-10-10
Fresh Farms E Liquid LLC,Fresh Farms E Liquid LLC,FruitiaXFiftyBar5%20kPuffDisposable - Peach Cobbler,FRFBPHC20K,850068854608,1,18,Disposable E-Cigarette Device,Peach,2025-10-10
Fresh Farms E Liquid LLC,Fresh Farms E Liquid LLC,FruitiaXFiftyBar5%20kPuffDisposable - Polar Ice,FRFBPLI20K,850065626611,1,18,Disposable E-Cigarette Device,Polar Ice,2025-10-10
Fresh Farms E Liquid LLC,Fresh Farms E Liquid LLC,FruitiaXFiftyBar5%20kPuffDisposable - Sour Punch,FRFBSRB20K,850065626710,1,18,Disposable E-Cigarette Device,Sour Candy,2025-10-10
Fresh Farms E Liquid LLC,Fresh Farms E Liquid LLC,FruitiaXFiftyBar5%20kPuffDisposable - Sour Rainbow,FRFBSOR20K,850068854622,1,18,Disposable E-Cigarette Device,Sour Candy,2025-10-10
Fresh Farms E Liquid LLC,Fresh Farms E Liquid LLC,FruitiaXFiftyBar5%20kPuffDisposable - Southern Tobacco,FRFBSNT20K,850065626758,1,18,Disposable E-Cigarette Device,Tobacco,2025-10-10
Fresh Farms E Liquid LLC,Fresh Farms E Liquid LLC,FruitiaXFiftyBar5%20kPuffDisposable - Spearmint,FRFBSPM20K,850065626826,1,18,Disposable E-Cigarette Device,Spearmint,2025-10-10
Fresh Farms E Liquid LLC,Fresh Farms E Liquid LLC,FruitiaXFiftyBar5%20kPuffDisposable - Strawberry Beltz,FRFBSBZ20K,850065626789,1,18,Disposable E-Cigarette Device,Strawberry Candy,2025-10-10
Fresh Farms E Liquid LLC,Fresh Farms E Liquid LLC,FruitiaXFiftyBar5%20kPuffDisposable - Strawberry Shortcake,FRFBSBS20K,810190661024,1,18,Disposable E-Cigarette Device,Strawberry Cake,2025-10-10
Fresh Farms E Liquid LLC,Fresh Farms E Liquid LLC,FruitiaXFiftyBar5%20kPuffDisposable - Swedish,FRFBSDF20K,850065626819,1,18,Disposable E-Cigarette Device,Candy,2025-10-10
Fresh Farms E Liquid LLC,Fresh Farms E Liquid LLC,FruitiaXFiftyBar5%20kPuffDisposable - Watermelon Ice,FRFBWMI20K,810190661055,1,18,Disposable E-Cigarette Device,Watermelon,2025-10-10
Fresh Farms E Liquid LLC,Fresh Farms E Liquid LLC,FruitiaXFiftyBar5%20kPuffDisposable - White Cherry Slushie,FRFBWCS20K,850068854646,1,18,Disposable E-Cigarette Device,Cherry,2025-10-10
Fresh Farms E Liquid LLC,Fresh Farms E Liquid LLC,Fruitia - Apple Kiwi Crush - 30ml 35mg,AKC3035,850009709301,1,30,Other,Apple Kiwi,2026-02-10
Fresh Farms E Liquid LLC,Fresh Farms E Liquid LLC,Fruitia - Apple Kiwi Crush - 30ml 50mg,AKC3050,850009709318,1,30,Other,Apple Kiwi,2026-02-10
Fresh Farms E Liquid LLC,Fresh Farms E Liquid LLC,Fruitia - Apple Kiwi Crush - 60ml 3mg,AKC6003,850009709288,1,60,E-liquid,Apple Kiwi,2026-02-10
Fresh Farms E Liquid LLC,Fresh Farms E Liquid LLC,Fruitia - Apple Kiwi Crush - 60ml 6mg,AKC6006,850009709295,1,60,E-liquid,Apple Kiwi,2026-02-10
Fresh Farms E Liquid LLC,Fresh Farms E Liquid LLC,Fruitia - Blood Orange Cactus Cooler 30mL 35mg,BMA3035,850000573765,1,30,Other,Blood Orange,2026-02-10
Fresh Farms E Liquid LLC,Fresh Farms E Liquid LLC,Fruitia - Blood Orange Cactus Cooler 30mL 50mg,BMA3050,850000573772,1,30,Other,Blood Orange,2026-02-10
Fresh Farms E Liquid LLC,Fresh Farms E Liquid LLC,Fruitia - Blood Orange Cactus Cooler 60mL 3mg,BMA6003,850000573741,1,60,E-liquid,Blood Orange,2026-02-10
Fresh Farms E Liquid LLC,Fresh Farms E Liquid LLC,Fruitia - Blood Orange Cactus Cooler 60mL 6mg,BMA6006,850000573758,1,60,E-liquid,Blood Orange,2026-02-10
Fresh Farms E Liquid LLC,Fresh Farms E Liquid LLC,Fruitia - Caribbean Breeze - 30ml 35mg,CRB3035,850054524270,1,30,Other,Tropical,2026-02-10
Fresh Farms E Liquid LLC,Fresh Farms E Liquid LLC,Fruitia - Caribbean Breeze - 30ml 50mg,CRB3050,850054524287,1,30,Other,Tropical,2026-02-10
Fresh Farms E Liquid LLC,Fresh Farms E Liquid LLC,Fruitia - Caribbean Breeze - 60ml 3mg,CRB6003,850054524256,1,60,E-liquid,Tropical,2026-02-10
Fresh Farms E Liquid LLC,Fresh Farms E Liquid LLC,Fruitia - Caribbean Breeze - 60ml 6mg,CRB6006,850054524263,1,60,E-liquid,Tropical,2026-02-10
Fresh Farms E Liquid LLC,Fresh Farms E Liquid LLC,Fruitia - Fuji Apple Grape 30mL 35mg,FAFG3035,850042294321,1,30,Other,Apple Grape,2026-02-10
Fresh Farms E Liquid LLC,Fresh Farms E Liquid LLC,Fruitia - Fuji Apple Grape 30mL 50mg,FAFG3050,850042294338,1,30,Other,Apple Grape,2026-02-10
Fresh Farms E Liquid LLC,Fresh Farms E Liquid LLC,Fruitia - Fuji Apple Grape 60mL 3mg,FAFG6003,850042294307,1,60,E-liquid,Apple Grape,2026-02-10
Fresh Farms E Liquid LLC,Fresh Farms E Liquid LLC,Fruitia - Fuji Apple Grape 60mL 6mg,FAFG6006,850042294314,1,60,E-liquid,Apple Grape,2026-02-10
Fresh Farms E Liquid LLC,Fresh Farms E Liquid LLC,Fruitia - Pacific Cooler - 30ml 35mg,PACC3035,850054524348,1,30,Other,Tropical,2026-02-10
Fresh Farms E Liquid LLC,Fresh Farms E Liquid LLC,Fruitia - Pacific Cooler - 30ml 50mg,PACC3050,850054524355,1,30,Other,Tropical,2026-02-10
Fresh Farms E Liquid LLC,Fresh Farms E Liquid LLC,Fruitia - Pacific Cooler - 60ml 3mg,PACC6003,850054524324,1,60,E-liquid,Tropical,2026-02-10
Fresh Farms E Liquid LLC,Fresh Farms E Liquid LLC,Fruitia - Pacific Cooler - 60ml 6mg,PACC6006,850054524331,1,60,E-liquid,Tropical,2026-02-10
Fresh Farms E Liquid LLC,Fresh Farms E Liquid LLC,Fruitia - Passion Guava Punch 30mL 35mg,PGU3035,850000573703,1,30,Other,Passion Fruit Guava,2026-02-10
Fresh Farms E Liquid LLC,Fresh Farms E Liquid LLC,Fruitia - Passion Guava Punch 30mL 50mg,PGU3050,850000573710,1,30,Other,Passion Fruit Guava,2026-02-10
Fresh Farms E Liquid LLC,Fresh Farms E Liquid LLC,Fruitia - Passion Guava Punch 60mL 3mg,PGU6003,850000573680,1,60,E-liquid,Passion Fruit Guava,2026-02-10
Fresh Farms E Liquid LLC,Fresh Farms E Liquid LLC,Fruitia - Passion Guava Punch 60mL 6mg,PGU6006,850000573697,1,60,E-liquid,Passion Fruit Guava,2026-02-10
Fresh Farms E Liquid LLC,Fresh Farms E Liquid LLC,Fruitia - Peach Pear Clementine 30mL 35mg,PPCL3035,850042294277,1,30,Other,Peach Pear Clementine,2026-02-10
Fresh Farms E Liquid LLC,Fresh Farms E Liquid LLC,Fruitia - Peach Pear Clementine 30mL 50mg,PPCL3050,850042294284,1,30,Other,Peach Pear Clementine,2026-02-10
Fresh Farms E Liquid LLC,Fresh Farms E Liquid LLC,Fruitia - Peach Pear Clementine 60mL 3mg,PPCL6003,850042294253,1,60,E-liquid,Peach Pear Clementine,2026-02-10
Fresh Farms E Liquid LLC,Fresh Farms E Liquid LLC,Fruitia - Peach Pear Clementine 60mL 6mg,PPCL6006,850042294260,1,60,E-liquid,Peach Pear Clementine,2026-02-10
Fresh Farms E Liquid LLC,Fresh Farms E Liquid LLC,Fruitia - Pineapple Citrus Twist 30mL 35mg,PIC3035,850000573826,1,30,Other,Pineapple Citrus,2026-02-10
Fresh Farms E Liquid LLC,Fresh Farms E Liquid LLC,Fruitia - Pineapple Citrus Twist 30mL 50mg,PIC3050,850000573833,1,30,Other,Pineapple Citrus,2026-02-10
Fresh Farms E Liquid LLC,Fresh Farms E Liquid LLC,Fruitia - Pineapple Citrus Twist 60mL 3mg,PIC6003,850033553642,1,60,E-liquid,Pineapple Citrus,2026-02-10
Fresh Farms E Liquid LLC,Fresh Farms E Liquid LLC,Fruitia - Pineapple Citrus Twist 60mL 6mg,PIC6006,850000573819,1,60,E-liquid,Pineapple Citrus,2026-02-10
Fresh Farms E Liquid LLC,Fresh Farms E Liquid LLC,Fruitia - Pink Burst - 30ml 35mg,PNKB3035,850054524416,1,30,Other,Strawberry Candy,2026-02-10
Fresh Farms E Liquid LLC,Fresh Farms E Liquid LLC,Fruitia - Pink Burst - 30ml 50mg,PNKB3050,850054524423,1,30,Other,Strawberry Candy,2026-02-10
Fresh Farms E Liquid LLC,Fresh Farms E Liquid LLC,Fruitia - Pink Burst - 60ml 3mg,PNKB6003,850054524393,1,60,E-liquid,Strawberry Candy,2026-02-10
Fresh Farms E Liquid LLC,Fresh Farms E Liquid LLC,Fruitia - Pink Burst - 60ml 6mg,PNKB6006,850054524409,1,60,E-liquid,Strawberry Candy,2026-02-10
Fresh Farms E Liquid LLC,Fresh Farms E Liquid LLC,Fruitia - Smooth Banana Ice 30mL 35mg,SBI3035,850009709714,1,30,Other,Banana,2026-02-10
Fresh Farms E Liquid LLC,Fresh Farms E Liquid LLC,Fruitia - Smooth Banana Ice 30mL 50mg,SBI3050,850009709721,1,30,Other,Banana,2026-02-10
Fresh Farms E Liquid LLC,Fresh Farms E Liquid LLC,Fruitia - Smooth Banana Ice 60mL 3mg,SBI6003,850009709691,1,60,E-liquid,Banana,2026-02-10
Fresh Farms E Liquid LLC,Fresh Farms E Liquid LLC,Fruitia - Smooth Banana Ice 60mL 6mg,SBI6006,850009709707,1,60,E-liquid,Banana,2026-02-10
Fresh Farms E Liquid LLC,Fresh Farms E Liquid LLC,Fruitia - Strawberry Coconut Refresher 30mL 35mg,STC3035,850000573888,1,30,Other,Strawberry Coconut,2026-02-10
Fresh Farms E Liquid LLC,Fresh Farms E Liquid LLC,Fruitia - Strawberry Coconut Refresher 30mL 50mg,STC3050,850000573895,1,30,Other,Strawberry Coconut,2026-02-10
Fresh Farms E Liquid LLC,Fresh Farms E Liquid LLC,Fruitia - Strawberry Coconut Refresher 60mL 3mg,STC6003,850000573854,1,60,E-liquid,Strawberry Coconut,2026-02-10
Fresh Farms E Liquid LLC,Fresh Farms E Liquid LLC,Fruitia - Strawberry Coconut Refresher 60ml 6mg,STC6006,850000573871,1,60,E-liquid,Strawberry Coconut,2026-02-10
Fresh Farms E Liquid LLC,Fresh Farms E Liquid LLC,Fruitia - Sweet Peach Soda 30mL 35mg,SPS3035,850009709783,1,30,Other,Peach,2026-02-10
Fresh Farms E Liquid LLC,Fresh Farms E Liquid LLC,Fruitia - Sweet Peach Soda 30mL 50mg,SPS3050,850009709790,1,30,Other,Peach,2026-02-10
Fresh Farms E Liquid LLC,Fresh Farms E Liquid LLC,Fruitia - Sweet Peach Soda 60mL 3mg,SPS6003,850009709769,1,60,E-liquid,Peach,2026-02-10
Fresh Farms E Liquid LLC,Fresh Farms E Liquid LLC,Fruitia - Sweet Peach Soda 60mL 6mg,SPS6006,850009709776,1,60,E-liquid,Peach,2026-02-10
Fumizer LLC,Fumizer LLC,Twist E-liquid - Green No. 1 - 3 mg/mL,TWG1-03-060,0704751729124,2,60,E-liquid,,2025-10-01
Fumizer LLC,Fumizer LLC,Twist E-liquid - Green No. 1 - 6 mg/mL,TWG1-06-060,0704751829131,2,60,E-liquid,,2025-10-01
Fumizer LLC,Fumizer LLC,Twist E-liquid - Pink No. 1 - 3 mg/mL,TWP1-03-060,0704751829216,2,60,E-liquid,,2025-10-01
Fumizer LLC,Fumizer LLC,Twist E-liquid - Pink No. 1 - 6 mg/mL,TWP1-06-060,0704751829223,2,60,E-liquid,,2025-10-01
Fumizer LLC,Fumizer LLC,Twist E-liquid - Blend No. 1 - 3 mg/mL,TWB1-03-060,0704751829094,2,60,E-liquid,,2025-10-01
Fumizer LLC,Fumizer LLC,Twist E-liquid - Blend No. 1 - 6 mg/mL,TWB1-06-060,0704751829100,2,60,E-liquid,,2025-10-01
Fumizer LLC,Fumizer LLC,Twist E-liquid - Red No. 1 - 3 mg/mL,TWR1-03-060,0704751829278,2,60,E-liquid,,2025-10-01
Fumizer LLC,Fumizer LLC,Twist E-liquid - Red No. 1 - 6 mg/mL,TWR1-06-060,0704751829261,2,60,E-liquid,,2025-10-01
Fumizer LLC,Fumizer LLC,Twist E-liquid - Pink 0° No. 1 - 3 mg/mL,TWP0-03-060,0704751829360,2,60,E-liquid,,2025-10-01
Fumizer LLC,Fumizer LLC,Twist E-liquid - Pink 0° No. 1 - 6 mg/mL,TWP0-06-060,0704751829377,2,60,E-liquid,,2025-10-01
Fumizer LLC,Fumizer LLC,Twist E-liquid - Purple No. 1 - 3 mg/mL,TWPR-03-060,0013415353104,2,60,E-liquid,,2025-10-01
Fumizer LLC,Fumizer LLC,Twist E-liquid - Purple No. 1 - 6 mg/mL,TWPR-06-060,0013415353111,2,60,E-liquid,,2025-10-01
Fumizer LLC,Fumizer LLC,Twist E-liquid - Crimson No. 1 - 3 mg/mL,TWC1-03-060,0704751829247,2,60,E-liquid,,2025-10-01
Fumizer LLC,Fumizer LLC,Twist E-liquid - Crimson No. 1 - 6 mg/mL,TWC1-06-060,0704751829254,2,60,E-liquid,,2025-10-01
Fumizer LLC,Fumizer LLC,Twist E-liquid - Menthol No. 1 - 3 mg/mL,TWME-03-060,0013415358284,2,60,E-liquid,Menthol,2025-10-01
Fumizer LLC,Fumizer LLC,Twist E-liquid - Menthol No. 1 - 6 mg/mL,TWME-06-060,0013415358291,2,60,E-liquid,Menthol,2025-10-01
Fumizer LLC,Fumizer LLC,Twist E-liquid - Menthol No. 1 - 12 mg/mL,TWME-12-060,0013415358307,2,60,E-liquid,Menthol,2025-10-01
Fumizer LLC,Fumizer LLC,Twist E-liquid - Menthol No. 1 - 18 mg/mL,TWME-18-060,0013415358314,2,60,E-liquid,Menthol,2025-10-01
Fumizer LLC,Fumizer LLC,Twist E-liquid - Tobacco Platinum No. 1 - 3 mg/mL,TWTP-03-060,0013415358222,2,60,E-liquid,Tobacco,2025-10-01
Fumizer LLC,Fumizer LLC,Twist E-liquid - Tobacco Platinum No. 1 - 6 mg/mL,TWTP-06-060,0013415358239,2,60,E-liquid,Tobacco,2025-10-01
Fumizer LLC,Fumizer LLC,Twist E-liquid - Tobacco Platinum No. 1 - 12 mg/mL,TWTP-12-060,0013415358246,2,60,E-liquid,Tobacco,2025-10-01
Fumizer LLC,Fumizer LLC,Twist E-liquid - Tobacco Platinum No. 1 - 18 mg/mL,TWTP-18-060,0013415358253,2,60,E-liquid,Tobacco,2025-10-01
Fumizer LLC,Fumizer LLC,Twist E-liquid - Tobacco Gold No. 1 - 3 mg/mL,TWTG-03-060,0013415358086,2,60,E-liquid,Tobacco,2025-10-01
Fumizer LLC,Fumizer LLC,Twist E-liquid - Tobacco Gold No. 1 - 6 mg/mL,TWTG-06-060,0013415358093,2,60,E-liquid,Tobacco,2025-10-01
Fumizer LLC,Fumizer LLC,Twist E-liquid - Tobacco Gold No. 1 - 12 mg/mL,TWTG-12-060,0013415358123,2,60,E-liquid,Tobacco,2025-10-01
Fumizer LLC,Fumizer LLC,Twist E-liquid - Tobacco Gold No. 1 - 18 mg/mL,TWTG-18-060,0013415358130,2,60,E-liquid,Tobacco,2025-10-01
Fumizer LLC,Fumizer LLC,Twist E-liquid - Tobacco Silver No. 1 - 3 mg/mL,TWTS-03-060,0013415358154,2,60,E-liquid,Tobacco,2025-10-01
Fumizer LLC,Fumizer LLC,Twist E-liquid - Tobacco Silver No. 1 - 6 mg/mL,TWTS-06-060,0013415358178,2,60,E-liquid,Tobacco,2025-10-01
Fumizer LLC,Fumizer LLC,Twist E-liquid - Tobacco Silver No. 1 - 12 mg/mL,TWTS-12-060,0013415358185,2,60,E-liquid,Tobacco,2025-10-01
Fumizer LLC,Fumizer LLC,Twist E-liquid - Tobacco Silver No. 1 - 18 mg/mL,TWTS-18-060,0013415358192,2,60,E-liquid,Tobacco,2025-10-01
Fumizer LLC,Fumizer LLC,Twist E-liquid - Green No. 1 - 35 mg/mL,TWG1-35-030,0019213583637,2,30,E-liquid,,2025-10-01
Fumizer LLC,Fumizer LLC,Twist E-liquid - Green No. 1 - 50 mg/mL,TWG1-50-030,0019213583644,2,30,E-liquid,,2025-10-01
Fumizer LLC,Fumizer LLC,Twist E-liquid - Pink No. 1 - 35 mg/mL,TWP1-35-030,0019213583675,2,30,E-liquid,,2025-10-01
Fumizer LLC,Fumizer LLC,Twist E-liquid - Pink No. 1 - 50 mg/mL,TWP1-50-030,0019213583682,2,30,E-liquid,,2025-10-01
Fumizer LLC,Fumizer LLC,Twist E-liquid - Blend No. 1 - 35 mg/mL,TWB1-35-030,0012436990671,2,30,E-liquid,,2025-10-01
Fumizer LLC,Fumizer LLC,Twist E-liquid - Blend No. 1 - 50 mg/mL,TWB1-50-030,0012436990688,2,30,E-liquid,,2025-10-01
Fumizer LLC,Fumizer LLC,Twist E-liquid - Red No. 1 - 35 mg/mL,TWR1-35-030,0019213583699,2,30,E-liquid,,2025-10-01
Fumizer LLC,Fumizer LLC,Twist E-liquid - Red No. 1 - 50 mg/mL,TWR1-50-030,0019213583705,2,30,E-liquid,,2025-10-01
Fumizer LLC,Fumizer LLC,Twist E-liquid - Pink 0° - 35 mg/mL,TWP0-35-030,0019213583736,2,30,E-liquid,,2025-10-01
Fumizer LLC,Fumizer LLC,Twist E-liquid - Pink 0° - 50 mg/mL,TWP0-50-030,0019213583743,2,30,E-liquid,,2025-10-01
Fumizer LLC,Fumizer LLC,Twist E-liquid - Purple No. 1 - 35 mg/mL,TWPR-35-030,0013415353555,2,30,E-liquid,,2025-10-01
Fumizer LLC,Fumizer LLC,Twist E-liquid - Purple No. 1 - 50 mg/mL,TWPR-50-030,0013415353562,2,30,E-liquid,,2025-10-01
Fumizer LLC,Fumizer LLC,Twist E-liquid - Crimson No. 1 - 35 mg/mL,TWC1-35-030,0012436990695,2,30,E-liquid,,2025-10-01
Fumizer LLC,Fumizer LLC,Twist E-liquid - Crimson No. 1 - 50 mg/mL,TWC1-50-030,0012436990701,2,30,E-liquid,,2025-10-01
Fumizer LLC,Fumizer LLC,Twist E-liquid - Menthol No. 1 - 35 mg/mL,TWME-35-030,0012436990718,2,30,E-liquid,Menthol,2025-10-01
Fumizer LLC,Fumizer LLC,Twist E-liquid - Menthol No. 1 - 50 mg/mL,TWME-50-030,0012436990725,2,30,E-liquid,Menthol,2025-10-01
Fumizer LLC,Fumizer LLC,Twist E-liquid - Tobacco Gold No. 1 - 35 mg/mL,TWTG-35-030,0012436990381,2,30,E-liquid,Tobacco,2025-10-01
Fumizer LLC,Fumizer LLC,Twist E-liquid - Tobacco Gold No. 1 - 50 mg/mL,TWTG-50-030,0012436990398,2,30,E-liquid,Tobacco,2025-10-01
Fumizer LLC,Fumizer LLC,Twist E-liquid - Mint No. 1 - 35 mg/mL,TWM1-35-030,0012436993313,2,30,E-liquid,,2025-10-01
Fumizer LLC,Fumizer LLC,Twist E-liquid - Mint No. 1 - 50 mg/mL,TWM1-50-030,0012436993306,2,30,E-liquid,,2025-10-01
Fumizer LLC,Fumizer LLC,Cloud Nurdz - Cherry Apple - 3 mg/mL - 100mL,SYN-CN-CA-100-3,679523964092,1,100,E-liquid,Cherry Apple,2026-02-13
Fumizer LLC,Fumizer LLC,Cloud Nurdz - Cherry Apple - 6 mg/mL - 100mL,SYN-CN-CA-100-6,679523964108,1,100,E-liquid,Cherry Apple,2026-02-13
Fumizer LLC,Fumizer LLC,Cloud Nurdz - Cherry Apple - 25 mg/mL - 30mL,SYN-CN-CA-SLT-30-25,679523964139,1,30,E-liquid,Cherry Apple,2026-02-13
Fumizer LLC,Fumizer LLC,Cloud Nurdz - Cherry Apple - 50 mg/mL - 30mL,SYN-CN-CA-SLT-30-50,679523964146,1,30,E-liquid,Cherry Apple,2026-02-13
Fumizer LLC,Fumizer LLC,Cloud Nurdz - Watermelon Apple - 3 mg/mL - 100mL,SYN-CNWA-03-100,765066671662,1,100,E-liquid,Watermelon Apple,2026-02-13
Fumizer LLC,Fumizer LLC,Cloud Nurdz - Watermelon Apple - 6 mg/mL - 100mL,SYN-CNWA-06-100,765066671679,1,100,E-liquid,Watermelon Apple,2026-02-13
Fumizer LLC,Fumizer LLC,Cloud Nurdz - Watermelon Apple - 25 mg/mL - 30mL,SYN-SAL-CNWA-25-30,765066188658,1,30,E-liquid,Watermelon Apple,2026-02-13
Fumizer LLC,Fumizer LLC,Cloud Nurdz - Watermelon Apple - 50 mg/mL - 30mL,SYN-SAL-CNWA-50-30,765066188665,1,30,E-liquid,Watermelon Apple,2026-02-13
Fumizer LLC,Fumizer LLC,Cloud Nurdz - ICED Watermelon Apple - 3 mg/mL - 100mL,SYN-CNWA-ICE-03-100,765066671457,1,100,E-liquid,Watermelon Apple,2026-02-13
Fumizer LLC,Fumizer LLC,Cloud Nurdz - ICED Watermelon Apple - 6 mg/mL - 100mL,SYN-CNWA-ICE-06-100,765066671464,1,100,E-liquid,Watermelon Apple,2026-02-13
Fumizer LLC,Fumizer LLC,Cloud Nurdz - ICED Watermelon Apple - 25 mg/mL - 30mL,SYN-SAL-CNWA-ICE-25-30,0012436996963,1,30,E-liquid,Watermelon Apple,2026-02-13
Fumizer LLC,Fumizer LLC,Cloud Nurdz - ICED Watermelon Apple - 50 mg/mL - 30mL,SYN-SAL-CNWA-ICE-50-30,0012436996918,1,30,E-liquid,Watermelon Apple,2026-02-13
Fumizer LLC,Fumizer LLC,Cloud Nurdz - Blue Raspberry Peach - 3 mg/mL - 100mL,SYN-CNBP-03-100,756066671549,1,100,E-liquid,Blue Raspberry Peach,2026-02-13
Fumizer LLC,Fumizer LLC,Cloud Nurdz - Blue Raspberry Peach - 6 mg/mL - 100mL,SYN-CNBP-06-100,765066671556,1,100,E-liquid,Blue Raspberry Peach,2026-02-13
Fumizer LLC,Fumizer LLC,Cloud Nurdz - Blue Raspberry Peach - 25 mg/mL - 30mL,SYN-SAL-CNBP-25-30,765066188597,1,30,E-liquid,Blue Raspberry Peach,2026-02-13
Fumizer LLC,Fumizer LLC,Cloud Nurdz - Blue Raspberry Peach - 50 mg/mL - 30mL,SYN-SAL-CNBP-50-30,765066188603,1,30,E-liquid,Blue Raspberry Peach,2026-02-13
Fumizer LLC,Fumizer LLC,Cloud Nurdz - ICED Blue Raspberry Peach - 3 mg/mL - 100mL,SYN-CNBP-ICE-03-100,765066671396,1,100,E-liquid,Blue Raspberry Peach,2026-02-13
Fumizer LLC,Fumizer LLC,Cloud Nurdz - ICED Blue Raspberry Peach - 6 mg/mL - 100mL,SYN-CNBP-ICE-06-100,765066671402,1,100,E-liquid,Blue Raspberry Peach,2026-02-13
Fumizer LLC,Fumizer LLC,Cloud Nurdz - ICED Blue Raspberry Peach - 25 mg/mL - 30mL,SYN-SAL-CNBP-ICE-25-30,0012436996864,1,30,E-liquid,Blue Raspberry Peach,2026-02-13
Fumizer LLC,Fumizer LLC,Cloud Nurdz - ICED Blue Raspberry Peach - 50 mg/mL - 30mL,SYN-SAL-CNBP-ICE-50-30,0012436996871,1,30,E-liquid,Blue Raspberry Peach,2026-02-13
Fumizer LLC,Fumizer LLC,Cloud Nurdz - Watermelon Berry - 3 mg/mL - 100mL,SYN-CNWB-03-100,0012436996499,1,100,E-liquid,Watermelon Berry,2026-02-13
Fumizer LLC,Fumizer LLC,Cloud Nurdz - Watermelon Berry - 6 mg/mL - 100mL,SYN-CNWB-06-100,0012436996505,1,100,E-liquid,Watermelon Berry,2026-02-13
Fumizer LLC,Fumizer LLC,Cloud Nurdz - Watermelon Berry - 25 mg/mL - 30mL,SYN-SAL-CNWB-25-30,0012436996543,1,30,E-liquid,Watermelon Berry,2026-02-13
Fumizer LLC,Fumizer LLC,Cloud Nurdz - Watermelon Berry - 50 mg/mL - 30mL,SYN-SAL-CNWB-50-30,0012436996550,1,30,E-liquid,Watermelon Berry,2026-02-13
Fumizer LLC,Fumizer LLC,Cloud Nurdz - ICED Watermelon Berry - 3 mg/mL - 100mL,SYN-CNWB-ICE-03-100,0012436996529,1,100,E-liquid,Watermelon Berry,2026-02-13
Fumizer LLC,Fumizer LLC,Cloud Nurdz - ICED Watermelon Berry - 6 mg/mL - 100mL,SYN-CNWB-ICE-06-100,0012436996536,1,100,E-liquid,Watermelon Berry,2026-02-13
Fumizer LLC,Fumizer LLC,Cloud Nurdz - ICED Watermelon Berry - 25 mg/mL - 30mL,SYN-SAL-CNWB-ICE-25-30,0012436996840,1,30,E-liquid,Watermelon Berry,2026-02-13
Fumizer LLC,Fumizer LLC,Cloud Nurdz - ICED Watermelon Berry - 50 mg/mL - 30mL,SYN-SAL-CNWB-ICE-50-30,0012436996857,1,30,E-liquid,Watermelon Berry,2026-02-13
Fumizer LLC,Fumizer LLC,Cloud Nurdz - Sour Watermelon Strawberry - 3 mg/mL - 100mL,SYN-CNWS-03-100,0012436997656,1,100,E-liquid,Watermelon Strawberry,2026-02-13
Fumizer LLC,Fumizer LLC,Cloud Nurdz - Sour Watermelon Strawberry - 6 mg/mL - 100mL,SYN-CNWS-06-100,0012436997663,1,100,E-liquid,Watermelon Strawberry,2026-02-13
Fumizer LLC,Fumizer LLC,Cloud Nurdz - Sour Watermelon Strawberry - 25 mg/mL - 30mL,SYN-SAL-CNWS-25-30,0012436996642,1,30,E-liquid,Watermelon Strawberry,2026-02-13
Fumizer LLC,Fumizer LLC,Cloud Nurdz - Sour Watermelon Strawberry - 50 mg/mL - 30mL,SYN-SAL-CNWS-50-30,0012436996659,1,30,E-liquid,Watermelon Strawberry,2026-02-13
Fumizer LLC,Fumizer LLC,Cloud Nurdz - ICED Sour Watermelon Strawberry - 3 mg/mL - 100mL,SYN-CNWS-ICE-03-100,0012436997717,1,100,E-liquid,Watermelon Strawberry,2026-02-13
Fumizer LLC,Fumizer LLC,Cloud Nurdz - ICED Sour Watermelon Strawberry - 6 mg/mL - 100mL,SYN-CNWS-ICE-06-100,0012436997724,1,100,E-liquid,Watermelon Strawberry,2026-02-13
Fumizer LLC,Fumizer LLC,Cloud Nurdz - ICED Sour Watermelon Strawberry - 25 mg/mL - 30mL,SYN-SAL-CNWS-ICE-25-30,0012436996826,1,30,E-liquid,Watermelon Strawberry,2026-02-13
Fumizer LLC,Fumizer LLC,Cloud Nurdz - ICED Sour Watermelon Strawberry - 50 mg/mL - 30mL,SYN-SAL-CNWS-ICE-50-30,0012436996833,1,30,E-liquid,Watermelon Strawberry,2026-02-13
Fumizer LLC,Fumizer LLC,Cloud Nurdz - Blue Raspberry Lemon - 3 mg/mL - 100mL,SYN-CNBL-03-100,765066671723,1,100,E-liquid,Raspberry Lemon,2026-02-13
Fumizer LLC,Fumizer LLC,Cloud Nurdz - Blue Raspberry Lemon - 6 mg/mL - 100mL,SYN-CNBL-06-100,765066671730,1,100,E-liquid,Raspberry Lemon,2026-02-13
Fumizer LLC,Fumizer LLC,Cloud Nurdz - Blue Raspberry Lemon - 25 mg/mL - 30mL,SYN-SAL-CNBL-25-30,756066188719,1,30,E-liquid,Raspberry Lemon,2026-02-13
Fumizer LLC,Fumizer LLC,Cloud Nurdz - Blue Raspberry Lemon - 50 mg/mL - 30mL,SYN-SAL-CNBL-50-30,765066671327,1,30,E-liquid,Raspberry Lemon,2026-02-13
Fumizer LLC,Fumizer LLC,Cloud Nurdz - Grape Apple - 3 mg/mL - 100mL,SYN-CNGA-03-100,765066671600,1,100,E-liquid,Grape Apple,2026-02-13
Fumizer LLC,Fumizer LLC,Cloud Nurdz - Grape Apple - 6 mg/mL - 100mL,SYN-CNGA-06-100,765066671617,1,100,E-liquid,Grape Apple,2026-02-13
Fumizer LLC,Fumizer LLC,Cloud Nurdz - Grape Apple - 25 mg/mL - 30mL,SYN-SAL-CNGA-25-30,765066188610,1,30,E-liquid,Grape Apple,2026-02-13
Fumizer LLC,Fumizer LLC,Cloud Nurdz - Grape Apple - 50 mg/mL - 30mL,SYN-SAL-CNGA-50-30,765066188627,1,30,E-liquid,Grape Apple,2026-02-13
Fumizer LLC,Fumizer LLC,Cloud Nurdz - Grape Strawberry - 3 mg/mL - 100mL,SYN-CNGS-03-100,765066671631,1,100,E-liquid,Grape Strawberry,2026-02-13
Fumizer LLC,Fumizer LLC,Cloud Nurdz - Grape Strawberry - 6 mg/mL - 100mL,SYN-CNGS-06-100,765066671648,1,100,E-liquid,Grape Strawberry,2026-02-13
Fumizer LLC,Fumizer LLC,Cloud Nurdz - Grape Strawberry - 25 mg/mL - 30mL,SYN-SAL-CNGS-25-30,765066188634,1,30,E-liquid,Grape Strawberry,2026-02-13
Fumizer LLC,Fumizer LLC,Cloud Nurdz - Grape Strawberry - 50 mg/mL - 30mL,SYN-SAL-CNGS-50-30,765066188641,1,30,E-liquid,Grape Strawberry,2026-02-13
Fumizer LLC,Fumizer LLC,Cloud Nurdz - Pomegranate Berry - 3 mg/mL - 100mL,SYN-CNPB-03-100,0704335645034,1,100,E-liquid,Pomegranate Berry,2026-02-13
Fumizer LLC,Fumizer LLC,Cloud Nurdz - Pomegranate Berry - 6 mg/mL - 100mL,SYN-CNPB-06-100,0704335645041,1,100,E-liquid,Pomegranate Berry,2026-02-13
Fumizer LLC,Fumizer LLC,Cloud Nurdz - Pomegranate Berry - 25 mg/mL - 30mL,SYN-SAL-CNPB-25-30,0704335645058,1,30,E-liquid,Pomegranate Berry,2026-02-13
Fumizer LLC,Fumizer LLC,Cloud Nurdz - Pomegranate Berry - 50 mg/mL - 30mL,SYN-SAL-CNPB-50-30,0704335645065,1,30,E-liquid,Pomegranate Berry,2026-02-13
Fumizer LLC,Fumizer LLC,Heisenberg Brand - Heisenberg - 3 mg/mL - 100mL,HSHS-03-100,053176361079,1,100,E-liquid,Blue Slush,2026-02-13
Fumizer LLC,Fumizer LLC,Heisenberg Brand - Heisenberg - 6 mg/mL - 100mL,HSHS-03-100,053176361086,1,100,E-liquid,Blue Slush,2026-02-13
Fumizer LLC,Fumizer LLC,Heisenberg Brand - Heisenberg - 24 mg/mL - 30mL,HSHS-24-030,053176357584,1,30,E-liquid,Blue Slush,2026-02-13
Fumizer LLC,Fumizer LLC,Heisenberg Brand - Heisenberg - 50 mg/mL - 30mL,HSHS-50-030,053176360331,1,30,E-liquid,Blue Slush,2026-02-13
Fumizer LLC,Fumizer LLC,Heisenberg Brand - Heisenberg Menthol - 3 mg/mL - 100mL,HSHM-03-100,053176361116,1,100,E-liquid,Blue Slush Menthol,2026-02-13
Fumizer LLC,Fumizer LLC,Heisenberg Brand - Heisenberg Menthol - 6 mg/mL - 100mL,HSHM-03-100,053176361123,1,100,E-liquid,Blue Slush Menthol,2026-02-13
Fumizer LLC,Fumizer LLC,Heisenberg Brand - Heisenberg Menthol - 24 mg/mL - 30mL,HSHM-24-030,053176357683,1,30,E-liquid,Blue Slush Menthol,2026-02-13
Fumizer LLC,Fumizer LLC,Heisenberg Brand - Heisenberg Menthol - 50 mg/mL - 30mL,HSHM-50-030,053176360348,1,30,E-liquid,Blue Slush Menthol,2026-02-13
Fumizer LLC,Fumizer LLC,BLGN Waffles Brand - BLGN Waffles - 3 mg/mL - 100mL,BLGN-03-100,053176378480,1,100,E-liquid,Waffles,2026-02-13
Fumizer LLC,Fumizer LLC,BLGN Waffles Brand - BLGN Waffles - 6 mg/mL - 100mL,BLGN-06-100,053176378497,1,100,E-liquid,Waffles,2026-02-13
Fumizer LLC,Fumizer LLC,BLGN Waffles Brand - BLGN Waffles - 24 mg/mL - 30mL,BLGN-24-030,053176358888,1,30,E-liquid,Waffles,2026-02-13
Fumizer LLC,Fumizer LLC,BLGN Waffles Brand - BLGN Waffles - 50 mg/mL - 30mL,BLGN-50-030,053176360379,1,30,E-liquid,Waffles,2026-02-13
Fumizer LLC,Fumizer LLC,TNT Tobacco Brand - TNT Tobacco - 3 mg/mL - 100mL,TNTO-03-100,053176378336,1,100,E-liquid,Tobacco,2026-02-13
Fumizer LLC,Fumizer LLC,TNT Tobacco Brand - TNT Tobacco - 6 mg/mL - 100mL,TNTO-06-100,053176378343,1,100,E-liquid,Tobacco,2026-02-13
Fumizer LLC,Fumizer LLC,TNT Tobacco Brand - TNT Tobacco - 24 mg/mL - 30mL,TNTO-24-030,053176358185,1,30,E-liquid,Tobacco,2026-02-13
Fumizer LLC,Fumizer LLC,TNT Tobacco Brand - TNT Tobacco - 50 mg/mL - 30mL,TNTO-50-030,053176360355,1,30,E-liquid,Tobacco,2026-02-13
Fumizer LLC,Fumizer LLC,Fresh Mint Brand - Fresh Mint - 3 mg/mL - 100mL,FMMI-03-100,053176377735,1,100,E-liquid,Mint,2026-02-13
Fumizer LLC,Fumizer LLC,Fresh Mint Brand - Fresh Mint - 6 mg/mL - 100mL,FMMI-06-100,053176377742,1,100,E-liquid,Mint,2026-02-13
Fumizer LLC,Fumizer LLC,Fresh Mint Brand - Fresh Mint - 24 mg/mL - 30mL,FMMI-24-030,053176377872,1,30,E-liquid,Mint,2026-02-13
Fumizer LLC,Fumizer LLC,Fresh Mint Brand - Fresh Mint - 50 mg/mL - 30mL,FMMI-50-030,053176377896,1,30,E-liquid,Mint,2026-02-13
Fumizer LLC,Fumizer LLC,Heisenberg Brand - Heisenberg Berry Menthol - 3 mg/mL - 100mL,HSBM-03-100,053176378183,1,100,E-liquid,Blue Raspberry Menthol,2026-02-13
Fumizer LLC,Fumizer LLC,Heisenberg Brand - Heisenberg Berry Menthol - 6 mg/mL - 100mL,HSBM-06-100,053176378190,1,100,E-liquid,Blue Raspberry Menthol,2026-02-13
Fumizer LLC,Fumizer LLC,Heisenberg Brand - Heisenberg Berry Menthol - 24 mg/mL - 30mL,HSBM-24-030,053176378206,1,30,E-liquid,Blue Raspberry Menthol,2026-02-13
Fumizer LLC,Fumizer LLC,Heisenberg Brand - Heisenberg Berry Menthol - 50 mg/mL - 30mL,HSBM-50-030,053176378213,1,30,E-liquid,Blue Raspberry Menthol,2026-02-13
Fumizer LLC,Fumizer LLC,Sadboy E-liquid - Shamrock Cookie - 3 mg/mL - 100mL,TFN-SB100SC.03,0780042892596,1,100,E-liquid,Mint Cookie,2026-02-13
Fumizer LLC,Fumizer LLC,Sadboy E-liquid - Shamrock Cookie - 6 mg/mL - 100mL,TFN-SB100SC.06,0780042892602,1,100,E-liquid,Mint Cookie,2026-02-13
Fumizer LLC,Fumizer LLC,Sadboy E-liquid - Shamrock Cookie - 28 mg/mL - 30mL,SBDV30SC.28,0780042893012,1,30,E-liquid,Mint Cookie,2026-02-13
Fumizer LLC,Fumizer LLC,Sadboy E-liquid - Shamrock Cookie - 48 mg/mL - 30mL,SBDV30SC.48,0780042893029,1,30,E-liquid,Mint Cookie,2026-02-13
Fumizer LLC,Fumizer LLC,Sadboy E-liquid - Custard Cookie - 3 mg/mL - 100mL,TFN-SB100CC.03,0780042892626,1,100,E-liquid,Custard Cookie,2026-02-13
Fumizer LLC,Fumizer LLC,Sadboy E-liquid - Custard Cookie - 6 mg/mL - 100mL,TFN-SB100CC.06,0780042892633,1,100,E-liquid,Custard Cookie,2026-02-13
Fumizer LLC,Fumizer LLC,Sadboy E-liquid - Custard Cookie - 28 mg/mL - 30mL,SBDV30CC.28,0780042893036,1,30,E-liquid,Custard Cookie,2026-02-13
Fumizer LLC,Fumizer LLC,Sadboy E-liquid - Custard Cookie - 48 mg/mL - 30mL,SBDV30CC.48,0780042893043,1,30,E-liquid,Custard Cookie,2026-02-13
Fumizer LLC,Fumizer LLC,Sadboy E-liquid - Butter Cookie - 3 mg/mL - 100mL,TFN-SB100BC.03,0780042892565,1,100,E-liquid,Butter Cookie,2026-02-13
Fumizer LLC,Fumizer LLC,Sadboy E-liquid - Butter Cookie - 6 mg/mL - 100mL,TFN-SB100BC.06,0780042892572,1,100,E-liquid,Butter Cookie,2026-02-13
Fumizer LLC,Fumizer LLC,Sadboy E-liquid - Butter Cookie - 28 mg/mL - 30mL,SBDV30BC.28,0780042892992,1,30,E-liquid,Butter Cookie,2026-02-13
Fumizer LLC,Fumizer LLC,Sadboy E-liquid - Butter Cookie - 48 mg/mL - 30mL,SBDV30BC.48,0780042893005,1,30,E-liquid,Butter Cookie,2026-02-13
Fumizer LLC,Fumizer LLC,Sadboy E-liquid - Unicorn Tears - 3 mg/mL - 100mL,TFN-SB100UT.03,0780042892534,1,100,E-liquid,Cereal Bar,2026-02-13
Fumizer LLC,Fumizer LLC,Sadboy E-liquid - Unicorn Tears - 6 mg/mL - 100mL,TFN-SB100UT.06,0780042892541,1,100,E-liquid,Cereal Bar,2026-02-13
Fumizer LLC,Fumizer LLC,Sadboy E-liquid - Unicorn Tears - 28 mg/mL - 30mL,SBDV30U.28,0780042892978,1,30,E-liquid,Cereal Bar,2026-02-13
Fumizer LLC,Fumizer LLC,Sadboy E-liquid - Unicorn Tears - 48 mg/mL - 30mL,SBDV30U.48,0780042892985,1,30,E-liquid,Cereal Bar,2026-02-13
Fumizer LLC,Fumizer LLC,Sadboy E-liquid - Punch Berry - 3 mg/mL - 100mL,TFN-SB100PB.03,0780042892749,1,100,E-liquid,Fruit Punch,2026-02-13
Fumizer LLC,Fumizer LLC,Sadboy E-liquid - Punch Berry - 6 mg/mL - 100mL,TFN-SB100PB.06,0780042892756,1,100,E-liquid,Fruit Punch,2026-02-13
Fumizer LLC,Fumizer LLC,Sadboy E-liquid - Punch Berry - 28 mg/mL - 30mL,SBDV30PB.28,0780042893111,1,30,E-liquid,Fruit Punch,2026-02-13
Fumizer LLC,Fumizer LLC,Sadboy E-liquid - Punch Berry - 48 mg/mL - 30mL,SBDV30PB.48,0780042893128,1,30,E-liquid,Fruit Punch,2026-02-13
Fumizer LLC,Fumizer LLC,Sadboy E-liquid - Rainbow Blood - 3 mg/mL - 100mL,TFN-SB100RB.03,0780042892800,1,100,E-liquid,Rainbow Candy,2026-02-13
Fumizer LLC,Fumizer LLC,Sadboy E-liquid - Rainbow Blood - 6 mg/mL - 100mL,TFN-SB100RB.06,0780042892817,1,100,E-liquid,Rainbow Candy,2026-02-13
Fumizer LLC,Fumizer LLC,Sadboy E-liquid - Rainbow Blood - 28 mg/mL - 30mL,SBDV30RB.28,0780042893159,1,30,E-liquid,Rainbow Candy,2026-02-13
Fumizer LLC,Fumizer LLC,Sadboy E-liquid - Rainbow Blood - 48 mg/mL - 30mL,SBDV30RB.48,0780042893166,1,30,E-liquid,Rainbow Candy,2026-02-13
Fumizer LLC,Fumizer LLC,Sadboy E-liquid - Keylime Cookie - 3 mg/mL - 100mL,TFN-SB100KL.03,0780042892657,1,100,E-liquid,Keylime Cookie,2026-02-13
Fumizer LLC,Fumizer LLC,Sadboy E-liquid - Keylime Cookie - 6 mg/mL - 100mL,TFN-SB100KL.06,0780042892664,1,100,E-liquid,Keylime Cookie,2026-02-13
Fumizer LLC,Fumizer LLC,Sadboy E-liquid - Keylime Cookie - 28 mg/mL - 30mL,SBDV30KL.28,0780042893050,1,30,E-liquid,Keylime Cookie,2026-02-13
Fumizer LLC,Fumizer LLC,Sadboy E-liquid - Keylime Cookie - 48 mg/mL - 30mL,SBDV30KL.48,0780042893067,1,30,E-liquid,Keylime Cookie,2026-02-13
Fumizer LLC,Fumizer LLC,Sadboy E-liquid - Strawberry Jam - 3 mg/mL - 100mL,TFN-SB100SJ.03,0780042892688,1,100,E-liquid,Strawberry,2026-02-13
Fumizer LLC,Fumizer LLC,Sadboy E-liquid - Strawberry Jam - 6 mg/mL - 100mL,TFN-SB100SJ.06,0780042892695,1,100,E-liquid,Strawberry,2026-02-13
Fumizer LLC,Fumizer LLC,Sadboy E-liquid - Strawberry Jam - 28 mg/mL - 30mL,SBDV30SJ.28,0780042893074,1,30,E-liquid,Strawberry,2026-02-13
Fumizer LLC,Fumizer LLC,Sadboy E-liquid - Strawberry Jam - 48 mg/mL - 30mL,SBDV30SJ.48,0780042893081,1,30,E-liquid,Strawberry,2026-02-13
Fumizer LLC,Fumizer LLC,Sadboy E-liquid - Happy End Pink - 3 mg/mL - 100mL,TFN-SB100HP.03,0780042892893,1,100,E-liquid,Pink Cotton Candy,2026-02-13
Fumizer LLC,Fumizer LLC,Sadboy E-liquid - Happy End Pink - 6 mg/mL - 100mL,TFN-SB100HP.06,0780042892909,1,100,E-liquid,Pink Cotton Candy,2026-02-13
Fumizer LLC,Fumizer LLC,Sadboy E-liquid - Happy End Pink - 28 mg/mL - 30mL,SBDV30HP.28,0780042893210,1,30,E-liquid,Pink Cotton Candy,2026-02-13
Fumizer LLC,Fumizer LLC,Sadboy E-liquid - Happy End Pink - 48 mg/mL - 30mL,SBDV30HP.48,0780042893227,1,30,E-liquid,Pink Cotton Candy,2026-02-13
Fumizer LLC,Fumizer LLC,Sadboy E-liquid - Happy End Blue - 3 mg/mL - 100mL,TFN-SB100HB.03,0780042892862,1,100,E-liquid,Blue Cotton Candy,2026-02-13
Fumizer LLC,Fumizer LLC,Sadboy E-liquid - Happy End Blue - 6 mg/mL - 100mL,TFN-SB100HB.06,0780042892879,1,100,E-liquid,Blue Cotton Candy,2026-02-13
Fumizer LLC,Fumizer LLC,Sadboy E-liquid - Happy End Blue - 28 mg/mL - 30mL,SBDV30HB.28,0780042893197,1,30,E-liquid,Blue Cotton Candy,2026-02-13
Fumizer LLC,Fumizer LLC,Sadboy E-liquid - Happy End Blue - 48 mg/mL - 30mL,SBDV30HB.48,0780042893203,1,30,E-liquid,Blue Cotton Candy,2026-02-13
Fumizer LLC,Fumizer LLC,MRKTPLCE - Fuji Pear Mangoberry - 3 mg/mL - 100mL,MP-FJM-03-100,650434675987,1,100,E-liquid,Mango Pear,2026-02-13
Fumizer LLC,Fumizer LLC,MRKTPLCE - Fuji Pear Mangoberry - 6 mg/mL - 100mL,MP-FJM-06-100,656879085114,1,100,E-liquid,Mango Pear,2026-02-13
Fumizer LLC,Fumizer LLC,MRKTPLCE - Fuji Pear Mangoberry - 24 mg/mL - 30mL,MP-FJM-24-030,656879079694,1,30,E-liquid,Mango Pear,2026-02-13
Fumizer LLC,Fumizer LLC,MRKTPLCE - Fuji Pear Mangoberry - 48 mg/mL - 30mL,MP-FJM-48-030,656879080393,1,30,E-liquid,Mango Pear,2026-02-13
Fumizer LLC,Fumizer LLC,MRKTPLCE - Forbidden Berry - 3 mg/mL - 100mL,MP-FOB-03-100,650434675680,1,100,E-liquid,Berry,2026-02-13
Fumizer LLC,Fumizer LLC,MRKTPLCE - Forbidden Berry - 6 mg/mL - 100mL,MP-FOB-06-100,650434675697,1,100,E-liquid,Berry,2026-02-13
Fumizer LLC,Fumizer LLC,MRKTPLCE - Forbidden Berry - 24 mg/mL - 30mL,MP-FOB-24-030,650434675703,1,30,E-liquid,Berry,2026-02-13
Fumizer LLC,Fumizer LLC,MRKTPLCE - Forbidden Berry - 48 mg/mL - 30mL,MP-FOB-48-030,650434675710,1,30,E-liquid,Berry,2026-02-13
Fumizer LLC,Fumizer LLC,MRKTPLCE - Pineapple Peach Dragonberry - 3 mg/mL - 100mL,MP-PPD-03-100,656879084490,1,100,E-liquid,Pineapple Peach,2026-02-13
Fumizer LLC,Fumizer LLC,MRKTPLCE - Pineapple Peach Dragonberry - 6 mg/mL - 100mL,MP-PPD-06-100,650434676021,1,100,E-liquid,Pineapple Peach,2026-02-13
Fumizer LLC,Fumizer LLC,MRKTPLCE - Pineapple Peach Dragonberry - 24 mg/mL - 30mL,MP-PPD-24-030,656879079762,1,30,E-liquid,Pineapple Peach,2026-02-13
Fumizer LLC,Fumizer LLC,MRKTPLCE - Pineapple Peach Dragonberry - 48 mg/mL - 30mL,MP-PPD-48-030,656879080461,1,30,E-liquid,Pineapple Peach,2026-02-13
Fumizer LLC,Fumizer LLC,MRKTPLCE - Watermelon Hulaberry Lime - 3 mg/mL - 100mL,MP-WHL-03-100,650434676007,1,100,E-liquid,Watermelon Berry,2026-02-13
Fumizer LLC,Fumizer LLC,MRKTPLCE - Watermelon Hulaberry Lime - 6 mg/mL - 100mL,MP-WHL-06-100,650434676038,1,100,E-liquid,Watermelon Berry,2026-02-13
Fumizer LLC,Fumizer LLC,MRKTPLCE - Watermelon Hulaberry Lime - 24 mg/mL - 30mL,MP-WHL-24-030,656879079854,1,30,E-liquid,Watermelon Berry,2026-02-13
Fumizer LLC,Fumizer LLC,MRKTPLCE - Watermelon Hulaberry Lime - 48 mg/mL - 30mL,MP-WHL-48-030,656879080553,1,30,E-liquid,Watermelon Berry,2026-02-13
Fumizer LLC,Fumizer LLC,MINTS E-liquid - Peppermint - 3 mg/mL - 60mL,MNPM-03-060,679523965693,2,60,E-liquid,Peppermint,2026-02-13
Fumizer LLC,Fumizer LLC,MINTS E-liquid - Peppermint - 6 mg/mL - 60mL,MNPM-06-060,679523965792,2,60,E-liquid,Peppermint,2026-02-13
Fumizer LLC,Fumizer LLC,MINTS E-liquid - Peppermint - 30 mg/mL - 30mL,MNPM-30-030,679523965396,1,30,E-liquid,Peppermint,2026-02-13
Fumizer LLC,Fumizer LLC,MINTS E-liquid - Peppermint - 50 mg/mL - 30mL,MNPM-50-030,679523965495,1,30,E-liquid,Peppermint,2026-02-13
Fumizer LLC,Fumizer LLC,MINTS E-liquid - Wintergreen - 3 mg/mL - 60mL,MNWG-03-060,679523965686,2,60,E-liquid,Wintergreen,2026-02-13
Fumizer LLC,Fumizer LLC,MINTS E-liquid - Wintergreen - 6 mg/mL - 60mL,MNWG-06-060,679523965785,2,60,E-liquid,Wintergreen,2026-02-13
Fumizer LLC,Fumizer LLC,MINTS E-liquid - Wintergreen - 30 mg/mL - 30mL,MNWG-30-030,679523965389,1,30,E-liquid,Wintergreen,2026-02-13
Fumizer LLC,Fumizer LLC,MINTS E-liquid - Wintergreen - 50 mg/mL - 30mL,MNWG-50-030,679523965488,1,30,E-liquid,Wintergreen,2026-02-13
Fumizer LLC,Fumizer LLC,MINTS E-liquid - Spearmint - 3 mg/mL - 60mL,MNSP-03-060,679523965679,2,60,E-liquid,Spearmint,2026-02-13
Fumizer LLC,Fumizer LLC,MINTS E-liquid - Spearmint - 6 mg/mL - 60mL,MNSP-06-060,679523965778,2,60,E-liquid,Spearmint,2026-02-13
Fumizer LLC,Fumizer LLC,MINTS E-liquid - Spearmint - 30 mg/mL - 30mL,MNSP-30-030,679523965372,1,30,E-liquid,Spearmint,2026-02-13
Fumizer LLC,Fumizer LLC,MINTS E-liquid - Spearmint - 50 mg/mL - 30mL,MNSP-50-030,679523965471,1,30,E-liquid,Spearmint,2026-02-13
Fumizer LLC,Fumizer LLC,I Love Salts - Blue Raspberry - 25 mg/mL - 30mL,ILSBR-25-030,810054125440,1,30,E-liquid,Blue Raspberry,2026-02-13
Fumizer LLC,Fumizer LLC,I Love Salts - Blue Raspberry - 50 mg/mL - 30mL,ILSBR-50-030,810054125471,1,30,E-liquid,Blue Raspberry,2026-02-13
Fumizer LLC,Fumizer LLC,I Love Salts - Grappleberry - 25 mg/mL - 30mL,ILSGR-25-030,810054125327,1,30,E-liquid,Grape Apple,2026-02-13
Fumizer LLC,Fumizer LLC,I Love Salts - Grappleberry - 50 mg/mL - 30mL,ILSGR-50-030,810054125358,1,30,E-liquid,Grape Apple,2026-02-13
Fumizer LLC,Fumizer LLC,I Love Salts - Spearmint - 25 mg/mL - 30mL,ILSSP-25-030,810054125020,1,30,E-liquid,Spearmint,2026-02-13
Fumizer LLC,Fumizer LLC,I Love Salts - Spearmint - 50 mg/mL - 30mL,ILSSP-50-030,810054125051,1,30,E-liquid,Spearmint,2026-02-13
Fumizer LLC,Fumizer LLC,I Love Salts - Sweet Tobacco - 25 mg/mL - 30mL,ILSST-25-030,810054125204,1,30,E-liquid,Tobacco,2026-02-13
Fumizer LLC,Fumizer LLC,I Love Salts - Sweet Tobacco - 50 mg/mL - 30mL,ILSST-50-030,810054125235,1,30,E-liquid,Tobacco,2026-02-13
Fumizer LLC,Fumizer LLC,I Love Salts - Classic Tobacco - 25 mg/mL - 30mL,ILSCT-25-030,810054125143,1,30,E-liquid,Tobacco,2026-02-13
Fumizer LLC,Fumizer LLC,I Love Salts - Classic Tobacco - 50 mg/mL - 30mL,ILSCT-50-030,810054125174,1,30,E-liquid,Tobacco,2026-02-13
Fumizer LLC,Fumizer LLC,I Love Salts - Juicy Apple - 25 mg/mL - 30mL,ILSJA-25-030,810054125563,1,30,E-liquid,Apple,2026-02-13
Fumizer LLC,Fumizer LLC,I Love Salts - Juicy Apple - 50 mg/mL - 30mL,ILSJA-50-030,810054125594,1,30,E-liquid,Apple,2026-02-13
Fumizer LLC,Fumizer LLC,I Love Salts - Classic Menthol - 25 mg/mL - 30mL,ILSCM-25-030,810054125082,1,30,E-liquid,Menthol,2026-02-13
Fumizer LLC,Fumizer LLC,I Love Salts - Classic Menthol - 50 mg/mL - 30mL,ILSCM-50-030,810054125112,1,30,E-liquid,Menthol,2026-02-13
Fumizer LLC,Fumizer LLC,Zen Haus - Rebirth - 3 mg/mL - 100mL,ZHRB-03-100,679523966089,1,100,E-liquid,Nectarine Raspberry Apple,2026-02-13
Fumizer LLC,Fumizer LLC,Zen Haus - Rebirth - 6 mg/mL - 100mL,ZHRB-06-100,679523966188,1,100,E-liquid,Nectarine Raspberry Apple,2026-02-13
Fumizer LLC,Fumizer LLC,Zen Haus - Rebirth - 30 mg/mL - 30mL,ZHRB-30-030,679523966287,1,30,E-liquid,Nectarine Raspberry Apple,2026-02-13
Fumizer LLC,Fumizer LLC,Zen Haus - Rebirth - 50 mg/mL - 30mL,ZHRB-50-030,679523966386,1,30,E-liquid,Nectarine Raspberry Apple,2026-02-13
Fumizer LLC,Fumizer LLC,Zen Haus - Rebirth ICED - 3 mg/mL - 100mL,ZHRB-03-ICE-100,679523966133,1,100,E-liquid,Nectarine Raspberry Apple,2026-02-13
Fumizer LLC,Fumizer LLC,Zen Haus - Rebirth ICED - 6 mg/mL - 100mL,ZHRB-06-ICE-100,679523966232,1,100,E-liquid,Nectarine Raspberry Apple,2026-02-13
Fumizer LLC,Fumizer LLC,Zen Haus - Rebirth ICED - 30 mg/mL - 30mL,ZHRB-30-ICE-030,679523966331,1,30,E-liquid,Nectarine Raspberry Apple,2026-02-13
Fumizer LLC,Fumizer LLC,Zen Haus - Rebirth ICED - 50 mg/mL - 30mL,ZHRB-50-ICE-030,679523966430,1,30,E-liquid,Nectarine Raspberry Apple,2026-02-13
Fumizer LLC,Fumizer LLC,Zen Haus - Nirvana - 3 mg/mL - 100mL,ZHNV-03-100,679523966096,1,100,E-liquid,Mango Passionfruit Apple,2026-02-13
Fumizer LLC,Fumizer LLC,Zen Haus - Nirvana - 6 mg/mL - 100mL,ZHNV-06-100,679523966195,1,100,E-liquid,Mango Passionfruit Apple,2026-02-13
Fumizer LLC,Fumizer LLC,Zen Haus - Nirvana - 30 mg/mL - 30mL,ZHNV-30-030,679523966294,1,30,E-liquid,Mango Passionfruit Apple,2026-02-13
Fumizer LLC,Fumizer LLC,Zen Haus - Nirvana - 50 mg/mL - 30mL,ZHNV-50-030,679523966393,1,30,E-liquid,Mango Passionfruit Apple,2026-02-13
Fumizer LLC,Fumizer LLC,Zen Haus - Nirvana ICED - 3 mg/mL - 100mL,ZHNV-03-ICE-100,679523966140,1,100,E-liquid,Mango Passionfruit Apple,2026-02-13
Fumizer LLC,Fumizer LLC,Zen Haus - Nirvana ICED - 6 mg/mL - 100mL,ZHNV-06-ICE-100,679523966249,1,100,E-liquid,Mango Passionfruit Apple,2026-02-13
Fumizer LLC,Fumizer LLC,Zen Haus - Nirvana ICED - 30 mg/mL - 30mL,ZHNV-30-ICE-030,679523966348,1,30,E-liquid,Mango Passionfruit Apple,2026-02-13
Fumizer LLC,Fumizer LLC,Zen Haus - Nirvana ICED - 50 mg/mL - 30mL,ZHNV-50-ICE-030,679523966447,1,30,E-liquid,Mango Passionfruit Apple,2026-02-13
Fumizer LLC,Fumizer LLC,Zen Haus - Meditation - 3 mg/mL - 100mL,ZHME-03-100,679523966119,1,100,E-liquid,Grapefruit Watermelon,2026-02-13
Fumizer LLC,Fumizer LLC,Zen Haus - Meditation - 6 mg/mL - 100mL,ZHME-06-100,679523966218,1,100,E-liquid,Grapefruit Watermelon,2026-02-13
Fumizer LLC,Fumizer LLC,Zen Haus - Meditation - 30 mg/mL - 30mL,ZHME-30-030,679523966317,1,30,E-liquid,Grapefruit Watermelon,2026-02-13
Fumizer LLC,Fumizer LLC,Zen Haus - Meditation - 50 mg/mL - 30mL,ZHME-50-030,679523966416,1,30,E-liquid,Grapefruit Watermelon,2026-02-13
Fumizer LLC,Fumizer LLC,Zen Haus - Chakra - 3 mg/mL - 100mL,ZHCH-03-100,780057269543,1,100,E-liquid,Peach Pear,2026-02-13
Fumizer LLC,Fumizer LLC,Zen Haus - Chakra - 6 mg/mL - 100mL,ZHCH-06-100,780057269550,1,100,E-liquid,Peach Pear,2026-02-13
Fumizer LLC,Fumizer LLC,Zen Haus - Chakra - 30 mg/mL - 30mL,ZHCH-30-030,780057269697,1,30,E-liquid,Peach Pear,2026-02-13
Fumizer LLC,Fumizer LLC,Zen Haus - Chakra - 50 mg/mL - 30mL,ZHCH-50-030,780057269703,1,30,E-liquid,Peach Pear,2026-02-13
Fumizer LLC,Fumizer LLC,Zen Haus - Mantra - 3 mg/mL - 100mL,ZHMA-03-100,751503600579,1,100,E-liquid,Apple Strawberry,2026-02-13
Fumizer LLC,Fumizer LLC,Zen Haus - Mantra - 6 mg/mL - 100mL,ZHMA-06-100,751503600586,1,100,E-liquid,Apple Strawberry,2026-02-13
Fumizer LLC,Fumizer LLC,Zen Haus - Mantra - 30 mg/mL - 30mL,ZHMA-30-030,751503600784,1,30,E-liquid,Apple Strawberry,2026-02-13
Fumizer LLC,Fumizer LLC,Zen Haus - Mantra - 50 mg/mL - 30mL,ZHMA-50-030,751503600883,1,30,E-liquid,Apple Strawberry,2026-02-13
Fumizer LLC,Fumizer LLC,I Love Salts - Blue Raspberry Ice - 25 mg/mL - 30mL,ILSBR-ICE-25-030,810054125518,1,30,E-liquid,Blue Raspberry,2026-02-13
Fumizer LLC,Fumizer LLC,I Love Salts - Blue Raspberry Ice - 50 mg/mL - 30mL,ILSBR-ICE-50-030,810054125549,1,30,E-liquid,Blue Raspberry,2026-02-13
Fumizer LLC,Fumizer LLC,Cloud Nurdz - Kiwi Melon - 3 mg/mL - 100mL,TFN-KM-100-3,765066671570,1,100,E-liquid,Kiwi Melon,2026-02-13
Fumizer LLC,Fumizer LLC,Cloud Nurdz - Kiwi Melon - 6 mg/mL - 100mL,TFN-KM-100-6,765066671587,1,100,E-liquid,Kiwi Melon,2026-02-13
Fumizer LLC,Fumizer LLC,Cloud Nurdz - Kiwi Melon - 25 mg/mL - 30mL,TFN-KM-SLT-30-25,765066188672,1,30,E-liquid,Kiwi Melon,2026-02-13
Fumizer LLC,Fumizer LLC,Cloud Nurdz - Kiwi Melon - 50 mg/mL - 30mL,TFN-KM-SLT-30-50,765066188689,1,30,E-liquid,Kiwi Melon,2026-02-13
Fumizer LLC,Fumizer LLC,Cloud Nurdz - Strawberry Mango - 3 mg/mL - 100mL,TFN-SM-100-3,0012436997625,1,100,E-liquid,Strawberry Mango,2026-02-13
Fumizer LLC,Fumizer LLC,Cloud Nurdz - Strawberry Mango - 6 mg/mL - 100mL,TFN-SM-100-6,0012436997632,1,100,E-liquid,Strawberry Mango,2026-02-13
Fumizer LLC,Fumizer LLC,Cloud Nurdz - Strawberry Mango - 25 mg/mL - 30mL,TFN-SM-SLT-30-25,0012436996628,1,30,E-liquid,Strawberry Mango,2026-02-13
Fumizer LLC,Fumizer LLC,Cloud Nurdz - Strawberry Mango - 50 mg/mL - 30mL,TFN-SM-SLT-30-50,0012436996635,1,30,E-liquid,Strawberry Mango,2026-02-13
Fumizer LLC,Fumizer LLC,Cloud Nurdz - Strawberry Lemon - 3 mg/mL - 100mL,TFN-SL-100-3,765066671693,1,100,E-liquid,Strawberry Lemon,2026-02-13
Fumizer LLC,Fumizer LLC,Cloud Nurdz - Strawberry Lemon - 6 mg/mL - 100mL,TFN-SL-100-6,765066671709,1,100,E-liquid,Strawberry Lemon,2026-02-13
Fumizer LLC,Fumizer LLC,Cloud Nurdz - Strawberry Lemon - 25 mg/mL - 30mL,TFN-SL-SLT-30-25,765066188696,1,30,E-liquid,Strawberry Lemon,2026-02-13
Fumizer LLC,Fumizer LLC,Cloud Nurdz - Strawberry Lemon - 50 mg/mL - 30mL,TFN-SL-SLT-30-50,765066188702,1,30,E-liquid,Strawberry Lemon,2026-02-13
Fumizer LLC,Fumizer LLC,Cloud Nurdz - Cherry Berry - 3 mg/mL - 100mL,SYN-CN-CB-100-3,0704335645072,1,100,E-liquid,Cherry Berry,2026-02-13
Fumizer LLC,Fumizer LLC,Cloud Nurdz - Cherry Berry - 6 mg/mL - 100mL,SYN-CN-CB-100-6,0704335645089,1,100,E-liquid,Cherry Berry,2026-02-13
Fumizer LLC,Fumizer LLC,Cloud Nurdz - Cherry Berry - 25 mg/mL - 30mL,SYN-CN-CB-SLT-30-25,0704335645096,1,30,E-liquid,Cherry Berry,2026-02-13
Fumizer LLC,Fumizer LLC,Cloud Nurdz - Cherry Berry - 50 mg/mL - 30mL,SYN-CN-CB-SLT-30-50,0704335645102,1,30,E-liquid,Cherry Berry,2026-02-13
Fumizer LLC,Fumizer LLC,Cloud Nurdz - Iced Blue Raspberry Lemon - 3 mg/mL - 100mL,SYN-CN-BRLICE-100-3,765066671518,1,100,E-liquid,Blue Raspberry Lemon,2026-02-13
Fumizer LLC,Fumizer LLC,Cloud Nurdz - Iced Blue Raspberry Lemon - 6 mg/mL - 100mL,SYN-CN-BRLICE-100-6,765066671525,1,100,E-liquid,Blue Raspberry Lemon,2026-02-13
Fumizer LLC,Fumizer LLC,Cloud Nurdz - Iced Blue Raspberry Lemon - 25 mg/mL - 30mL,SYN-CN-BRLICE-SLT-30-25,0012436997595,1,30,E-liquid,Blue Raspberry Lemon,2026-02-13
Fumizer LLC,Fumizer LLC,Cloud Nurdz - Iced Blue Raspberry Lemon - 50 mg/mL - 30mL,SYN-CN-BRLICE-SLT-30-50,0012436997601,1,30,E-liquid,Blue Raspberry Lemon,2026-02-13
Fumizer LLC,Fumizer LLC,Cloud Nurdz - Iced Grape Apple - 3 mg/mL - 100mL,SYN-CN-GRAICE-100-3,765066671426,1,100,E-liquid,Grape Apple,2026-02-13
Fumizer LLC,Fumizer LLC,Cloud Nurdz - Iced Grape Apple - 6 mg/mL - 100mL,SYN-CN-GRAICE-100-6,765066671433,1,100,E-liquid,Grape Apple,2026-02-13
Fumizer LLC,Fumizer LLC,Cloud Nurdz - Iced Grape Apple - 25 mg/mL - 30mL,SYN-CN-GRAICE-SLT-30-25,0012436996949,1,30,E-liquid,Grape Apple,2026-02-13
Fumizer LLC,Fumizer LLC,Cloud Nurdz - Iced Grape Apple - 50 mg/mL - 30mL,SYN-CN-GRAICE-SLT-30-50,0012436996956,1,30,E-liquid,Grape Apple,2026-02-13
Fumizer LLC,Fumizer LLC,Sadboy E-liquid - Blueberry Jam - 3 mg/mL - 100mL,TFN-SB100BJ.03,0780042892718,1,100,E-liquid,Blueberry,2026-02-13
Fumizer LLC,Fumizer LLC,Sadboy E-liquid - Blueberry Jam - 6 mg/mL - 100mL,TFN-SB100BJ.06,0780042892725,1,100,E-liquid,Blueberry,2026-02-13
Fumizer LLC,Fumizer LLC,Sadboy E-liquid - Blueberry Jam - 28 mg/mL - 30mL,SBDV30BJ.28,0780042893098,1,30,E-liquid,Blueberry,2026-02-13
Fumizer LLC,Fumizer LLC,Sadboy E-liquid - Blueberry Jam - 48 mg/mL - 30mL,SBDV30BJ.48,0780042893104,1,30,E-liquid,Blueberry,2026-02-13
Fumizer LLC,Fumizer LLC,Sadboy E-liquid - Coconut Cake - 3 mg/mL - 100mL,TFN-SB100COCA.03,795154434886,1,100,E-liquid,Coconut,2026-02-13
Fumizer LLC,Fumizer LLC,Sadboy E-liquid - Coconut Cake - 6 mg/mL - 100mL,TFN-SB100COCA.06,795154434893,1,100,E-liquid,Coconut,2026-02-13
Fumizer LLC,Fumizer LLC,Sadboy E-liquid - Coconut Cake - 28 mg/mL - 30mL,SBDV30COCA.28,795154434909,1,30,E-liquid,Coconut,2026-02-13
Fumizer LLC,Fumizer LLC,Sadboy E-liquid - Coconut Cake - 48 mg/mL - 30mL,SBDV30COCA.48,795154434916,1,30,E-liquid,Coconut,2026-02-13
Fumizer LLC,Fumizer LLC,Sadboy E-liquid - Strawberry Cheesecake - 3 mg/mL - 100mL,TFN-SB100STC.03,795154434831,1,100,E-liquid,Strawberry Cheesecake,2026-02-13
Fumizer LLC,Fumizer LLC,Sadboy E-liquid - Strawberry Cheesecake - 6 mg/mL - 100mL,TFN-SB100STC.06,795154434848,1,100,E-liquid,Strawberry Cheesecake,2026-02-13
Fumizer LLC,Fumizer LLC,Sadboy E-liquid - Strawberry Cheesecake - 28 mg/mL - 30mL,SBDV30STC.28,795154434855,1,30,E-liquid,Strawberry Cheesecake,2026-02-13
Fumizer LLC,Fumizer LLC,Sadboy E-liquid - Strawberry Cheesecake - 48 mg/mL - 30mL,SBDV30STC.48,795154434862,1,30,E-liquid,Strawberry Cheesecake,2026-02-13
Fumizer LLC,Fumizer LLC,MINTS E-liquid - Cool Mint - 3 mg/mL - 60mL,MNPM-03-060,679523970659,2,60,E-liquid,Mint,2026-02-13
Fumizer LLC,Fumizer LLC,MINTS E-liquid - Cool Mint - 6 mg/mL - 60mL,MNPM-06-060,679523970482,2,60,E-liquid,Mint,2026-02-13
Fumizer LLC,Fumizer LLC,MINTS E-liquid - Cool Mint - 30 mg/mL - 30mL,MNPM-30-030,679523970550,1,30,E-liquid,Mint,2026-02-13
Fumizer LLC,Fumizer LLC,MINTS E-liquid - Cool Mint - 50 mg/mL - 30mL,MNPM-50-030,679523970567,1,30,E-liquid,Mint,2026-02-13
Fumizer LLC,Fumizer LLC,I Love Salts - Pink Lemonade - 25 mg/mL - 30mL,ILSPL-25-030,810054125686,1,30,E-liquid,Lemonade,2026-02-13
Fumizer LLC,Fumizer LLC,I Love Salts - Pink Lemonade - 50 mg/mL - 30mL,ILSPL-50-030,810054125716,1,30,E-liquid,Lemonade,2026-02-13
Fumizer LLC,Fumizer LLC,I Love Salts - Strawberry Ice - 25 mg/mL - 30mL,ILSST-ICE-25-030,810054125266,1,30,E-liquid,Strawberry,2026-02-13
Fumizer LLC,Fumizer LLC,I Love Salts - Strawberry Ice - 50 mg/mL - 30mL,ILSST-ICE-50-030,810054125297,1,30,E-liquid,Strawberry,2026-02-13
Fumizer LLC,Fumizer LLC,I Love Salts - Blue Raspberry Lemonade - 25 mg/mL - 30mL,ILSBR-25-030,810054127826,1,30,E-liquid,Blue Raspberry Lemon,2026-02-13
Fumizer LLC,Fumizer LLC,Zen Haus - Serenity - 3 mg/mL - 100mL,ZHSE-03-100,679523966102,1,100,E-liquid,Pineapple Mango Coconut,2026-02-13
Fumizer LLC,Fumizer LLC,Zen Haus - Serenity - 6 mg/mL - 100mL,ZHSE-06-100,679523966201,1,100,E-liquid,Pineapple Mango Coconut,2026-02-13
Fumizer LLC,Fumizer LLC,Zen Haus - Serenity - 30 mg/mL - 30mL,ZHSE-30-030,679523966300,1,30,E-liquid,Pineapple Mango Coconut,2026-02-13
Fumizer LLC,Fumizer LLC,Zen Haus - Serenity - 50 mg/mL - 30mL,ZHSE-50-030,679523966409,1,30,E-liquid,Pineapple Mango Coconut,2026-02-13
Fumizer LLC,Fumizer LLC,Zen Haus - Ohmmm - 3 mg/mL - 100mL,ZHOH-03-100,780057269604,1,100,E-liquid,Pineapple Mango Passionfruit,2026-02-13
Fumizer LLC,Fumizer LLC,Zen Haus - Ohmmm - 6 mg/mL - 100mL,ZHOH-06-100,780057269611,1,100,E-liquid,Pineapple Mango Passionfruit,2026-02-13
Fumizer LLC,Fumizer LLC,Zen Haus - Ohmmm - 30 mg/mL - 30mL,ZHOH-30-030,780057269734,1,30,E-liquid,Pineapple Mango Passionfruit,2026-02-13
Fumizer LLC,Fumizer LLC,Zen Haus - Ohmmm - 50 mg/mL - 30mL,ZHOH-50-030,780057269741,1,30,E-liquid,Pineapple Mango Passionfruit,2026-02-13
Fumizer LLC,Fumizer LLC,Twist E-liquid - Berry Amber - 3 mg/mL,TWBA-03-060,0012436991319,2,60,E-liquid,Berry,2026-05-05
Fumizer LLC,Fumizer LLC,Twist E-liquid - Berry Amber - 6 mg/mL,TWBA-06-060,0012436991326,2,60,E-liquid,Berry,2026-05-05
Fumizer LLC,Fumizer LLC,Twist E-liquid - Berry Amber - 3 mg/mL - Single,TWBA-03-060-IND,0012436990770,1,60,E-liquid,Berry,2026-05-05
Fumizer LLC,Fumizer LLC,Twist E-liquid - Berry Amber - 6 mg/mL - Single,TWBA-06-060-IND,0012436990787,1,60,E-liquid,Berry,2026-05-05
Fumizer LLC,Fumizer LLC,Twist E-liquid - Blend No. 1 - 3 mg/mL - Single,TWB1-03-060-IND,0704751828899,1,60,E-liquid,Tropical Fruit,2026-05-05
Fumizer LLC,Fumizer LLC,Twist E-liquid - Blend No. 1 - 6 mg/mL - Single,TWB1-06-060-IND,0704751828905,1,60,E-liquid,Tropical Fruit,2026-05-05
Fumizer LLC,Fumizer LLC,Twist E-liquid - Green No. 1 - 3 mg/mL - Single,TWG1-03-060-IND,0704751828929,1,60,E-liquid,Honeydew,2026-05-05
Fumizer LLC,Fumizer LLC,Twist E-liquid - Green No. 1 - 6 mg/mL - Single,TWG1-06-060-IND,0704751828936,1,60,E-liquid,Honeydew,2026-05-05
Fumizer LLC,Fumizer LLC,Twist E-liquid - Green No. 1 - 35 mg/mL - Single,TWG1-35-030-IND,0019213583712,1,30,E-liquid,Honeydew,2026-05-05
Fumizer LLC,Fumizer LLC,Twist E-liquid - Green No. 1 - 50 mg/mL - Single,TWG1-50-030-IND,0019213583729,1,30,E-liquid,Honeydew,2026-05-05
Fumizer LLC,Fumizer LLC,Twist E-liquid - Mint 0° - 35 mg/mL - Single,TWM0-35-030-IND,0013415350554,1,30,E-liquid,Mint,2026-05-05
Fumizer LLC,Fumizer LLC,Twist E-liquid - Mint 0° - 50 mg/mL - Single,TWM0-50-030-IND,0013415350561,1,30,E-liquid,Mint,2026-05-05
Fumizer LLC,Fumizer LLC,Twist E-liquid - Mint No. 1 - 35 mg/mL - Single,TWM1-35-030-IND,0012436993283,1,30,E-liquid,Mint,2026-05-05
Fumizer LLC,Fumizer LLC,Twist E-liquid - Mint No. 1 - 50 mg/mL - Single,TWM1-50-030-IND,0012436993290,1,30,E-liquid,Mint,2026-05-05
Fumizer LLC,Fumizer LLC,Twist E-liquid - Pink 0° No. 1 - 3 mg/mL - Single,TWP0-03-060-IND,0704751829346,1,60,E-liquid,Pink Lemonade,2026-05-05
Fumizer LLC,Fumizer LLC,Twist E-liquid - Pink 0° No. 1 - 6 mg/mL - Single,TWP0-06-060-IND,0704751829339,1,60,E-liquid,Pink Lemonade,2026-05-05
Fumizer LLC,Fumizer LLC,Twist E-liquid - Pink No. 1 - 3 mg/mL - Single,TWP1-03-060-IND,0704751828950,1,60,E-liquid,Pink Lemonade,2026-05-05
Fumizer LLC,Fumizer LLC,Twist E-liquid - Pink No. 1 - 6 mg/mL - Single,TWP1-06-060-IND,0704751828967,1,60,E-liquid,Pink Lemonade,2026-05-05
Fumizer LLC,Fumizer LLC,Twist E-liquid - Pink No. 1 - 35 mg/mL - Single,TWP1-35-030-IND,0019213583750,1,30,E-liquid,Pink Lemonade,2026-05-05
Fumizer LLC,Fumizer LLC,Twist E-liquid - Pink No. 1 - 50 mg/mL - Single,TWP1-50-030-IND,0019213583767,1,30,E-liquid,Pink Lemonade,2026-05-05
Fumizer LLC,Fumizer LLC,Twist E-liquid - Mint 0° - 35 mg/mL,TWM0-35-030,0013415350615,2,30,E-liquid,Mint,2026-05-05
Fumizer LLC,Fumizer LLC,Twist E-liquid - Mint 0° - 50 mg/mL,TWM0-50-030,0013415352114,2,30,E-liquid,Mint,2026-05-05
Fumizer LLC,Fumizer LLC,Twist E-liquid - Purple Grape - 3 mg/mL - Single,TWPG-03-060-IND,0012436990923,1,60,E-liquid,Grape,2026-05-05
Fumizer LLC,Fumizer LLC,Twist E-liquid - Purple Grape - 6 mg/mL - Single,TWPG-06-060-IND,0012436990930,1,60,E-liquid,Grape,2026-05-05
Fumizer LLC,Fumizer LLC,Twist E-liquid - Purple Grape - 3 mg/mL,TWPG-03-060,0012436991289,2,60,E-liquid,Grape,2026-05-05
Fumizer LLC,Fumizer LLC,Twist E-liquid - Purple Grape - 6 mg/mL,TWPG-06-060,0012436991296,2,60,E-liquid,Grape,2026-05-05
Fumizer LLC,Fumizer LLC,Twist E-liquid - Purple No. 1 - 3 mg/mL - Single,TWPR-03-060-IND,0013415353715,1,60,E-liquid,Grape Berry,2026-05-05
Fumizer LLC,Fumizer LLC,Twist E-liquid - Purple No. 1 - 6 mg/mL - Single,TWPR-06-060-IND,0013415353722,1,60,E-liquid,Grape Berry,2026-05-05
Fumizer LLC,Fumizer LLC,Twist E-liquid - Purple No. 1 - 35 mg/mL - Single,TWPR-35-030-IND,0013415353524,1,30,E-liquid,Grape Berry,2026-05-05
Fumizer LLC,Fumizer LLC,Twist E-liquid - Purple No. 1 - 50 mg/mL - Single,TWPR-50-030-IND,0013415353517,1,30,E-liquid,Grape Berry,2026-05-05
Fumizer LLC,Fumizer LLC,Twist E-liquid - Rainbow No. 1 - 3 mg/mL - Single,TWRB-03-060-IND,0012436990954,1,60,E-liquid,Rainbow Fruit,2026-05-05
Fumizer LLC,Fumizer LLC,Twist E-liquid - Rainbow No. 1 - 6 mg/mL - Single,TWRB-06-060-IND,0012436990961,1,60,E-liquid,Rainbow Fruit,2026-05-05
Fumizer LLC,Fumizer LLC,Twist E-liquid - Rainbow No. 1 - 3 mg/mL,TWRB-03-060,0012436990282,2,60,E-liquid,Rainbow Fruit,2026-05-05
Fumizer LLC,Fumizer LLC,Twist E-liquid - Rainbow No. 1 - 6 mg/mL,TWRB-06-060,0012436990299,2,60,E-liquid,Rainbow Fruit,2026-05-05
Fumizer LLC,Fumizer LLC,Twist E-liquid - Red No. 1 - 35 mg/mL - Single,TWR1-35-030-IND,0019213583774,1,30,E-liquid,Watermelon,2026-05-05
Fumizer LLC,Fumizer LLC,Twist E-liquid - Red No. 1 - 50 mg/mL - Single,TWR1-50-030-IND,0019213583781,1,30,E-liquid,Watermelon,2026-05-05
Fumizer LLC,Fumizer LLC,Twist E-liquid - Sour Red - 3 mg/mL - Single,TWSR-03-060-IND,0012436990985,1,60,E-liquid,Sour Watermelon,2026-05-05
Fumizer LLC,Fumizer LLC,Twist E-liquid - Sour Red - 6 mg/mL - Single,TWSR-06-060-IND,0012436990992,1,60,E-liquid,Sour Watermelon,2026-05-05
Fumizer LLC,Fumizer LLC,Twist E-liquid - Sour Red - 3 mg/mL,TWSR-03-060,0012436991401,2,60,E-liquid,Sour Watermelon,2026-05-05
Fumizer LLC,Fumizer LLC,Twist E-liquid - Sour Red - 6 mg/mL,TWSR-06-060,0012436991418,2,60,E-liquid,Sour Watermelon,2026-05-05
Fumizer LLC,Fumizer LLC,Twist E-liquid - White No. 1 - 3 mg/mL - Single,TWW1-03-060-IND,0012436991074,1,60,E-liquid,White Gummy,2026-05-05
Fumizer LLC,Fumizer LLC,Twist E-liquid - White No. 1 - 6 mg/mL - Single,TWW1-06-060-IND,0012436991081,1,60,E-liquid,White Gummy,2026-05-05
Fumizer LLC,Fumizer LLC,Twist E-liquid - White No. 1 - 3 mg/mL,TWW1-03-060,0012436990312,2,60,E-liquid,White Gummy,2026-05-05
Fumizer LLC,Fumizer LLC,Twist E-liquid - White No. 1 - 6 mg/mL,TWW1-06-060,0012436990329,2,60,E-liquid,White Gummy,2026-05-05
Fumizer LLC,Fumizer LLC,Twist E-liquid - Wild Red - 3 mg/mL - Single,TWWR-03-060-IND,0012436991104,1,60,E-liquid,Watermelon,2026-05-05
Fumizer LLC,Fumizer LLC,Twist E-liquid - Wild Red - 6 mg/mL - Single,TWWR-06-060-IND,0012436991111,1,60,E-liquid,Watermelon,2026-05-05
Fumizer LLC,Fumizer LLC,Twist E-liquid - Wild Red - 3 mg/mL,TWWR-03-060,0012436991463,2,60,E-liquid,Watermelon,2026-05-05
Fumizer LLC,Fumizer LLC,Twist E-liquid - Wild Red - 6 mg/mL,TWWR-06-060,0012436991470,2,60,E-liquid,Watermelon,2026-05-05
Fumizer LLC,Fumizer LLC,MINTS E-liquid - Wintergreen - 3 mg/mL - 60mL - Single,MNWG-03-060- IND,679523965686,1,60,E-liquid,Wintergreen,2026-05-05
Fumizer LLC,Fumizer LLC,MINTS E-liquid - Wintergreen - 6 mg/mL - 60mL - Single,MNWG-06-060-IND,679523965785,1,60,E-liquid,Wintergreen,2026-05-05
Fumizer LLC,Fumizer LLC,Zen Haus - Meditation ICED - 30 mg/mL - 30mL,ZHME-ICE-30-030,679523966362,1,30,E-liquid,Iced Grapefruit Watermelon,2026-05-05
Fumizer LLC,Fumizer LLC,Zen Haus - Meditation ICED - 50 mg/mL - 30mL,ZHME-ICE-50-030,679523966461,1,30,E-liquid,Iced Grapefruit Watermelon,2026-05-05
Fumizer LLC,Fumizer LLC,Zen Haus - Serenity ICED - 30 mg/mL - 30mL,ZHSE-ICE-30-030,679523966355,1,30,E-liquid,Pineapple Mango Coconut ICED,2026-05-05
Fumizer LLC,Fumizer LLC,Zen Haus - Serenity ICED - 50 mg/mL - 30mL,ZHSE-ICE-50-030,679523966454,1,30,E-liquid,Pineapple Mango Coconut ICED,2026-05-05
"Generation V, Inc.",Generation V,Bazinga by Generation V E-Liquid,6mg,638126002365,1,60,E-Liquid,Watermelon,2025-10-01
"Generation V, Inc.",Generation V,Bazinga by Generation V E-Liquid,3mg,638126002372,1,60,E-Liquid,Watermelon,2025-10-01
"Generation V, Inc.",Generation V,Bazinga by Generation V E-Liquid,12mg,638126002426,1,60,E-Liquid,Watermelon,2025-10-01
"Generation V, Inc.",Generation V,Blackberry Blitz by Generation V E-Liquid,12mg,638126002433,1,60,E-Liquid,Blackberry,2025-10-01
"Generation V, Inc.",Generation V,Blackberry Blitz by Generation V E-Liquid,3mg,689855898910,1,60,E-Liquid,Blackberry,2025-10-01
"Generation V, Inc.",Generation V,Blackberry Blitz by Generation V E-Liquid,6mg,689855898927,1,60,E-Liquid,Blackberry,2025-10-01
"Generation V, Inc.",Generation V,Bogart by Generation V E-Liquid,3mg,689855898996,1,60,E-Liquid,Berries and Yogurt,2025-10-01
"Generation V, Inc.",Generation V,Bogart by Generation V E-Liquid,6mg,689855899009,1,60,E-Liquid,Berries and Yogurt,2025-10-01
"Generation V, Inc.",Generation V,Bogart by Generation V E-Liquid,12mg,689855899016,1,60,E-Liquid,Berries and Yogurt,2025-10-01
"Generation V, Inc.",Generation V,Cali Cooler by Generation V E-Liquid,3mg,689855899030,1,60,E-Liquid,Strawberries and Blueberries,2025-10-01
"Generation V, Inc.",Generation V,Cali Cooler by Generation V E-Liquid,6mg,689855899047,1,60,E-Liquid,Strawberries and Blueberries,2025-10-01
"Generation V, Inc.",Generation V,Cali Cooler by Generation V E-Liquid,12mg,689855899054,1,60,E-Liquid,Strawberries and Blueberries,2025-10-01
"Generation V, Inc.",Generation V,Candy Cane by Generation V E-Liquid,12mg,040835322724,1,60,E-Liquid,Peppermint,2025-10-01
"Generation V, Inc.",Generation V,Candy Cane by Generation V E-Liquid,3mg,689855900293,1,60,E-Liquid,Peppermint,2025-10-01
"Generation V, Inc.",Generation V,Candy Cane by Generation V E-Liquid,6mg,689855900309,1,60,E-Liquid,Peppermint,2025-10-01
"Generation V, Inc.",Generation V,Dragon Melon by Generation V E-Juice,3mg,689855899078,1,60,E-Liquid,Dragon Fruit and Honeydew Melon,2025-10-01
"Generation V, Inc.",Generation V,Dragon Melon by Generation V E-Juice,6mg,689855899085,1,60,E-Liquid,Dragon Fruit and Honeydew Melon,2025-10-01
"Generation V, Inc.",Generation V,Dragon Melon by Generation V E-Juice,12mg,689855899092,1,60,E-Liquid,Dragon Fruit and Honeydew Melon,2025-10-01
"Generation V, Inc.",Generation V,Jacked Up by Generation V E-Liquid,12mg,689855899139,1,60,E-Liquid,Bourbon Tobacco,2025-10-01
"Generation V, Inc.",Generation V,Jacked Up by Generation V E-Liquid,3mg,689855899115,1,60,E-Liquid,Bourbon Tobacco,2025-10-01
"Generation V, Inc.",Generation V,Jacked Up by Generation V E-Liquid,6mg,689855899122,1,60,E-Liquid,Bourbon Tobacco,2025-10-01
"Generation V, Inc.",Generation V,Jacked Up by Generation V E-Liquid,18mg,689855899146,1,60,E-Liquid,Bourbon Tobacco,2025-10-01
"Generation V, Inc.",Generation V,Krispy Krack by Generation V E-Liquid,3mg,689855899160,1,60,E-Liquid,Cereal and Donut,2025-10-01
"Generation V, Inc.",Generation V,Krispy Krack by Generation V E-Liquid,6mg,689855899177,1,60,E-Liquid,Cereal and Donut,2025-10-01
"Generation V, Inc.",Generation V,Krispy Krack by Generation V E-Liquid,12mg,689855899184,1,60,E-Liquid,Cereal and Donut,2025-10-01
"Generation V, Inc.",Generation V,Leprechaun Milk by Generation V E-Liquid,3mg,689855899207,1,60,E-Liquid,Mint Ice Cream,2025-10-01
"Generation V, Inc.",Generation V,Leprechaun Milk by Generation V E-Liquid,6mg,689855899214,1,60,E-Liquid,Mint Ice Cream,2025-10-01
"Generation V, Inc.",Generation V,Leprechaun Milk by Generation V E-Liquid,12mg,689855899221,1,60,E-Liquid,Mint Ice Cream,2025-10-01
"Generation V, Inc.",Generation V,Lil Boy Blue by Generation V E-Liquid,3mg,689855899245,1,60,E-Liquid,Blueberry Custard,2025-10-01
"Generation V, Inc.",Generation V,Lil Boy Blue by Generation V E-Liquid,6mg,689855899252,1,60,E-Liquid,Blueberry Custard,2025-10-01
"Generation V, Inc.",Generation V,Lil Boy Blue by Generation V E-Liquid,12mg,689855899269,1,60,E-Liquid,Blueberry Custard,2025-10-01
"Generation V, Inc.",Generation V,Lola by Generation V E-Juice,3mg,689855899283,1,60,E-Liquid,Coca Cola and Lime,2025-10-01
"Generation V, Inc.",Generation V,Lola by Generation V E-Juice,6mg,689855899290,1,60,E-Liquid,Coca Cola and Lime,2025-10-01
"Generation V, Inc.",Generation V,Lola by Generation V E-Juice,12mg,689855899306,1,60,E-Liquid,Coca Cola and Lime,2025-10-01
"Generation V, Inc.",Generation V,Night Crawler by Generation V E-Liquid,3mg,689855899368,1,60,E-Liquid,Grape,2025-10-01
"Generation V, Inc.",Generation V,Night Crawler by Generation V E-Liquid,6mg,689855899375,1,60,E-Liquid,Grape,2025-10-01
"Generation V, Inc.",Generation V,Night Crawler by Generation V E-Liquid,12mg,689855899382,1,60,E-Liquid,Grape,2025-10-01
"Generation V, Inc.",Generation V,Peach Fuzz by Generation V E-Liquid,3mg,689855899405,1,60,E-Liquid,Peach,2025-10-01
"Generation V, Inc.",Generation V,Peach Fuzz by Generation V E-Liquid,6mg,689855899412,1,60,E-Liquid,Peach,2025-10-01
"Generation V, Inc.",Generation V,Peach Fuzz by Generation V E-Liquid,12mg,689855899429,1,60,E-Liquid,Peach,2025-10-01
"Generation V, Inc.",Generation V,Raspberry Swirl by Generation V E-Liquid,3mg,689855900330,1,60,E-Liquid,Raspberry,2025-10-01
"Generation V, Inc.",Generation V,Raspberry Swirl by Generation V E-Liquid,6mg,689855900347,1,60,E-Liquid,Raspberry,2025-10-01
"Generation V, Inc.",Generation V,Raspberry Swirl by Generation V E-Liquid,12mg,689855900354,1,60,E-Liquid,Raspberry,2025-10-01
"Generation V, Inc.",Generation V,Scream by Generation V E-Liquid,3mg,689855899443,1,60,E-Liquid,Strawberries and Cream,2025-10-01
"Generation V, Inc.",Generation V,Scream by Generation V E-Liquid,6mg,689855899450,1,60,E-Liquid,Strawberries and Cream,2025-10-01
"Generation V, Inc.",Generation V,Scream by Generation V E-Liquid,12mg,689855899467,1,60,E-Liquid,Strawberries and Cream,2025-10-01
"Generation V, Inc.",Generation V,Smartie Pants by Generation V E-Liquid,3mg,652143784707,1,60,E-Liquid,Fruit Candy,2025-10-01
"Generation V, Inc.",Generation V,Smartie Pants by Generation V E-Liquid,6mg,652143784714,1,60,E-Liquid,Fruit Candy,2025-10-01
"Generation V, Inc.",Generation V,Smartie Pants by Generation V E-Liquid,12mg,652143784752,1,60,E-Liquid,Fruit Candy,2025-10-01
"Generation V, Inc.",Generation V,Snookie by Generation V E-Liquid,3mg,689855899481,1,60,E-Liquid,Snickerdoodle,2025-10-01
"Generation V, Inc.",Generation V,Snookie by Generation V E-Liquid,6mg,689855899498,1,60,E-Liquid,Snickerdoodle,2025-10-01
"Generation V, Inc.",Generation V,Snookie by Generation V E-Liquid,12mg,689855899504,1,60,E-Liquid,Snickerdoodle,2025-10-01
"Generation V, Inc.",Generation V,Strawberry Lemonade by Generation V E-Liquid,3mg,689855899528,1,60,E-Liquid,Strawberry Lemonade,2025-10-01
"Generation V, Inc.",Generation V,Strawberry Lemonade by Generation V E-Liquid,6mg,689855899535,1,60,E-Liquid,Strawberry Lemonade,2025-10-01
"Generation V, Inc.",Generation V,Strawberry Lemonade by Generation V E-Liquid,12mg,689855899542,1,60,E-Liquid,Strawberry Lemonade,2025-10-01
"Generation V, Inc.",Generation V,The Big Chill by Generation V E-Liquid,3mg,689855899566,1,60,E-Liquid,Peppermint,2025-10-01
"Generation V, Inc.",Generation V,The Big Chill by Generation V E-Liquid,6mg,689855899573,1,60,E-Liquid,Peppermint,2025-10-01
"Generation V, Inc.",Generation V,The Big Chill by Generation V E-Liquid,12mg,689855899580,1,60,E-Liquid,Peppermint,2025-10-01
"Generation V, Inc.",Generation V,The Big Chill by Generation V E-Liquid,18mg,689855899597,1,60,E-Liquid,Peppermint,2025-10-01
"Generation V, Inc.",Generation V,The Duke by Generation V E-Liquid,3mg,689855899610,1,60,E-Liquid,Tobacco,2025-10-01
"Generation V, Inc.",Generation V,The Duke by Generation V E-Liquid,6mg,689855899627,1,60,E-Liquid,Tobacco,2025-10-01
"Generation V, Inc.",Generation V,The Duke by Generation V E-Liquid,12mg,689855899634,1,60,E-Liquid,Tobacco,2025-10-01
"Generation V, Inc.",Generation V,The Duke by Generation V E-Liquid,18mg,689855899641,1,60,E-Liquid,Tobacco,2025-10-01
"Generation V, Inc.",Generation V,Vanilla Custard by Generation V E-Liquid,3mg,689855899665,1,60,E-Liquid,Vanilla Custard,2025-10-01
"Generation V, Inc.",Generation V,Vanilla Custard by Generation V E-Liquid,6mg,689855899672,1,60,E-Liquid,Vanilla Custard,2025-10-01
"Generation V, Inc.",Generation V,Vanilla Custard by Generation V E-Liquid,12mg,689855899689,1,60,E-Liquid,Vanilla Custard,2025-10-01
"Generation V, Inc.",Generation V,Poser by New Norm E-Juice,3mg,652143822577,1,60,E-Liquid,Blue Razzberry,2025-10-01
"Generation V, Inc.",Generation V,Poser by New Norm E-Juice,6mg,652143822584,1,60,E-Liquid,Blue Razzberry,2025-10-01
"Generation V, Inc.",Generation V,Poser by New Norm E-Juice,12mg,652143822591,1,60,E-Liquid,Blue Razzberry,2025-10-01
"Generation V, Inc.",Generation V,Polar Rising by New Norm E-Liquid,3mg,652143823123,1,60,E-Liquid,"Blueberry, Raspberry, Blackberry",2025-10-01
"Generation V, Inc.",Generation V,Polar Rising by New Norm E-Liquid,6mg,652143822508,1,60,E-Liquid,"Blueberry, Raspberry, Blackberry",2025-10-01
"Generation V, Inc.",Generation V,Polar Rising by New Norm E-Liquid,12mg,652143822515,1,60,E-Liquid,"Blueberry, Raspberry, Blackberry",2025-10-01
Gold Road US LLC,Gold Bar,Gold Bar Max 50K - Watermelon Ice - Starter Kit - US - Nixodine,GBM50K -WMI - SK - US,850081043003,1,20,Disposable e-cigarette device,Watermelon,2026-04-23
Gold Road US LLC,Gold Bar,Gold Bar Max 50K - Miami Mint - Starter Kit - US - Nixodine,GBM50K - MAM - SK - US,850081043010,1,20,Disposable e-cigarette device,Mint,2026-04-23
Gold Road US LLC,Gold Bar,Gold Bar Max 50K - 24K Mango - Starter Kit - US - Nixodine,GBM50K - 24K - SK - US,850081043027,1,20,Disposable e-cigarette device,Mango,2026-04-23
Gold Road US LLC,Gold Bar,Gold Bar Max 50K - Strawberry Cupcake - Starter Kit - US - Nixodine,GBM50K - SBC - SK - US,850081043034,1,20,Disposable e-cigarette device,Strawberry,2026-04-23
Gold Road US LLC,Gold Bar,Gold Bar Max 50K - Blueberry Raspberry - Starter Kit - US - Nixodine,GBM50K - BBR - SK - US,850081043041,1,20,Disposable e-cigarette device,Blueberry,2026-04-23
Gold Road US LLC,Gold Bar,Gold Bar Max 50K - Mixed Berries - Starter Kit - US - Nixodine,GBM50K - MXB - SK - US,850081043058,1,20,Disposable e-cigarette device,Blueberry Raspberry Cranberry,2026-04-23
Gold Road US LLC,Gold Bar,Gold Bar Max 50K - Cool Mint - Starter Kit - US - Nixodine,GBM50K - CLM - SK - US,850081043065,1,20,Disposable e-cigarette device,Mint,2026-04-23
Gold Road US LLC,Gold Bar,Gold Bar Max 50K - Strawberry Watermelon - Starter Kit - US - Nixodine,GBM50K - SBW - SK - US,850081043072,1,20,Disposable e-cigarette device,Strawberry Watermelon,2026-04-23
Gold Road US LLC,Gold Bar,Gold Bar Max 50K - Lemon Head - Starter Kit - US - Nixodine,GBM50K - LMH - SK - US,850081043089,1,20,Disposable e-cigarette device,Lemon,2026-04-23
Gold Road US LLC,Gold Bar,Gold Bar Max 50K - Gummy Bear - Starter Kit - US - Nixodine,GBM50K - GMB - SK - US,850081043096,1,20,Disposable e-cigarette device,Pineapple Apple,2026-04-23
Gold Road US LLC,Gold Bar,Gold Bar Max 50K - Cherry Boom - Starter Kit - US - Nixodine,GBM50K - CRB - SK - US,850081043102,1,20,Disposable e-cigarette device,Candy Cherry,2026-04-23
Gold Road US LLC,Gold Bar,Gold Bar Max 50K - Juicy Peach - Starter Kit - US - Nixodine,GBM50K - JCP - SK - US,850081043119,1,20,Disposable e-cigarette device,Peach,2026-04-23
Gold Road US LLC,Gold Bar,Gold Bar Max 50K - Sour Gush - Starter Kit - US - Nixodine,GBM50K - SRG - SK - US,850081043126,1,20,Disposable e-cigarette device,Pineapple Mango,2026-04-23
Gold Road US LLC,Gold Bar,Gold Bar Max 50K - Pink Burst - Starter Kit - US - Nixodine,GBM50K - PKB - SK - US,850081043133,1,20,Disposable e-cigarette device,Grape Pineapple Berry,2026-04-23
Gold Road US LLC,Gold Bar,Gold Bar Max 50K - Rainbow Burst - Starter Kit - US - Nixodine,GBM50K - RBB - SK - US,850081043140,1,20,Disposable e-cigarette device,Watermelon Grape Orange,2026-04-23
Gold Road US LLC,Gold Bar,Gold Bar Max 50K - Watermelon Ice - Disposable Pod - US - Nixodine,GBM50K -WMI - DP - US,850081043157,1,20,Disposable e-cigarette device,Watermelon,2026-04-23
Gold Road US LLC,Gold Bar,Gold Bar Max 50K - Miami Mint - Disposable Pod - US - Nixodine,GBM50K - MAM - DP - US,850081043164,1,20,Disposable e-cigarette device,Mint,2026-04-23
Gold Road US LLC,Gold Bar,Gold Bar Max 50K - 24K Mango - Disposable Pod - US - Nixodine,GBM50K - 24K - DP - US,850081043171,1,20,Disposable e-cigarette device,Mango,2026-04-23
Gold Road US LLC,Gold Bar,Gold Bar Max 50K - Strawberry Cupcake - Disposable Pod - US - Nixodine,GBM50K - SBC - DP - US,850081043188,1,20,Disposable e-cigarette device,Strawberry,2026-04-23
Gold Road US LLC,Gold Bar,Gold Bar Max 50K - Blueberry Raspberry - Disposable Pod - US - Nixodine,GBM50K - BBR - DP - US,850081043195,1,20,Disposable e-cigarette device,Blueberry Raspberry,2026-04-23
Gold Road US LLC,Gold Bar,Gold Bar Max 50K - Mixed Berries - Disposable Pod - US - Nixodine,GBM50K - MXB - DP - US,850081043201,1,20,Disposable e-cigarette device,Blueberry Raspberry Cranberry,2026-04-23
Gold Road US LLC,Gold Bar,Gold Bar Max 50K - Cool Mint - Disposable Pod - US - Nixodine,GBM50K - CLM - DP - US,850081043218,1,20,Disposable e-cigarette device,Mint,2026-04-23
Gold Road US LLC,Gold Bar,Gold Bar Max 50K - Strawberry Watermelon - Disposable Pod - US - Nixodine,GBM50K - SBW - DP - US,850081043225,1,20,Disposable e-cigarette device,Strawberry Watermelon,2026-04-23
Gold Road US LLC,Gold Bar,Gold Bar Max 50K - Lemon Head - Disposable Pod - US - Nixodine,GBM50K - LMH - DP - US,850081043232,1,20,Disposable e-cigarette device,Lemon,2026-04-23
Gold Road US LLC,Gold Bar,Gold Bar Max 50K - Gummy Bear - Disposable Pod - US - Nixodine,GBM50K - GMB - DP - US,850081043249,1,20,Disposable e-cigarette device,Pineapple Apple,2026-04-23
Gold Road US LLC,Gold Bar,Gold Bar Max 50K - Cherry Boom - Disposable Pod - US - Nixodine,GBM50K - CRB - DP - US,850081043256,1,20,Disposable e-cigarette device,Candy Cherry,2026-04-23
Gold Road US LLC,Gold Bar,Gold Bar Max 50K - Juicy Peach - Disposable Pod - US - Nixodine,GBM50K - JCP - DP - US,850081043263,1,20,Disposable e-cigarette device,Peach,2026-04-23
Gold Road US LLC,Gold Bar,Gold Bar Max 50K - Sour Gush - Disposable Pod - US - Nixodine,GBM50K - SRG - DP - US,850081043270,1,20,Disposable e-cigarette device,Pineapple Mango,2026-04-23
Gold Road US LLC,Gold Bar,Gold Bar Max 50K - Pink Burst - Disposable Pod - US - Nixodine,GBM50K - PKB - DP - US,850081043287,1,20,Disposable e-cigarette device,Grape Pinneapple Berry,2026-04-23
Gold Road US LLC,Gold Bar,Gold Bar Max 50K - Rainbow Burst - Disposable Pod - US - Nixodine,GBM50K - RBB - DP - US,850081043447,1,20,Disposable e-cigarette device,Watermelon Grape Orange,2026-04-23
"Humble Juice Co., LLC",Humble Juice Co,Humble HMBL X Fifty Sweet Mint 20KS,E-HMBLX50-SWTMNT-20KS,850079443006,1,18,Disposable e-cigarette device,Mint,2026-03-05
"Humble Juice Co., LLC",Humble Juice Co,Humble HMBL X Fifty Sweet Mint 20K 5PK,E-HMBLX50-SWTMNT-20K5PK,850079443013,5,90,Disposable e-cigarette device,Mint,2026-03-05
"Humble Juice Co., LLC",Humble Juice Co,Humble HMBL X Fifty Sweet Mint 20K MC,E-HMBLX50-SWTMNT-20KMC,850079443297,200,3600,Disposable e-cigarette device,Mint,2026-03-05
"Humble Juice Co., LLC",Humble Juice Co,Humble HMBL X Fifty Vanilla Tobacco 20KS,E-HMBLX50-VNTOB-20KS,850079443020,1,18,Disposable e-cigarette device,Vanilla,2026-03-05
"Humble Juice Co., LLC",Humble Juice Co,Humble HMBL X Fifty Vanilla Tobacco 20K 5PK,E-HMBLX50-VNTOB-20K5PK,850079443037,5,90,Disposable e-cigarette device,Vanilla,2026-03-05
"Humble Juice Co., LLC",Humble Juice Co,Humble HMBL X Fifty Vanilla Tobacco 20K MC,E-HMBLX50-VNTOB-20KMC,850079443280,200,3600,Disposable e-cigarette device,Vanilla,2026-03-05
"Humble Juice Co., LLC",Humble Juice Co,Humble HMBL X Fifty Orange Mango Sherbet 20KS,E-HMBLX50-ORMGSH-20KS,850079443044,1,18,Disposable e-cigarette device,Orange Mango,2026-03-05
"Humble Juice Co., LLC",Humble Juice Co,Humble HMBL X Fifty Orange Mango Sherbet 20K 5PK,E-HMBLX50-ORMGSH-20K5PK,850079443051,5,90,Disposable e-cigarette device,Orange Mango,2026-03-05
"Humble Juice Co., LLC",Humble Juice Co,Humble HMBL X Fifty Orange Mango Sherbet 20K MC,E-HMBLX50-ORMGSH-20K-MC,850079443273,200,3600,Disposable e-cigarette device,Orange Mango,2026-03-05
"Humble Juice Co., LLC",Humble Juice Co,Humble HMBL X Fifty Golden Mango 20KS,E-HMBLX50-GLDMNG-20KS,850079443068,1,18,Disposable e-cigarette device,Mango,2026-03-05
"Humble Juice Co., LLC",Humble Juice Co,Humble HMBL X Fifty Golden Mango 20K 5PK,E-HMBLX50-GLDMNG-20K5PK,850079443075,5,90,Disposable e-cigarette device,Mango,2026-03-05
"Humble Juice Co., LLC",Humble Juice Co,Humble HMBL X Fifty Golden Mango 20K MC,E-HMBLX50-GLDMNG-20K-MC,850079443266,200,3600,Disposable e-cigarette device,Mango,2026-03-05
"Humble Juice Co., LLC",Humble Juice Co,Humble HMBL X Fifty Blue Slush 20KS,E-HMBLX50-BLSH-20KS,850079443082,1,18,Disposable e-cigarette device,Slushie,2026-03-05
"Humble Juice Co., LLC",Humble Juice Co,Humble HMBL X Fifty Blue Slush 20K 5PK,E-HMBLX50-BLSH-20K5PK,850079443099,5,90,Disposable e-cigarette device,Slushie,2026-03-05
"Humble Juice Co., LLC",Humble Juice Co,Humble HMBL X Fifty Blue Slush 20K MC,E-HMBLX50-BLSH-20K-MC,850079443259,200,3600,Disposable e-cigarette device,Slushie,2026-03-05
"Humble Juice Co., LLC",Humble Juice Co,Humble HMBL X Fifty Strawberry Banana 20KS,E-HMBLX50-STRWBNA-20KS,850079443105,1,18,Disposable e-cigarette device,Strawberry Banana,2026-03-05
"Humble Juice Co., LLC",Humble Juice Co,Humble HMBL X Fifty Strawberry Banana 20K 5PK,E-HMBLX50-STRWBNA-20K5PK,850079443112,5,90,Disposable e-cigarette device,Strawberry Banana,2026-03-05
"Humble Juice Co., LLC",Humble Juice Co,Humble HMBL X Fifty Strawberry Banana 20K MC,E-HMBLX50-STRWBNA-20K-MC,850079443242,200,3600,Disposable e-cigarette device,Strawberry Banana,2026-03-05
"Humble Juice Co., LLC",Humble Juice Co,Humble HMBL X Fifty Watermelon Lemon 20KS,E-HMBLX50-WTMLEM-20KS,850079443129,1,18,Disposable e-cigarette device,Watermelon,2026-03-05
"Humble Juice Co., LLC",Humble Juice Co,Humble HMBL X Fifty Watermelon Lemon 20K 5PK,E-HMBLX50-WTMLEM-20K5PK,850079443136,5,90,Disposable e-cigarette device,Watermelon,2026-03-05
"Humble Juice Co., LLC",Humble Juice Co,Humble HMBL X Fifty Watermelon Lemon 20K MC,E-HMBLX50-WTMLEM-20K-MC,850079443235,200,3600,Disposable e-cigarette device,Watermelon,2026-03-05
"Humble Juice Co., LLC",Humble Juice Co,Humble HMBL X Fifty Banana Funnel Cake 20KS,E-HMBLX50-BNACAKE-20KS,850079443143,1,18,Disposable e-cigarette device,Banana Cake,2026-03-05
"Humble Juice Co., LLC",Humble Juice Co,Humble HMBL X Fifty Banana Funnel Cake 20K 5PK,E-HMBLX50-BNACAKE-20K5PK,850079443150,5,90,Disposable e-cigarette device,Banana Cake,2026-03-05
"Humble Juice Co., LLC",Humble Juice Co,Humble HMBL X Fifty Banana Funnel Cake 20K MC,E-HMBLX50-BNACAKE-20K-MC,850079443228,200,3600,Disposable e-cigarette device,Banana Cake,2026-03-05
"Humble Juice Co., LLC",Humble Juice Co,Humble HMBL X Fifty Watermelon Lychee 20KS,E-HMBLX50-WTMLYCH-20KS,850079443167,1,18,Disposable e-cigarette device,Watermelon,2026-03-05
"Humble Juice Co., LLC",Humble Juice Co,Humble HMBL X Fifty Watermelon Lychee 20K 5PK,E-HMBLX50-WTMLYCH-20K5PK,850079443174,5,90,Disposable e-cigarette device,Watermelon,2026-03-05
"Humble Juice Co., LLC",Humble Juice Co,Humble HMBL X Fifty Watermelon Lychee 20K MC,E-HMBLX50-WTMLYCH-20K-MC,850079443211,200,3600,Disposable e-cigarette device,Watermelon,2026-03-05
"Humble Juice Co., LLC",Humble Juice Co,Humble HMBL X Fifty Bluerazz Bubble Gum 20KS,E-HMBLX50-BRAZGM-20KS,850079443181,1,18,Disposable e-cigarette device,Raspberry Gum,2026-03-05
"Humble Juice Co., LLC",Humble Juice Co,Humble HMBL X Fifty Bluerazz Bubble Gum 20K 5PK,E-HMBLX50-BRAZGM-20K5PK,850079443198,5,90,Disposable e-cigarette device,Raspberry Gum,2026-03-05
"Humble Juice Co., LLC",Humble Juice Co,Humble HMBL X Fifty Bluerazz Bubble Gum 20K MC,E-HMBLX50-BRAZGM-20K-MC,850079443204,200,3600,Disposable e-cigarette device,Raspberry Gum,2026-03-05
"Humble Juice Co., LLC",Humble Juice Co,Humble HMBL X Fifty Peach Sweet Tea 20KS,E-HMBLX50-SWTTEA-20KS,850079443310,1,18,Disposable e-cigarette device,Peach Tea,2026-03-05
"Humble Juice Co., LLC",Humble Juice Co,Humble HMBL X Fifty Peach Sweet Tea 20K 5PK,E-HMBLX50-SWTTEA-20K5PK,850079443303,5,90,Disposable e-cigarette device,Peach Tea,2026-03-05
"Humble Juice Co., LLC",Humble Juice Co,Humble HMBL X Fifty Peach Sweet Tea 20K MC,E-HMBLX50-SWTTEA-20K-MC,850079443327,200,3600,Disposable e-cigarette device,Peach Tea,2026-03-05
"Juul Labs, Inc.","Juul Labs, Inc.",JUUL US Device Kit Silver,J1D1846,819913015434,1,,Refillable e-cigarette device,,2025-10-01
"Juul Labs, Inc.","Juul Labs, Inc.",JUUL US Slate Device Kit,J1D1147,819913011580,1,,Refillable e-cigarette device,,2025-10-01
"Juul Labs, Inc.","Juul Labs, Inc.",JUUL US Maroon Device Kit,J1D5316,840048218940,1,,Refillable e-cigarette device,,2025-10-01
"Juul Labs, Inc.","Juul Labs, Inc.",JUUL US Onyx Device Kit Onyx,J1D6658,840048219251,1,,Refillable e-cigarette device,,2025-10-01
"Juul Labs, Inc.","Juul Labs, Inc.",JUUL US Special Offer Device Kit and Virginia Tobacco 5.0% 2-Pack $10.99,J1D6659,840048219268,2,0.7,Electronic cigarette pod or cartridge,Virginia Tobacco,2025-10-01
"Juul Labs, Inc.","Juul Labs, Inc.",JUUL US Special Offer Device Kit and Menthol 5.0% 2-Pack $10.99,J1D6660,840048219275,2,0.7,Electronic cigarette pod or cartridge,Menthol,2025-10-01
"Juul Labs, Inc.","Juul Labs, Inc.",JUUL US Special Offer Device Kit and Virginia Tobacco 5.0% 1-Pack $8.99**,J1D6664,840048220394,1,0.7,Electronic cigarette pod or cartridge,Virginia Tobacco,2025-10-01
"Juul Labs, Inc.","Juul Labs, Inc.",JUUL US Special Offer Device Kit and Menthol 5.0% 1-Pack $8.99,J1D6665,840048220387,1,0.7,Electronic cigarette pod or cartridge,Menthol,2025-10-01
"Juul Labs, Inc.","Juul Labs, Inc.",JUUL US Special Offer Menthol 5.0% 8-pack,J1B6654,840048219084,8,0.7,Electronic cigarette pod or cartridge,Virginia Tobacco,2025-10-01
"Juul Labs, Inc.","Juul Labs, Inc.",JUUL US Special Offer Virginia Tobacco 5.0% 8-pack,J1B6653,840048219077,8,0.7,Electronic cigarette pod or cartridge,Virginia Tobacco,2025-10-01
"Juul Labs, Inc.","Juul Labs, Inc.",JUUL US Special Offer Menthol 5.0% 6-pack,J1B6650,840048219046,6,0.7,Electronic cigarette pod or cartridge,Virginia Tobacco,2025-10-01
"Juul Labs, Inc.","Juul Labs, Inc.",JUUL US Special Offer Virginia Tobacco 5.0% 6-pack,J1B6649,840048219039,6,0.7,Electronic cigarette pod or cartridge,Virginia Tobacco,2025-10-01
"Juul Labs, Inc.","Juul Labs, Inc.",JUULpods US Menthol 5.0% 6-pack,J1B6652,840048219060,6,0.7,Electronic cigarette pod or cartridge,Virginia Tobacco,2025-10-01
"Juul Labs, Inc.","Juul Labs, Inc.",JUULpods US Virginia Tobacco 5.0% 6-pack,J1B6651,840048219053,6,0.7,Electronic cigarette pod or cartridge,Virginia Tobacco,2025-10-01
"Juul Labs, Inc.","Juul Labs, Inc.",JUULpods Virginia Tobacco 5.0% 2.8ml 4-pack,J1T1028,819913011429,4,0.7,Electronic cigarette pod or cartridge,Virginia Tobacco,2025-10-01
"Juul Labs, Inc.","Juul Labs, Inc.",JUULpods Menthol 5.0% 2.8ml 4-pack,J1T1434,819913012594,4,0.7,Electronic cigarette pod or cartridge,Virginia Tobacco,2025-10-01
"Juul Labs, Inc.","Juul Labs, Inc.",JUULpods Virginia Tobacco 3.0% 2.8ml 4-pack,J1T1348,819913011740,4,0.7,Electronic cigarette pod or cartridge,Virginia Tobacco,2025-10-01
"Juul Labs, Inc.","Juul Labs, Inc.",JUULpods Menthol 3.0% 2.8ml 4-pack,J1T3181,840048202963,4,0.7,Electronic cigarette pod or cartridge,Virginia Tobacco,2025-10-01
"Juul Labs, Inc.","Juul Labs, Inc.",JUULpods Virginia Tobacco 5.0% 1.4ml 2-pack,J1T1811,819913015199,2,0.7,Electronic cigarette pod or cartridge,Virginia Tobacco,2025-10-01
"Juul Labs, Inc.","Juul Labs, Inc.",JUULpods Menthol 5.0% 1.4ml 2-pack,J1T1807,819913015151,2,0.7,Electronic cigarette pod or cartridge,Virginia Tobacco,2025-10-01
"Juul Labs, Inc.","Juul Labs, Inc.",JUULpods Virginia Tobacco 3.0% 1.4ml 2-pack,J1T1790,819913014987,2,0.7,Electronic cigarette pod or cartridge,Virginia Tobacco,2025-10-01
"Juul Labs, Inc.","Juul Labs, Inc.",JUULpods Virginia Tobacco 5.0% 1-pack,J1T6657,840048219619,1,0.7,Electronic cigarette pod or cartridge,Virginia Tobacco,2025-10-01
"Juul Labs, Inc.","Juul Labs, Inc.",JUULpods Menthol 5.0% 1-pack,J1T6658,840048219602,1,0.7,Electronic cigarette pod or cartridge,Virginia Tobacco,2025-10-01
"Juul Labs, Inc.","Juul Labs, Inc.",JUUL US Sapphire Device Kit,J1D6663,840048220370,1,,Refillable e-cigarette device,,2025-10-02
"Juul Labs, Inc.","Juul Labs, Inc.",JUUL US Turquoise Device Kit,J1D6666,840048220653,1,,Refillable e-cigarette device,,2025-10-02
"Juul Labs, Inc.","Juul Labs, Inc.",JUUL US Emerald Device Kit,J1D6680,840048220783,1,,Refillable e-cigarette device,,2025-10-02
"Juul Labs, Inc.","Juul Labs, Inc.",JUULpods US Special Offer Virginia Tobacco 5.0% 6-Pack $33.99,J1B6655,840048219282,6,0.7,Electronic cigarette pod or cartridge,Virginia Tobacco,2025-10-02
"Juul Labs, Inc.","Juul Labs, Inc.",JUULpods US Special Offer Menthol 5.0% 6-Pack $33.99,J1B6656,840048219299,6,0.7,Electronic cigarette pod or cartridge,Menthol,2025-10-02
"Juul Labs, Inc.","Juul Labs, Inc.",JUULpods US Special Offer Virginia Tobacco 5.0% 8-Pack $32.99,J1B6661,840048220554,8,0.7,Electronic cigarette pod or cartridge,Virginia Tobacco,2025-10-02
"Juul Labs, Inc.","Juul Labs, Inc.",JUULpods US Special Offer Menthol 5.0% 8-Pack $32.99,J1B6662,840048220561,8,0.7,Electronic cigarette pod or cartridge,Menthol,2025-10-02
"Juul Labs, Inc.","Juul Labs, Inc.",JUULpods US Special Offer Virginia Tobacco 5.0% 6-Pack $24.99,J1B6657,840048220516,6,0.7,Electronic cigarette pod or cartridge,Virginia Tobacco,2025-10-02
"Juul Labs, Inc.","Juul Labs, Inc.",JUULpods US Special Offer Menthol 5.0% 6-Pack $24.99,J1B6658,840048220523,6,0.7,Electronic cigarette pod or cartridge,Menthol,2025-10-02
"Juul Labs, Inc.","Juul Labs, Inc.",JUULpods US Special Offer Virginia Tobacco 5.0% 6-Pack $34.99,J1B6659,840048220530,6,0.7,Electronic cigarette pod or cartridge,Virginia Tobacco,2025-10-02
"Juul Labs, Inc.","Juul Labs, Inc.",JUULpods US Special Offer Menthol 5.0% 6-Pack $34.99,J1B6660,840048220547,6,0.7,Electronic cigarette pod or cartridge,Menthol,2025-10-02
"Juul Labs, Inc.","Juul Labs, Inc.",JUUL US Special Offer Device Kit and Virginia Tobacco 5.0% 1-Pack $12.99,J1D6676,840048220691,1,0.7,Electronic cigarette pod or cartridge,Virginia Tobacco,2025-10-02
"Juul Labs, Inc.","Juul Labs, Inc.",JUUL US Special Offer Device Kit and Menthol 5.0% 1-Pack $12.99,J1D6675,840048220684,1,0.7,Electronic cigarette pod or cartridge,Menthol,2025-10-02
"Juul Labs, Inc.","Juul Labs, Inc.",JUUL US Special Offer Device Kit and Menthol 5.0% 2-Pack**,J1D5946,840048217349,2,0.7,Electronic cigarette pod or cartridge,Menthol,2025-10-02
"Juul Labs, Inc.","Juul Labs, Inc.",JUUL US Special Offer Device Kit and Virginia Tobacco 5.0% 2-Pack**,J1D6119,840048217448,2,0.7,Electronic cigarette pod or cartridge,Virginia Tobacco,2025-10-02
"Juul Labs, Inc.","Juul Labs, Inc.",JUUL US Special Offer Device Kit and Menthol 5.0% 2-Pack 14.99**,J1D6120,840048217455,2,0.7,Electronic cigarette pod or cartridge,Menthol,2025-10-02
"Juul Labs, Inc.","Juul Labs, Inc.",JUUL US Gold Device Kit,J1D6682,840048218742,1,,Refillable e-cigarette device,,2026-03-18
Lazarus Adventures LLC,Lazarus Adventures LLC,Czar 45 mg tube,CZAR45MGTUBE,199770801112,1,0.9,Other,,2026-08-27
Lazarus Adventures LLC,Lazarus Adventures LLC,Czar 90 mg tube,CZAR90MGTUBE,199770802225,1,0.9,Other,,2026-08-27
Lazarus Adventures LLC,Lazarus Adventures LLC,Czar 180 mg tube,CZAR180MGTUBE,199770803338,1,0.9,Other,,2026-08-27
Lazarus Adventures LLC,Lazarus Adventures LLC,Czar 270 mg tube,CZAR270MGTUBE,199770804441,1,0.9,Other,,2026-08-27
Lazarus Adventures LLC,Lazarus Adventures LLC,Czar 360 mg tube,CZAR360MGTUBE,199770805554,1,0.9,Other,,2026-08-27
Lazarus Adventures LLC,Lazarus Adventures LLC,Czar 540 mg tube,CZAR540MGTUBE,199770806667,1,1.8,Other,,2026-08-27
Lazarus Adventures LLC,Lazarus Adventures LLC,Czar 720 mg tube,CZAR720MGTUBE,199770807770,1,1.8,Other,,2026-08-27
Lazarus Adventures LLC,Lazarus Adventures LLC,Czar 750 mg Salt tube,CZAR750MGTUBE,199770808883,1,1.85,Other,,2026-08-27
Lazarus Adventures LLC,Lazarus Adventures LLC,Czar 1440 mg tube,CZAR1440MGTUBE,199457098217,1,3.6,Other,,2026-08-27
Lazarus Adventures LLC,Lazarus Adventures LLC,Czar 1500 mg Salt Tube,CZAR1500MGTUBE,199770809996,1,3.75,Other,,2026-08-27
Leeds Technology Inc.,Leeds Technology Inc.,FASTA Alien 51K - Blue Razz Ice,FASTA_Alien_Blue Razz Ice_SKD,850077865114,1,19,Disposable e-cigarette device,Blue Razz Ice,2026-01-29
Leeds Technology Inc.,Leeds Technology Inc.,FASTA Alien 51K - Blue Razz Lemon,FASTA_Alien_Blue Razz Lemon_SKD,850077865008,1,19,Disposable e-cigarette device,Blue Razz Lemon,2026-01-29
Leeds Technology Inc.,Leeds Technology Inc.,FASTA Alien 51K - Bluemelon,FASTA_Alien_Bluemelon_SKD,850077865053,1,19,Disposable e-cigarette device,Bluemelon,2026-01-29
Leeds Technology Inc.,Leeds Technology Inc.,FASTA Alien 51K - Cool Mint,FASTA_Alien_Cool Mint_SKD,850077865022,1,19,Disposable e-cigarette device,Cool Mint,2026-01-29
Leeds Technology Inc.,Leeds Technology Inc.,FASTA Alien 51K - Grape Slush,FASTA_Alien_Grape Slush_SKD,850077865084,1,19,Disposable e-cigarette device,Grape Slush,2026-01-29
Leeds Technology Inc.,Leeds Technology Inc.,FASTA Alien 51K - Grape Soda,FASTA_Alien_Grape Soda_SKD,850077865039,1,19,Disposable e-cigarette device,Grape Soda,2026-01-29
Leeds Technology Inc.,Leeds Technology Inc.,FASTA Alien 51K - Lime Berry Orange,FASTA_Alien_Lime Berry Orange_SKD,850077865015,1,19,Disposable e-cigarette device,Lime Berry Orange,2026-01-29
Leeds Technology Inc.,Leeds Technology Inc.,FASTA Alien 51K - Miami Mint,FASTA_Alien_Miami Mint_SKD,850077865121,1,19,Disposable e-cigarette device,Miami Mint,2026-01-29
Leeds Technology Inc.,Leeds Technology Inc.,FASTA Alien 51K - Mixed Berry,FASTA_Alien_Mixed Berry_SKD,850077865091,1,19,Disposable e-cigarette device,Mixed Berry,2026-01-29
Leeds Technology Inc.,Leeds Technology Inc.,FASTA Alien 51K - Peach Ice,FASTA_Alien_Peach Ice_SKD,850077865060,1,19,Disposable e-cigarette device,Peach Ice,2026-01-29
Leeds Technology Inc.,Leeds Technology Inc.,FASTA Alien 51K - Pineapple Slush,FASTA_Alien_Pineapple Slush_SKD,850077865145,1,19,Disposable e-cigarette device,Pineapple Slush,2026-01-29
Leeds Technology Inc.,Leeds Technology Inc.,FASTA Alien 51K - Polar Mint,FASTA_Alien_Polar Mint_SKD,850077865046,1,19,Disposable e-cigarette device,Polar Mint,2026-01-29
Leeds Technology Inc.,Leeds Technology Inc.,FASTA Alien 51K - Strawberry Kiwi,FASTA_Alien_Strawberry Kiwi_SKD,850077865077,1,19,Disposable e-cigarette device,Strawberry Kiwi,2026-01-29
Leeds Technology Inc.,Leeds Technology Inc.,FASTA Alien 51K - Watermelon Ice,FASTA_Alien_Watermelon Ice_SKD,850077865107,1,19,Disposable e-cigarette device,Watermelon Ice,2026-01-29
Leeds Technology Inc.,Leeds Technology Inc.,FASTA Alien 51K - White Gummy,FASTA_Alien_White Gummy_SKD,850077865138,1,19,Disposable e-cigarette device,White Gummy,2026-01-29
Logic Technology Development LLC,Logic Technology Development LLC,Pro Device - Logic Pro Capsule Tank System,815058022863,815058022863,1,,Refillable e-cigarette device,,2025-10-01
Logic Technology Development LLC,Logic Technology Development LLC,Pro Capsules Tobacco 20 mg/ml 2-Ct - Logic Pro Tobacco e-Liquid Package,815058022436,815058022436,2,20,E-liquid,,2025-10-01
Logic Technology Development LLC,Logic Technology Development LLC,Pro Capsules Menthol 20 mg/ml 2-Ct - Logic Pro Menthol e-Liquid,815058022443,815058022443,2,20,E-liquid,Menthol,2025-10-01
Logic Technology Development LLC,Logic Technology Development LLC,Power Rechargeable Kit Tobacco 27 mg/ml - Logic Power Tobacco e-Liquid Package & Logic Power Rechargeable Kit (device),815058022320,815058022320,1,27,Refillable e-cigarette device,,2025-10-01
Logic Technology Development LLC,Logic Technology Development LLC,Power Rechargeable Kit Menthol 27 mg/ml - Logic Power Menthol e-Liquid Package / Logic Power Rechargeable Kit (device),815058022337,815058022337,1,27,Refillable e-cigarette device,Menthol,2025-10-01
Logic Technology Development LLC,Logic Technology Development LLC,Power Cartridges Tobacco 27 mg/ml 2-Ct - Logic Power Tobacco e-Liquid Package,815058022344,815058022344,2,27,E-liquid,,2025-10-01
Logic Technology Development LLC,Logic Technology Development LLC,Power Cartridges Menthol 27 mg/ml 2-Ct - Logic Power Menthol e-Liquid Package,815058022351,815058022351,2,27,E-liquid,Menthol,2025-10-01
"Lotus Vaping Techologies, LLC","Lotus Vaping Techologies, LLC",Blunomenon by Noms E-Liquid / 3mg,N-NOM-03BLU,647971172307,1,120,E-liquid,Blue Raspberry,2025-10-01
"Lotus Vaping Techologies, LLC","Lotus Vaping Techologies, LLC",Blunomenon by Noms E-Liquid / 6mg,N-NOM-06BLU,647971172314,1,120,E-liquid,Blue Raspberry,2025-10-01
"Lotus Vaping Techologies, LLC","Lotus Vaping Techologies, LLC",Blunomenon SALT by Noms E-Liquid / 24mg,A-SALTNOM-24BLU,647971175988,1,30,E-liquid,Blue Raspberry,2025-10-01
"Lotus Vaping Techologies, LLC","Lotus Vaping Techologies, LLC",Blunomenon SALT by Noms E-Liquid / 48mg,A-SALTNOM-48BLU,647971176077,1,30,E-liquid,Blue Raspberry,2025-10-01
"Lotus Vaping Techologies, LLC","Lotus Vaping Techologies, LLC",Cactus Jackfruit Mandarin by Noms X2 E-Liquid / 3mg,N-NOM-03xCACTUS,647971174738,1,120,E-liquid,Cactus Jackfruit Mandarin,2025-10-01
"Lotus Vaping Techologies, LLC","Lotus Vaping Techologies, LLC",Cactus Jackfruit Mandarin by Noms X2 E-Liquid / 6mg,N-NOM-06xCACTUS,647971174745,1,120,E-liquid,Cactus Jackfruit Mandarin,2025-10-01
"Lotus Vaping Techologies, LLC","Lotus Vaping Techologies, LLC",Cactus Jackfruit Mandarin SALT by Noms X2 E-Liquid / 24mg,A-SALTNOM-24xCACTUS,647971176039,1,30,E-liquid,Cactus Jackfruit Mandarin,2025-10-01
"Lotus Vaping Techologies, LLC","Lotus Vaping Techologies, LLC",Cactus Jackfruit Mandarin SALT by Noms X2 E-Liquid / 48mg,A-SALTNOM-48xCACTUS,647971176121,1,30,E-liquid,Cactus Jackfruit Mandarin,2025-10-01
"Lotus Vaping Techologies, LLC","Lotus Vaping Techologies, LLC",ICED Green Apple Strawberry Peach by FreeNoms E-Liquid / 3mg,O-FRE-03ITGASP,722713777504,1,120,E-liquid,Menthol Green Apple Strawberry Peach,2025-10-01
"Lotus Vaping Techologies, LLC","Lotus Vaping Techologies, LLC",ICED Green Apple Strawberry Peach by FreeNoms E-Liquid / 6mg,O-FRE-06ITGASP,722713777559,1,120,E-liquid,Menthol Green Apple Strawberry Peach,2025-10-01
"Lotus Vaping Techologies, LLC","Lotus Vaping Techologies, LLC",Kiwi Passion Fruit Nectarine by Noms X2 E-Liquid / 3mg,N-NOM-03xKIWI,647971174912,1,120,E-liquid,Kiwi Passion Fruit Nectarine,2025-10-01
"Lotus Vaping Techologies, LLC","Lotus Vaping Techologies, LLC",Kiwi Passion Fruit Nectarine by Noms X2 E-Liquid / 6mg,N-NOM-06xKIWI,647971174929,1,120,E-liquid,Kiwi Passion Fruit Nectarine,2025-10-01
"Lotus Vaping Techologies, LLC","Lotus Vaping Techologies, LLC",Kiwi Passion Fruit Nectarine SALT by Noms X2 E-Liquid / 24mg,A-SALTNOM-24xKIWI,647971176053,1,30,E-liquid,Kiwi Passion Fruit Nectarine,2025-10-01
"Lotus Vaping Techologies, LLC","Lotus Vaping Techologies, LLC",Kiwi Passion Fruit Nectarine SALT by Noms X2 E-Liquid / 48mg,A-SALTNOM-48xKIWI,647971176145,1,30,E-liquid,Kiwi Passion Fruit Nectarine,2025-10-01
"Lotus Vaping Techologies, LLC","Lotus Vaping Techologies, LLC",Peach Mango by Sorbet Pop E-Liquid / 3mg,D-SP-03PM,636836520278,1,100,E-liquid,Peach Mango,2025-10-01
"Lotus Vaping Techologies, LLC","Lotus Vaping Techologies, LLC",Peach Mango by Sorbet Pop E-Liquid / 6mg,D-SP-06PM,636836520223,1,100,E-liquid,Peach Mango,2025-10-01
"Lotus Vaping Techologies, LLC","Lotus Vaping Techologies, LLC",Peach Mango Sorbet SALT by Sorbet Pop E-Liquid / 24mg,A-SPS-24PM,638126002303,1,30,E-liquid,Peach Mango,2025-10-01
"Lotus Vaping Techologies, LLC","Lotus Vaping Techologies, LLC",Peach Mango Sorbet SALT by Sorbet Pop E-Liquid / 48mg,A-SPS-48PM,638126002310,1,30,E-liquid,Peach Mango,2025-10-01
"Lotus Vaping Techologies, LLC","Lotus Vaping Techologies, LLC",Phenomenon by Noms E-Liquid / 3mg,N-NOM-03PHEN,647971176176,1,120,E-liquid,Fruit Punch,2025-10-01
"Lotus Vaping Techologies, LLC","Lotus Vaping Techologies, LLC",Phenomenon by Noms E-Liquid / 6mg,N-NOM-06PHEN,647971176183,1,120,E-liquid,Fruit Punch,2025-10-01
"Lotus Vaping Techologies, LLC","Lotus Vaping Techologies, LLC",Phenomenon SALT by Noms E-Liquid / 24mg,A-SALTNOM-24PHEN,647971176299,1,30,E-liquid,Fruit Punch,2025-10-01
"Lotus Vaping Techologies, LLC","Lotus Vaping Techologies, LLC",Phenomenon SALT by Noms E-Liquid / 48mg,A-SALTNOM-48PHEN,647971176305,1,30,E-liquid,Fruit Punch,2025-10-01
"Lotus Vaping Techologies, LLC","Lotus Vaping Techologies, LLC",Pineapple Kiwi Dragon Fruit by Sorbet Pop E-Liquid / 3mg,D-SP-03PINE,783586936443,1,100,E-liquid,Pineapple Kiwi Dragon,2025-10-01
"Lotus Vaping Techologies, LLC","Lotus Vaping Techologies, LLC",Pineapple Kiwi Dragon Fruit by Sorbet Pop E-Liquid / 6mg,D-SP-06PINE,783586936436,1,100,E-liquid,Pineapple Kiwi Dragon,2025-10-01
"Lotus Vaping Techologies, LLC","Lotus Vaping Techologies, LLC",Pineapple Kiwi Dragon Fruit SALT by Sorbet Pop E-Liquid / 24mg,A-SPS-24PINE,783586936412,1,30,E-liquid,Pineapple Kiwi Dragon,2025-10-01
"Lotus Vaping Techologies, LLC","Lotus Vaping Techologies, LLC",Pineapple Kiwi Dragon Fruit SALT by Sorbet Pop E-Liquid / 48mg,A-SPS-48PINE,783586936429,1,30,E-liquid,Pineapple Kiwi Dragon,2025-10-01
"Lotus Vaping Techologies, LLC","Lotus Vaping Techologies, LLC",Stranomenon by Noms E-Liquid / 3mg,N-NOM-03STR,647971170099,1,120,E-liquid,Strawberry,2025-10-01
"Lotus Vaping Techologies, LLC","Lotus Vaping Techologies, LLC",Stranomenon by Noms E-Liquid / 6mg,N-NOM-06STR,647971170105,1,120,E-liquid,Strawberry,2025-10-01
"Lotus Vaping Techologies, LLC","Lotus Vaping Techologies, LLC",Stranomenon SALT by Noms E-Liquid / 24mg,A-SALTNOM-24STR,647971176015,1,30,E-liquid,Strawberry,2025-10-01
"Lotus Vaping Techologies, LLC","Lotus Vaping Techologies, LLC",Stranomenon SALT by Noms E-Liquid / 48mg,A-SALTNOM-48STR,647971176107,1,30,E-liquid,Strawberry,2025-10-01
"Lotus Vaping Techologies, LLC","Lotus Vaping Techologies, LLC",Straw Lemon by Sorbet Pop E-Liquid / 3mg,D-SP-03SL,636836520216,1,100,E-liquid,Strawberry Lemon,2025-10-01
"Lotus Vaping Techologies, LLC","Lotus Vaping Techologies, LLC",Straw Lemon by Sorbet Pop E-Liquid / 6mg,D-SP-06SL,636836520230,1,100,E-liquid,Strawberry Lemon,2025-10-01
"Lotus Vaping Techologies, LLC","Lotus Vaping Techologies, LLC",Tangerine Lime by Sorbet Pop E-Liquid / 3mg,D-SP-03TL,638126002990,1,100,E-liquid,Tangerine Lime,2025-10-01
"Lotus Vaping Techologies, LLC","Lotus Vaping Techologies, LLC",Tangerine Lime by Sorbet Pop E-Liquid / 6mg,D-SP-06TL,638126002983,1,100,E-liquid,Tangerine Lime,2025-10-01
"Lotus Vaping Techologies, LLC","Lotus Vaping Techologies, LLC",White Peach Raspberry by Noms X2 E-Liquid / 3mg,N-NOM-03xPEACH,647971174769,1,120,E-liquid,White Peach Raspberry,2025-10-01
"Lotus Vaping Techologies, LLC","Lotus Vaping Techologies, LLC",White Peach Raspberry by Noms X2 E-Liquid / 6mg,N-NOM-06xPEACH,647971174776,1,120,E-liquid,White Peach Raspberry,2025-10-01
"Lotus Vaping Techologies, LLC","Lotus Vaping Techologies, LLC",White Peach Raspberry SALT by Noms X2 E-Liquid / 24mg,A-SALTNOM-24xPEACH,647971176060,1,30,E-liquid,White Peach Raspberry,2025-10-01
"Lotus Vaping Techologies, LLC","Lotus Vaping Techologies, LLC",White Peach Raspberry SALT by Noms X2 E-Liquid / 48mg,A-SALTNOM-48xPEACH,647971176152,1,30,E-liquid,White Peach Raspberry,2025-10-01
"Lotus Vaping Techologies, LLC","Lotus Vaping Techologies, LLC",30ML NOMS Salts Blunomenon 25mg,A-NOM-25BLU,736832251524,1,30,E-liquid,Blue Raspberry,2026-06-18
"Lotus Vaping Techologies, LLC","Lotus Vaping Techologies, LLC",30ML NOMS Salts Blunomenon 50mg,A-NOM-50BLU,736832251593,1,30,E-liquid,Blue Raspberry,2026-06-18
"Lotus Vaping Techologies, LLC","Lotus Vaping Techologies, LLC",30ML NOMS Salts Grapenomenon 25mg,A-NOM-25GRA,736832251531,1,30,E-liquid,Grape,2026-06-18
"Lotus Vaping Techologies, LLC","Lotus Vaping Techologies, LLC",30ML NOMS Salts Grapenomenon 50mg,A-NOM-50GRA,736832251609,1,30,E-liquid,Grape,2026-06-18
"Lotus Vaping Techologies, LLC","Lotus Vaping Techologies, LLC",30ML NOMS Salts Lemonomenon 25mg,A-NOM-25LEM,736832251548,1,30,E-liquid,Lemon,2026-06-18
"Lotus Vaping Techologies, LLC","Lotus Vaping Techologies, LLC",30ML NOMS Salts Lemonomenon 50mg,A-NOM-50LEM,736832251616,1,30,E-liquid,Lemon,2026-06-18
"Lotus Vaping Techologies, LLC","Lotus Vaping Techologies, LLC",30ML NOMS Salts Phenomenon 25mg,A-NOM-25PHEN,736832251555,1,30,E-liquid,Fruit Punch,2026-06-18
"Lotus Vaping Techologies, LLC","Lotus Vaping Techologies, LLC",30ML NOMS Salts Phenomenon 50mg,A-NOM-50PHEN,736832251623,1,30,E-liquid,Fruit Punch,2026-06-18
"Lotus Vaping Techologies, LLC","Lotus Vaping Techologies, LLC",30ML NOMS Salts Spearnomenon 25mg,A-NOM-25SPEAR,736832251579,1,30,E-liquid,Spearmint,2026-06-18
"Lotus Vaping Techologies, LLC","Lotus Vaping Techologies, LLC",30ML NOMS Salts Spearnomenon 50mg,A-NOM-50SPEAR,736832251647,1,30,E-liquid,Spearmint,2026-06-18
"Lotus Vaping Techologies, LLC","Lotus Vaping Techologies, LLC",30ML NOMS Salts Stranomenon 25mg,A-NOM-25STR,736832251562,1,30,E-liquid,Strawberry,2026-06-18
"Lotus Vaping Techologies, LLC","Lotus Vaping Techologies, LLC",30ML NOMS Salts Stranomenon 50mg,A-NOM-50STR,736832251630,1,30,E-liquid,Strawberry,2026-06-18
"Lotus Vaping Techologies, LLC","Lotus Vaping Techologies, LLC",30ML NOMS Salts Watanomenon 25mg,A-NOM-25WAT,736832251586,1,30,E-liquid,Watermelon,2026-06-18
"Lotus Vaping Techologies, LLC","Lotus Vaping Techologies, LLC",30ML NOMS Salts Watanomenon 50mg,A-NOM-50WAT,736832251654,1,30,E-liquid,Watermelon,2026-06-18
"Lotus Vaping Techologies, LLC","Lotus Vaping Techologies, LLC",30ml SALT NOMS - 25mg Blueberry Papaya Strawberry X2,A-NOM-25XPAPAYA,736832252804,1,30,E-liquid,Blueberry Papaya Strawberry,2026-06-18
"Lotus Vaping Techologies, LLC","Lotus Vaping Techologies, LLC",30ml SALT NOMS - 50mg Blueberry Papaya Strawberry X2,A-NOM-50XPAPAYA,736832252859,1,30,E-liquid,Blueberry Papaya Strawberry,2026-06-18
"Lotus Vaping Techologies, LLC","Lotus Vaping Techologies, LLC",30ml SALT NOMS - 25mg Cactus Jack Fruit X2,A-NOM-25XCACTUS,736832252798,1,30,E-liquid,Cactus Jackfruit Mandarin,2026-06-18
"Lotus Vaping Techologies, LLC","Lotus Vaping Techologies, LLC",30ml SALT NOMS - 50mg Cactus Jack Fruit X2,A-NOM-50XCACTUS,736832252842,1,30,E-liquid,Cactus Jackfruit Mandarin,2026-06-18
"Lotus Vaping Techologies, LLC","Lotus Vaping Techologies, LLC",30ml SALT NOMS - 25mg Cherry Lime Ginger X2,A-NOM-25XCHERRY,736832252811,1,30,E-liquid,Cherry Lime Ginger,2026-06-18
"Lotus Vaping Techologies, LLC","Lotus Vaping Techologies, LLC",30ml SALT NOMS - 50mg Cherry Lime Ginger X2,A-NOM-50XCHERRY,736832252866,1,30,E-liquid,Cherry Lime Ginger,2026-06-18
"Lotus Vaping Techologies, LLC","Lotus Vaping Techologies, LLC",30ml SALT NOMS - 25mg Kiwi Passion Fruit Nectarine X2,A-NOM-25XKIWI,736832252781,1,30,E-liquid,Kiwi Passion Fruit Nectaring,2026-06-18
"Lotus Vaping Techologies, LLC","Lotus Vaping Techologies, LLC",30ml SALT NOMS - 50mg Kiwi Passion Fruit Nectarine X2,A-NOM-50XKIWI,736832252835,1,30,E-liquid,Kiwi Passion Fruit Nectaring,2026-06-18
"Lotus Vaping Techologies, LLC","Lotus Vaping Techologies, LLC",30ml SALT NOMS - 25mg White Peach Raspberry X2,A-NOM-25XPEACH,736832252774,1,30,E-liquid,White Peach Raspberry,2026-06-18
"Lotus Vaping Techologies, LLC","Lotus Vaping Techologies, LLC",30ml SALT NOMS - 50mg White Peach Raspberry X2,A-NOM-50XPEACH,736832252828,1,30,E-liquid,White Peach Raspberry,2026-06-18
Lucky Bar Holdings LLC,The Fifty Bar,FIFTY BAR V2 BLUEBERRY CEREAL DONUT MILK 5 pk,DISP-FB-V2-W-BCDM-5PK,850058810706,5,90,Disposable e-cigarette device,Blueberry,2025-11-07
Lucky Bar Holdings LLC,The Fifty Bar,FIFTY BAR V2 MINT 5 pk,DISP-FB-V2-W-MINT-5PK,850058810607,5,90,Disposable e-cigarette device,Mint,2025-11-07
Lucky Bar Holdings LLC,The Fifty Bar,FIFTY BAR V2 SNOZZBERRY 5 pk,DISP-FB-V2-W-SNOZ-5PK,850058810324,5,90,Disposable e-cigarette device,Snozzberry,2025-11-07
Lucky Bar Holdings LLC,The Fifty Bar,FIFTY BAR V2 MILKY LOOPS 5 pk,DISP-FB-V2-W-MILL-5PK,850058810645,5,90,Disposable e-cigarette device,Fruit Loops,2025-11-07
Lucky Bar Holdings LLC,The Fifty Bar,FIFTY BAR V2 BUTTERBEAN 5 pk,DISP-FB-V2-W-BUTT-5PK,850058810669,5,90,Disposable e-cigarette device,Buttery Bean,2025-11-07
Lucky Bar Holdings LLC,The Fifty Bar,FIFTY BAR V2 VANILLA CUSTARD 5 pk,DISP-FB-V2-W-VANC-5PK,850058810720,5,90,Disposable e-cigarette device,Vanilla Custard,2025-11-07
Lucky Bar Holdings LLC,The Fifty Bar,FIFTY BAR V2 STRAWBERRY SUPER STRUDEL 5 pk,DISP-FB-V2-W-STSS-5PK,850058810744,5,90,Disposable e-cigarette device,Strudel,2025-11-07
Lucky Bar Holdings LLC,The Fifty Bar,FIFTY BAR V2 CINNAMON FUNNEL CAKE 5 pk,DISP-FB-V2-W-CINF-5PK,850058810768,5,90,Disposable e-cigarette device,Cinnamon Cake,2025-11-07
Lucky Bar Holdings LLC,The Fifty Bar,FIFTY BAR V2 GOLD TOBACCO 5 pk,DISP-FB-V2-W-GOLD-5PK,850058810102,5,90,Disposable e-cigarette device,Tobacco,2025-11-07
Lucky Bar Holdings LLC,The Fifty Bar,FIFTY BAR V2 BLUEBERRY YOGURT 5 pk,DISP-FB-V2-W-BLUY-5PK,850058810799,5,90,Disposable e-cigarette device,Blueberry,2025-11-07
Lucky Bar Holdings LLC,The Fifty Bar,FIFTY BAR V2 RASPBERRY JAM 5 pk,DISP-FB-V2-W-RASJ-5PK,850058810812,5,90,Disposable e-cigarette device,Raspberry,2025-11-07
Lucky Bar Holdings LLC,The Fifty Bar,FIFTY BAR V2 STRAWBERRY CEREAL DONUT MILK 5 pk,DISP-FB-V2-W-SCDM-5PK,850058810683,5,90,Disposable e-cigarette device,Strawberry,2025-11-07
Lucky Bar Holdings LLC,The Fifty Bar,FIFTY BAR V2 TEXAS MINT 5 pk,DISP-FB-V2-W-TEXM-5PK,850069068035,5,90,Disposable e-cigarette device,Mint,2025-11-07
Lucky Bar Holdings LLC,The Fifty Bar,FIFTY BAR V2 SALTED CARAMEL 5 pk,DISP-FB-V2-W-SALC-5PK,850069068363,5,90,Disposable e-cigarette device,Caramel Salt,2025-11-07
Lucky Bar Holdings LLC,The Fifty Bar,FIFTY BAR V2 PEPPERMINT PUFF 5 pk,DISP-FB-V2-W-PEPP-5PK,850069068349,5,90,Disposable e-cigarette device,Peppermint,2025-11-07
Lucky Bar Holdings LLC,The Fifty Bar,FIFTY BAR V2 KENTUCKY TOBACCO 5 pk,DISP-FB-V2-W-KENT-5PK,850069068325,5,90,Disposable e-cigarette device,Tobacco,2025-11-07
Lucky Bar Holdings LLC,The Fifty Bar,FIFTY BAR V2 FROZEN ORANGE MANGO PEAR 5 pk,DISP-FB-V2-W-FOMP-5PK,850058810188,5,90,Disposable e-cigarette device,Orange Mango Pear,2025-11-07
Lucky Bar Holdings LLC,The Fifty Bar,FIFTY BAR V2 FROZEN APPLE 5 pk,DISP-FB-V2-W-FZNA-5PK,850058810201,5,90,Disposable e-cigarette device,Apple,2025-11-07
Lucky Bar Holdings LLC,The Fifty Bar,FIFTY BAR V2 FROZEN WATERMELON 5 pk,DISP-FB-V2-W-FZWA-5PK,850058810348,5,90,Disposable e-cigarette device,Watermelon,2025-11-07
Lucky Bar Holdings LLC,The Fifty Bar,FIFTY BAR V2 STRAWBERRY WATERMELON ICE 5 pk,DISP-FB-V2-W-STWI-5PK,850058810287,5,90,Disposable e-cigarette device,Strawberry,2025-11-07
Lucky Bar Holdings LLC,The Fifty Bar,FIFTY BAR V2 BAJA MANGO 5 pk,DISP-FB-V2-W-BAJM-5PK,850058810249,5,90,Disposable e-cigarette device,Melon,2025-11-07
Lucky Bar Holdings LLC,The Fifty Bar,FIFTY BAR V2 STRAWBERRY KIWI ICE 5 pk,DISP-FB-V2-W-STKI-5PK,850058810300,5,90,Disposable e-cigarette device,Mango,2025-11-07
Lucky Bar Holdings LLC,The Fifty Bar,FIFTY BAR V2 PINEAPPLE WHIP 5 pk,DISP-FB-V2-W-PINW-5PK,850058810225,5,90,Disposable e-cigarette device,Strawberry Kiwi,2025-11-07
Lucky Bar Holdings LLC,The Fifty Bar,FIFTY BAR V2 STRAWBERRY LEMON GRAPE 5 pk,DISP-FB-V2-W-STLG-5PK,850058810621,5,90,Disposable e-cigarette device,Pineapple Strawbrry,2025-11-07
Lucky Bar Holdings LLC,The Fifty Bar,FIFTY BAR V2 BLUEBERRY CEREAL DONUT MILK,DISP-FB-V2-W-BCDM,850058810713,1,18,Disposable e-cigarette device,Blueberry,2025-11-07
Lucky Bar Holdings LLC,The Fifty Bar,FIFTY BAR V2 MINT,DISP-FB-V2-W-MINT,850058810614,1,18,Disposable e-cigarette device,Mint,2025-11-07
Lucky Bar Holdings LLC,The Fifty Bar,FIFTY BAR V2 SNOZZBERRY,DISP-FB-V2-W-SNOZ,850058810317,1,18,Disposable e-cigarette device,Snozzberry,2025-11-07
Lucky Bar Holdings LLC,The Fifty Bar,FIFTY BAR V2 MILKY LOOPS,DISP-FB-V2-W-MILL,850058810652,1,18,Disposable e-cigarette device,Fruit Loops,2025-11-07
Lucky Bar Holdings LLC,The Fifty Bar,FIFTY BAR V2 BUTTERBEAN,DISP-FB-V2-W-BUTT,850058810676,1,18,Disposable e-cigarette device,Buttery Bean,2025-11-07
Lucky Bar Holdings LLC,The Fifty Bar,FIFTY BAR V2 VANILLA CUSTARD,DISP-FB-V2-W-VANC,850058810737,1,18,Disposable e-cigarette device,Vanilla Custard,2025-11-07
Lucky Bar Holdings LLC,The Fifty Bar,FIFTY BAR V2 STRAWBERRY SUPER STRUDEL,DISP-FB-V2-W-STSS,850058810751,1,18,Disposable e-cigarette device,Strudel,2025-11-07
Lucky Bar Holdings LLC,The Fifty Bar,FIFTY BAR V2 CINNAMON FUNNEL CAKE,DISP-FB-V2-W-CINF,850058810775,1,18,Disposable e-cigarette device,Cinnamon Cake,2025-11-07
Lucky Bar Holdings LLC,The Fifty Bar,FIFTY BAR V2 GOLD TOBACCO,DISP-FB-V2-W-GOLD,850035543863,1,18,Disposable e-cigarette device,Tobacco,2025-11-07
Lucky Bar Holdings LLC,The Fifty Bar,FIFTY BAR V2 BLUEBERRY YOGURT,DISP-FB-V2-W-BLUY,850058810782,1,18,Disposable e-cigarette device,Blueberry,2025-11-07
Lucky Bar Holdings LLC,The Fifty Bar,FIFTY BAR V2 RASPBERRY JAM,DISP-FB-V2-W-RASJ,850058810805,1,18,Disposable e-cigarette device,Raspberry,2025-11-07
Lucky Bar Holdings LLC,The Fifty Bar,FIFTY BAR V2 STRAWBERRY CEREAL DONUT MILK,DISP-FB-V2-W-SCDM,850058810690,1,18,Disposable e-cigarette device,Strawberry,2025-11-07
Lucky Bar Holdings LLC,The Fifty Bar,FIFTY BAR V2 TEXAS MINT,DISP-FB-V2-W-TEXM,850069068028,1,18,Disposable e-cigarette device,Mint,2025-11-07
Lucky Bar Holdings LLC,The Fifty Bar,FIFTY BAR V2 SALTED CARAMEL,DISP-FB-V2-W-SALC,850069068356,1,18,Disposable e-cigarette device,Caramel Salt,2025-11-07
Lucky Bar Holdings LLC,The Fifty Bar,FIFTY BAR V2 PEPPERMINT PUFF,DISP-FB-V2-W-PEPP,850069068332,1,18,Disposable e-cigarette device,Peppermint,2025-11-07
Lucky Bar Holdings LLC,The Fifty Bar,FIFTY BAR V2 KENTUCKY TOBACCO,DISP-FB-V2-W-KENT,850069068318,1,18,Disposable e-cigarette device,Tobacco,2025-11-07
Lucky Bar Holdings LLC,The Fifty Bar,FIFTY BAR V2 FROZEN ORANGE MANGO PEAR,DISP-FB-V2-W-FOMP,850058810171,1,18,Disposable e-cigarette device,Orange Mango Pear,2025-11-07
Lucky Bar Holdings LLC,The Fifty Bar,FIFTY BAR V2 FROZEN APPLE,DISP-FB-V2-W-FZNA,850058810195,1,18,Disposable e-cigarette device,Apple,2025-11-07
Lucky Bar Holdings LLC,The Fifty Bar,FIFTY BAR V2 FROZEN WATERMELON,DISP-FB-V2-W-FZWA,850058810331,1,18,Disposable e-cigarette device,Watermelon,2025-11-07
Lucky Bar Holdings LLC,The Fifty Bar,FIFTY BAR V2 STRAWBERRY WATERMELON ICE,DISP-FB-V2-W-STWI,850058810270,1,18,Disposable e-cigarette device,Strawberry Watermelon,2025-11-07
Lucky Bar Holdings LLC,The Fifty Bar,FIFTY BAR V2 BAJA MANGO,DISP-FB-V2-W-BAJM,850058810232,1,18,Disposable e-cigarette device,Mango,2025-11-07
Lucky Bar Holdings LLC,The Fifty Bar,FIFTY BAR V2 STRAWBERRY KIWI ICE,DISP-FB-V2-W-STKI,850058810294,1,18,Disposable e-cigarette device,Strawberry Kiwi,2025-11-07
Lucky Bar Holdings LLC,The Fifty Bar,FIFTY BAR V2 PINEAPPLE WHIP,DISP-FB-V2-W-PINW,850058810218,1,18,Disposable e-cigarette device,Pineapple Strawbrry,2025-11-07
Lucky Bar Holdings LLC,The Fifty Bar,FIFTY BAR V2 STRAWBERRY LEMON GRAPE,DISP-FB-V2-W-STLG,850058810638,1,18,Disposable e-cigarette device,Strawberry Lemon Grape,2025-11-07
Lucky Bar Holdings LLC,The Fifty Bar,FIFTY BAR V2 NIXODINE BERRY VANILLA BLEND 5pk,DISP-FB-V3-N-BVB-5PK,850069068387,5,90,Disposable e-cigarette device,Fruit Loops,2025-11-07
Lucky Bar Holdings LLC,The Fifty Bar,FIFTY BAR V2 NIXODINE STRAWBERRY VANILLA BLEND 5 pk,DISP-FB-V3-N-SVB-5PK,850069068424,5,90,Disposable e-cigarette device,Strawberry,2025-11-07
Lucky Bar Holdings LLC,The Fifty Bar,FIFTY BAR V2 NIXODINE VANILLA CUSTARD 5 pk,DISP-FB-V2-N-VANC-5PK,850069068448,5,90,Disposable e-cigarette device,Vanilla Custard,2025-11-07
Lucky Bar Holdings LLC,The Fifty Bar,FIFTY BAR V2 NIXODINE CINNAMON FUNNEL CAKE 5 pk,DISP-FB-V2-N-CINF-5PK,850069068462,5,90,Disposable e-cigarette device,Cinnamon Cake,2025-11-07
Lucky Bar Holdings LLC,The Fifty Bar,FIFTY BAR V2 NIXODINE GOLD TOBACCO 5 pk,DISP-FB-V2-N-GOLD-5PK,850069068486,5,90,Disposable e-cigarette device,Tobacco,2025-11-07
Lucky Bar Holdings LLC,The Fifty Bar,FIFTY BAR V2 NIXODINE MINT 5 pk,DISP-FB-V2-N-MINT-5PK,850069068509,5,90,Disposable e-cigarette device,Mint,2025-11-07
Lucky Bar Holdings LLC,The Fifty Bar,FIFTY BAR V2 NIXODINE FROZEN WATERMELON 5 pk,DISP-FB-V2-N-FZWA-5PK,850069068523,5,90,Disposable e-cigarette device,Watermelon,2025-11-07
Lucky Bar Holdings LLC,The Fifty Bar,FIFTY BAR V2 NIXODINE BAJA MANGO 5 pk,DISP-FB-V2-N-BAJM-5PK,850069068547,5,90,Disposable e-cigarette device,Baja Slushie,2025-11-07
Lucky Bar Holdings LLC,The Fifty Bar,FIFTY BAR V2 NIXODINE STRAWBERRY WATERMELON ICE 5 pk,DISP-FB-V2-N-STWI-5PK,850069068561,5,90,Disposable e-cigarette device,Strawberry Melon,2025-11-07
Lucky Bar Holdings LLC,The Fifty Bar,FIFTY BAR V2 NIXODINE FROZEN APPLE 5PK,DISP-FB-V2-N-FZNA-5PK,850069068585,5,90,Disposable e-cigarette device,Apple,2025-11-07
Lucky Bar Holdings LLC,The Fifty Bar,FIFTY BAR V2 NIXODINE BERRY VANILLA BLEND,DISP-FB-V3-N-BVB,850069068370,1,18,Disposable e-cigarette device,Fruit Loops,2025-11-07
Lucky Bar Holdings LLC,The Fifty Bar,FIFTY BAR V2 NIXODINE STRAWBERRY VANILLA BLEND,DISP-FB-V3-N-SVB,850069068417,1,18,Disposable e-cigarette device,Strawberry,2025-11-07
Lucky Bar Holdings LLC,The Fifty Bar,FIFTY BAR V2 NIXODINE VANILLA CUSTARD,DISP-FB-V2-N-VANC,850069068431,1,18,Disposable e-cigarette device,Vanilla Custard,2025-11-07
Lucky Bar Holdings LLC,The Fifty Bar,FIFTY BAR V2 NIXODINE CINNAMON FUNNEL CAKE,DISP-FB-V2-N-CINF,850069068455,1,18,Disposable e-cigarette device,Cinnamon Cake,2025-11-07
Lucky Bar Holdings LLC,The Fifty Bar,FIFTY BAR V2 NIXODINE GOLD TOBACCO,DISP-FB-V2-N-GOLD,850069068479,1,18,Disposable e-cigarette device,Tobacco,2025-11-07
Lucky Bar Holdings LLC,The Fifty Bar,FIFTY BAR V2 NIXODINE MINT,DISP-FB-V2-N-MINT,850069068493,1,18,Disposable e-cigarette device,Mint,2025-11-07
Lucky Bar Holdings LLC,The Fifty Bar,FIFTY BAR V2 NIXODINE FROZEN WATERMELON,DISP-FB-V2-N-FZWA,850069068516,1,18,Disposable e-cigarette device,Watermelon,2025-11-07
Lucky Bar Holdings LLC,The Fifty Bar,FIFTY BAR V2 NIXODINE BAJA MANGO,DISP-FB-V2-N-BAJM,850069068530,1,18,Disposable e-cigarette device,Baja Slushie,2025-11-07
Lucky Bar Holdings LLC,The Fifty Bar,FIFTY BAR V2 NIXODINE STRAWBERRY WATERMELON ICE,DISP-FB-V2-N-STWI,850069068554,1,18,Disposable e-cigarette device,Strawberry Melon,2025-11-07
Lucky Bar Holdings LLC,The Fifty Bar,FIFTY BAR V2 NIXODINE FROZEN APPLE,DISP-FB-V2-N-FZNA,850069068578,1,18,Disposable e-cigarette device,Apple,2025-11-07
Lucky Bar Holdings LLC,The Fifty Bar,Fifty Bar V2 Silver Series 2% Blueberry Cereal Donut Milk-5pk,DISP-FB-S2%-BCDM-5PK,850069068288,5,90,Disposable e-cigarette device,Blueberry,2026-01-16
Lucky Bar Holdings LLC,The Fifty Bar,Fifty Bar V2 Silver Series 2% Cinnamon Funnel Cake-5pk,DISP-FB-S2%-CFC-5PK,850069068141,5,90,Disposable e-cigarette device,Cinnamon,2026-01-16
Lucky Bar Holdings LLC,The Fifty Bar,Fifty Bar V2 Silver Series 2% Fresh Mango Lychee-5pk,DISP-FB-S2%-FMLY-5PK,850058810874,5,90,Disposable e-cigarette device,Mango,2026-01-16
Lucky Bar Holdings LLC,The Fifty Bar,Fifty Bar V2 Silver Series 2% Frozen Watermelon-5pk,DISP-FB-S2%-FW-5PK,850069068202,5,90,Disposable e-cigarette device,Watermelon,2026-01-16
Lucky Bar Holdings LLC,The Fifty Bar,Fifty Bar V2 Silver Series 2% Gold Tobacco-5pk,DISP-FB-S2%-GT-5PK,850069068165,5,90,Disposable e-cigarette device,Tobacco,2026-01-16
Lucky Bar Holdings LLC,The Fifty Bar,Fifty Bar V2 Silver Series 2% Kentucky Tobacco-5pk,DISP-FB-S2%-KTOB-5PK,850069068011,5,90,Disposable e-cigarette device,Tobacco,2026-01-16
Lucky Bar Holdings LLC,The Fifty Bar,Fifty Bar V2 Silver Series 2% Milky Loops-5pk,DISP-FB-S2%-ML-5PK,850069068103,5,90,Disposable e-cigarette device,Fruit Loops,2026-01-16
Lucky Bar Holdings LLC,The Fifty Bar,Fifty Bar V2 Silver Series 2% Mint-5PK,DISP-FB-S2%-MNT-5PK,850069068189,5,90,Disposable e-cigarette device,Mint,2026-01-16
Lucky Bar Holdings LLC,The Fifty Bar,Fifty Bar V2 Silver Series 2% Pineapple Whip-5pk,DISP-FB-S2%-PW-PK,850069068240,5,90,Disposable e-cigarette device,Pineapple,2026-01-16
Lucky Bar Holdings LLC,The Fifty Bar,Fifty Bar V2 Silver Series 2% Strawberry Cereal Donut Milk-5pk,DISP-FB-S2%-SCDM-5PK,850069068080,5,90,Disposable e-cigarette device,Strawberry,2026-01-16
Lucky Bar Holdings LLC,The Fifty Bar,Fifty Bar v2 Silver Series 2% Strawberry Lemon Grape-5pk,DISP-FB-S2%-SLG-5PK,850069068226,5,90,Disposable e-cigarette device,Strawberry Lemon Grape,2026-01-16
Lucky Bar Holdings LLC,The Fifty Bar,Fifty Bar V2 Silver Series 2% Vanilla Custard-5pk,DISP-FB-S2%-VC-5PK,850069068127,5,90,Disposable e-cigarette device,Vanilla,2026-01-16
Lucky Bar Holdings LLC,The Fifty Bar,Fifty Bar V2 Silver Series 2% Blueberry Cereal Donut Milk,DISP-FB-S2%-BCDM,850069068158,1,18,Disposable e-cigarette device,Blueberry,2026-01-16
Lucky Bar Holdings LLC,The Fifty Bar,Fifty Bar V2 Silver Series 2% Cinnamon Funnel Cake,DISP-FB-S2%-CFC,850069068134,1,18,Disposable e-cigarette device,Cinnamon,2026-01-16
Lucky Bar Holdings LLC,The Fifty Bar,Fifty Bar V2 Silver Series 2% Fresh Mango Lychee,DISP-FB-S2%-FMLY,850058810867,1,18,Disposable e-cigarette device,Mango,2026-01-16
Lucky Bar Holdings LLC,The Fifty Bar,Fifty Bar V2 Silver Series 2% Frozen Watermelon,DISP-FB-S2%-FW,850069068196,1,18,Disposable e-cigarette device,Watermelon,2026-01-16
Lucky Bar Holdings LLC,The Fifty Bar,Fifty Bar V2 Silver Series 2% Gold Tobacco,DISP-FB-S2%-GT,850069068271,1,18,Disposable e-cigarette device,Tobacco,2026-01-16
Lucky Bar Holdings LLC,The Fifty Bar,Fifty Bar V2 Silver Series 2% Kentucky Tobacco,DISP-FB-S2%-KTOB,850069068004,1,18,Disposable e-cigarette device,Tobacco,2026-01-16
Lucky Bar Holdings LLC,The Fifty Bar,Fifty Bar V2 Silver Series 2% Milky Loops,DISP-FB-S2%-ML,850069068097,1,18,Disposable e-cigarette device,Fruit Loops,2026-01-16
Lucky Bar Holdings LLC,The Fifty Bar,Fifty Bar V2 Silver Series 2% Mint,DISP-FB-S2%-MNT,850069068172,1,18,Disposable e-cigarette device,Mint,2026-01-16
Lucky Bar Holdings LLC,The Fifty Bar,Fifty Bar V2 Silver Series 2% Pineapple Whip,DISP-FB-S2%-PW,850069068233,1,18,Disposable e-cigarette device,Pineapple,2026-01-16
Lucky Bar Holdings LLC,The Fifty Bar,Fifty Bar V2 Silver Series 2% Strawberry Cereal Donut Milk,DISP-FB-S2%-SCDM,850069068073,1,18,Disposable e-cigarette device,Strawberry,2026-01-16
Lucky Bar Holdings LLC,The Fifty Bar,Fifty Bar v2 Silver Series 2% Strawberry Lemon Grape,DISP-FB-S2%-SLG,850069068219,1,18,Disposable e-cigarette device,Strawberry Lemon Grape,2026-01-16
Lucky Bar Holdings LLC,The Fifty Bar,Fifty Bar V2 Silver Series 2% Vanilla Custard,DISP-FB-S2%-VC,850069068110,1,18,Disposable e-cigarette device,Vanilla,2026-01-16
Lucky Bar Holdings LLC,The Fifty Bar,Fifty Bar V2 Texas Blue Razz Ice,DISP-FB-V2-TEXB-5PK,850069068912,5,90,Disposable e-cigarette device,Blueberry,2026-02-13
Lucky Bar Holdings LLC,The Fifty Bar,Fifty Bar v2 Texas Cafe Mocha,DISP-FB-V2-TEXCM-5PK,850080506011,5,90,Disposable e-cigarette device,Mocha Coffee,2026-02-13
Lucky Bar Holdings LLC,The Fifty Bar,Fifty Bar V2 Texas Cool Mint,DISP-FB-V2-TEXC-5PK,850069068790,5,90,Disposable e-cigarette device,Mint,2026-02-13
Lucky Bar Holdings LLC,The Fifty Bar,Fifty Bar V2 Texas Frozen Pina Colada,DISP-FB-V2-TEXP-5PK,850069068967,5,90,Disposable e-cigarette device,Coconut,2026-02-13
Lucky Bar Holdings LLC,The Fifty Bar,Fifty Bar V2 Texas Mint,DISP-FB-V2-TEXM-5PK,850069068738,5,90,Disposable e-cigarette device,Mint,2026-02-13
Lucky Bar Holdings LLC,The Fifty Bar,Fifty Bar V2 Texas Rich Tobacco,DISP-FB-V2-TEXR-5PK,850080506035,5,90,Disposable e-cigarette device,Tobacco,2026-02-13
Lucky Bar Holdings LLC,The Fifty Bar,Fifty Bar V2 Texas Sour Mango,DISP-FB-V2-TEXSM-5PK,850069068981,5,90,Disposable e-cigarette device,Mango,2026-02-13
Lucky Bar Holdings LLC,The Fifty Bar,Fifty Bar V2 Texas Strawberry Ice,DISP-FB-V2-TEXS-5PK,850069068936,5,90,Disposable e-cigarette device,Strawberry,2026-02-13
Lucky Bar Holdings LLC,The Fifty Bar,Fifty Bar V2 Texas Watermelon Ice,DISP-FB-V2-TEXW-5PK,850069068899,5,90,Disposable e-cigarette device,Watermelon,2026-02-13
Lucky Bar Holdings LLC,The Fifty Bar,Fifty Bar V2 Texas Blue Razz Ice,DISP-FB-V2-TEXB,850069068905,1,18,Disposable e-cigarette device,Blueberry,2026-02-13
Lucky Bar Holdings LLC,The Fifty Bar,Fifty Bar v2 Texas Cafe Mocha,DISP-FB-V2-TEXCM,850080506004,1,18,Disposable e-cigarette device,Mocha Coffee,2026-02-13
Lucky Bar Holdings LLC,The Fifty Bar,Fifty Bar V2 Texas Cool Mint,DISP-FB-V2-TEXC,850069068783,1,18,Disposable e-cigarette device,Mint,2026-02-13
Lucky Bar Holdings LLC,The Fifty Bar,Fifty Bar V2 Texas Frozen Pina Colada,DISP-FB-V2-TEXP,850069068950,1,18,Disposable e-cigarette device,Coconut,2026-02-13
Lucky Bar Holdings LLC,The Fifty Bar,Fifty Bar V2 Texas Mint,DISP-FB-V2-TEXM,850069068721,1,18,Disposable e-cigarette device,Mint,2026-02-13
Lucky Bar Holdings LLC,The Fifty Bar,Fifty Bar V2 Texas Rich Tobacco,DISP-FB-V2-TEXR,850080506028,1,18,Disposable e-cigarette device,Tobacco,2026-02-13
Lucky Bar Holdings LLC,The Fifty Bar,Fifty Bar V2 Texas Sour Mango,DISP-FB-V2-TEXSM,850069068974,1,18,Disposable e-cigarette device,Mango,2026-02-13
Lucky Bar Holdings LLC,The Fifty Bar,Fifty Bar V2 Texas Strawberry Ice,DISP-FB-V2-TEXS,850069068929,1,18,Disposable e-cigarette device,Strawberry,2026-02-13
Lucky Bar Holdings LLC,The Fifty Bar,Fifty Bar V2 Texas Watermelon Ice,DISP-FB-V2-TEXW,850069068882,1,18,Disposable e-cigarette device,Watermelon,2026-02-13
Lucky Bar Holdings LLC,The Fifty Bar,Fifty Bar V2 Midnight Series Iced Green Rancher,DISP-FB-V2-MS-IGR,850080506639,1,18,E-liquid,Green Apple,2026-04-03
Lucky Bar Holdings LLC,The Fifty Bar,Fifty Bar V2 Midnight Series Orange Mint,DISP-FB-V2-MS-OM,850080506653,1,18,E-liquid,Citrus Mint,2026-04-03
Lucky Bar Holdings LLC,The Fifty Bar,Fifty Bar V2 Midnight Series Fresh Mango Lychee,DISP-FB-V2-MS-FML,850080506677,1,18,E-liquid,Lychee Mango,2026-04-03
Lucky Bar Holdings LLC,The Fifty Bar,Fifty Bar V2 Midnight Series Frozen Orange Pom,DISP-FB-V2-MS-FOP,850080506691,1,18,E-liquid,Orange Pomegranate,2026-04-03
Lucky Bar Holdings LLC,The Fifty Bar,Fifty Bar V2 Midnight Series Iced Strawberry Pear,DISP-FB-V2-MS-ISP,850080506714,1,18,E-liquid,Pear Strawberry,2026-04-03
Lucky Bar Holdings LLC,The Fifty Bar,Fifty Bar V2 Midnight Series Sour Strawberry Melon,DISP-V2-MS-SSM,850080506738,1,18,E-liquid,Strawberry Melon,2026-04-03
Lucky Bar Holdings LLC,The Fifty Bar,Fifty Bar V2 Midnight Series Frozen Peach Lime Razz,DISP-FB-V2-MS-FPLR,850080506745,1,18,E-liquid,Lime Peach,2026-04-03
Lucky Bar Holdings LLC,The Fifty Bar,Fifty Bar V2 Midnight Series Iced Blue Rancher,DISP-FB-V2-MS-IBR,850080506769,1,18,E-liquid,Raspberry,2026-04-03
Lucky Bar Holdings LLC,The Fifty Bar,Fifty Bar V2 Midnight Series Banana Fresca,DISP-FB-V2-MS-BF,850080506783,1,18,E-liquid,Banana,2026-04-03
Lucky Bar Holdings LLC,The Fifty Bar,Fifty Bar V2 Midnight Series Limoncello,DISP-FB-V2-MS-L,850080506806,1,18,E-liquid,Lemon,2026-04-03
Lucky Bar Holdings LLC,The Fifty Bar,Fifty Bar V2 Midnight Series Iced Green Rancher 5 PK,DISP-FB-V2-MS-IGR-5PK,850080506646,5,90,E-liquid,Green Apple,2026-04-03
Lucky Bar Holdings LLC,The Fifty Bar,Fifty Bar V2 Midnight Series Orange Mint 5 PK,DISP-FB-V2-MS-OM-5PK,850080506660,5,90,E-liquid,Citrus Mint,2026-04-03
Lucky Bar Holdings LLC,The Fifty Bar,Fifty Bar V2 Midnight Series Fresh Mango Lychee 5 PK,DISP-FB-V2-MS-FML-5PK,850080506684,5,90,E-liquid,Lychee Mango,2026-04-03
Lucky Bar Holdings LLC,The Fifty Bar,Fifty Bar V2 Midnight Series Frozen Orange Pom 5 PK,DISP-FB-V2-MS-FOP-5PK,850080506707,5,90,E-liquid,Orange Pomegranate,2026-04-03
Lucky Bar Holdings LLC,The Fifty Bar,Fifty Bar V2 Midnight Series Iced Strawberry Pear 5 PK,DISP-FB-V2-MS-ISP-5PK,850080506721,5,90,E-liquid,Pear Strawberry,2026-04-03
Lucky Bar Holdings LLC,The Fifty Bar,Fifty Bar V2 Midnight Series Sour Strawberry Melon 5 PK,DISP-V2-MS-SSM-5PK,850080506820,5,90,E-liquid,Strawberry Melon,2026-04-03
Lucky Bar Holdings LLC,The Fifty Bar,Fifty Bar V2 Midnight Series Frozen Peach Lime Razz 5 PK,DISP-FB-V2-MS-FPLR-5PK,850080506752,5,90,E-liquid,Lime Peach,2026-04-03
Lucky Bar Holdings LLC,The Fifty Bar,Fifty Bar V2 Midnight Series Iced Blue Rancher 5 PK,DISP-FB-V2-MS-IBR-5PK,850080506776,5,90,E-liquid,Raspberry,2026-04-03
Lucky Bar Holdings LLC,The Fifty Bar,Fifty Bar V2 Midnight Series Banana Fresca 5 PK,DISP-FB-V2-MS-BF-5PK,850080506790,5,90,E-liquid,Banana,2026-04-03
Lucky Bar Holdings LLC,The Fifty Bar,Fifty Bar V2 Midnight Series Limoncello 5 PK,DISP-FB-V2-MS-L-5PK,850080506813,5,90,E-liquid,Lemon,2026-04-03
Maduro Distributors Inc,The Loon,Loon Air + Raspberry Blueberry Lemon,601956377347,601956377453,10,8,Disposable e-cigarette device,"Raspberry, Blueberry, Lemon",2025-12-29
Maduro Distributors Inc,The Loon,Loon Air + Lush Ice,601956377385,601956377392,10,8,Disposable e-cigarette device,Watermelon,2025-12-29
Maduro Distributors Inc,The Loon,Loon Air + Mint,601956377408,601956377415,10,8,Disposable e-cigarette device,Mint,2025-12-29
Maduro Distributors Inc,The Loon,Loon Air + Berry Lemonade,601956377347,601956377354,10,8,Disposable e-cigarette device,Strawberry Lemonade,2025-12-29
Maduro Distributors Inc,The Loon,Loon Air + Grape,601956377361,601956377378,10,8,Disposable e-cigarette device,Grape,2025-12-29
Maduro Distributors Inc,The Loon,Loon Air + Strawberry Ice,601956377460,601956377477,10,8,Disposable e-cigarette device,Strawberry,2025-12-29
Maduro Distributors Inc,The Loon,Loon Air + Orange,601956377422,601956377439,10,8,Disposable e-cigarette device,Orange,2025-12-29
Maduro Distributors Inc,The Loon,Loon Air + Pineapple Ice,742259842450,742259842467,10,8,Disposable e-cigarette device,Pineapple,2025-12-29
Maduro Distributors Inc,The Loon,Loon Air + Strawberry Watermelon,742259842474,742259842481,10,8,Disposable e-cigarette device,"Strawberry, Watermelon",2025-12-29
Maduro Distributors Inc,The Loon,Loon Air + Bad Bull,742259842498,742259842504,10,8,Disposable e-cigarette device,Red Bull Energy Drink,2025-12-29
Maduro Distributors Inc,The Loon,Loon Air + Mango Ice,742259842511,742259842528,10,8,Disposable e-cigarette device,Mango,2025-12-29
Maduro Distributors Inc,The Loon,Loon Maxx Blue Razz,601956370737,601956370744,10,6.5,Disposable e-cigarette device,Raspberry,2025-12-29
Maduro Distributors Inc,The Loon,Loon Maxx Frozen Grape,601956370836,601956370843,10,6.5,Disposable e-cigarette device,Grape,2025-12-29
Maduro Distributors Inc,The Loon,Loon Maxx Frozen Mango,601956370775,601956370782,10,6.5,Disposable e-cigarette device,Mango,2025-12-29
Maduro Distributors Inc,The Loon,Loon Maxx Frozen Melon,601956373882,601956373899,10,6.5,Disposable e-cigarette device,Melon,2025-12-29
Maduro Distributors Inc,The Loon,Loon Maxx Kiwi Berry,767461990393,767461990409,10,6.5,Disposable e-cigarette device,"Kiwi, Strawberry",2025-12-29
Maduro Distributors Inc,The Loon,Loon Refill Menthol 6MG,685650046839,685650046822,10,1,Electronic cigarette pod or cartridge,Menthol,2025-12-29
Maduro Distributors Inc,The Loon,Loon Refill Menthol 18MG,767461990126,685650046808,10,1,Electronic cigarette pod or cartridge,Menthol,2025-12-29
Maduro Distributors Inc,The Loon,Loon Refill Tobacco 6MG,685650046778,685650046785,10,1,Electronic cigarette pod or cartridge,Tobacco,2025-12-29
Maduro Distributors Inc,The Loon,Loon Refill Tobacco 18MG,767461990119,685650046761,10,1,Electronic cigarette pod or cartridge,Tobacco,2025-12-29
Maduro Distributors Inc,The Loon,Loon Maxx Apple Berry,601956370812,601956370829,10,6.5,Disposable e-cigarette device,"Apple, Strawberry",2025-12-29
Maduro Distributors Inc,The Loon,Loon Maxx Blue Lightning,767461991239,767461991246,10,6.5,Disposable e-cigarette device,Blueberry Citrus,2025-12-29
Maduro Distributors Inc,The Loon,Loon Maxx Banana Taffy,767461991253,767461991260,10,6.5,Disposable e-cigarette device,Banana,2025-12-29
Maduro Distributors Inc,The Loon,Loon Maxx Clear,601956370850,601956370867,10,6.5,Disposable e-cigarette device,Flavorless,2025-12-29
Maduro Distributors Inc,The Loon,Loon Maxx Creamy Frostbite,767461993097,767461993103,10,6.5,Disposable e-cigarette device,"Mint, Cream",2025-12-29
Maduro Distributors Inc,The Loon,Loon Maxx Turkish Tobacco,767461990454,767461990461,10,6.5,Disposable e-cigarette device,Tobacco,2025-12-29
Maduro Distributors Inc,The Loon,Loon Maxx Gum Mint,767461990416,767461990423,10,6.5,Disposable e-cigarette device,Mint,2025-12-29
Maduro Distributors Inc,The Loon,Loon Maxx Iced Guava,601956370652,601956370669,10,6.5,Disposable e-cigarette device,"Guava, Menthol",2025-12-29
Maduro Distributors Inc,The Loon,Loon Maxx H2O,601956370874,601956370881,10,6.5,Disposable e-cigarette device,Clear with Citrus,2025-12-29
Maduro Distributors Inc,The Loon,Loon Maxx Iced Lush,601956370911,601956370928,10,6.5,Disposable e-cigarette device,Watermelon Menthol,2025-12-29
Maduro Distributors Inc,The Loon,Loon Maxx Merica,601956370935,601956370942,10,6.5,Disposable e-cigarette device,popsicle,2025-12-29
Maduro Distributors Inc,The Loon,Loon Maxx Mint Crush,767461991215,767461991222,10,6.5,Disposable e-cigarette device,mint,2025-12-29
Maduro Distributors Inc,The Loon,Loon Maxx Orange Lightning,601956370713,601956370720,10,6.5,Disposable e-cigarette device,orange citrus soda,2025-12-29
Maduro Distributors Inc,The Loon,Loon Maxx Frozen Peach,601956370898,601956370904,10,6.5,Disposable e-cigarette device,peach menthol,2025-12-29
Maduro Distributors Inc,The Loon,Loon Maxx Peach Mango Fusion,601956370799,601956370805,10,6.5,Disposable e-cigarette device,peach mango,2025-12-29
Maduro Distributors Inc,The Loon,Loon Maxx Iced Pineapple,601956370577,601956370584,10,6.5,Disposable e-cigarette device,pineapple menthol,2025-12-29
Maduro Distributors Inc,The Loon,Loon Maxx Strawberry Banana,601956370638,601956370645,10,6.5,Disposable e-cigarette device,strawberry banana,2025-12-29
Maduro Distributors Inc,The Loon,Loon Maxx Strawberry Lemonade,601956370676,601956370683,10,6.5,Disposable e-cigarette device,strawberry lemon,2025-12-29
Maduro Distributors Inc,The Loon,Loon Maxx Frozen Strawberry,601956370591,601956370607,10,6.5,Disposable e-cigarette device,strawberry menthol,2025-12-29
Maduro Distributors Inc,The Loon,Loon Maxx Classic Tobacco,767461990478,767461990485,10,6.5,Disposable e-cigarette device,tobacco,2025-12-29
Maduro Distributors Inc,The Loon,Loon Salts Apple Berry 30mg,690277961540,688099869656,6,30,E-liquid,"Apple, Strawberry",2025-12-29
Maduro Distributors Inc,The Loon,Loon Salts Apple Berry 50mg,690277960239,688099869304,6,30,E-liquid,"Apple, Strawberry",2025-12-29
Maduro Distributors Inc,The Loon,Loon Salts Banana 30mg,767461990195,767461990201,6,30,E-liquid,Banana,2025-12-29
Maduro Distributors Inc,The Loon,Loon Salts Banana 50mg,767461990157,767461990164,6,30,E-liquid,banana,2025-12-29
Maduro Distributors Inc,The Loon,Loon Salts Blue Lightning 30mg,601956374650,688099869618,6,30,E-liquid,Blueberry Citrus,2025-12-29
Maduro Distributors Inc,The Loon,Loon Salts Blue Lightning 50mg,688099869106,688099869267,6,30,E-liquid,Blueberry Citrus,2025-12-29
Maduro Distributors Inc,The Loon,Loon Salts Blue Razz 30mg,601956374667,688099869625,6,30,E-liquid,raspberry,2025-12-29
Maduro Distributors Inc,The Loon,Loon Salts Blue Razz 50mg,690277961724,688099869274,6,30,E-liquid,raspberry,2025-12-29
Maduro Distributors Inc,The Loon,Loon Salts Kiwi Berry 30mg,690277961564,688099869557,6,30,E-liquid,strawberry watermelon kiwi,2025-12-29
Maduro Distributors Inc,The Loon,Loon Salts Kiwi Berry 50mg,690277960260,688099869205,6,30,E-liquid,strawberry watermelon kiwi,2025-12-29
Maduro Distributors Inc,The Loon,Loon Salts Classic Tobacco 30mg,690277961441,688099869700,6,30,E-liquid,tobacco,2025-12-29
Maduro Distributors Inc,The Loon,Loon Salts Classic Tobacco 50mg,690277960079,688099869359,6,30,E-liquid,tobacco,2025-12-29
Maduro Distributors Inc,The Loon,Loon Salts Clear 30mg,601956374186,601956374193,6,30,E-liquid,flavorless,2025-12-29
Maduro Distributors Inc,The Loon,Loon Salts Clear 50mg,601956374209,601956374216,6,30,E-liquid,flavorless,2025-12-29
Maduro Distributors Inc,The Loon,Loon Salts Creamy Frostbite 30mg,601956374674,689481773360,6,30,E-liquid,creamy mint,2025-12-29
Maduro Distributors Inc,The Loon,Loon Salts Creamy Frostbite 50mg,689481773230,689481773353,6,30,E-liquid,creamy mint,2025-12-29
Maduro Distributors Inc,The Loon,Loon Salts Turkish Tobacco 30mg,601956372311,601956372328,6,30,E-liquid,tobacco,2025-12-29
Maduro Distributors Inc,The Loon,Loon Salts Turkish Tobacco 50mg,601956371987,601956371994,6,30,E-liquid,tobacco,2025-12-29
Maduro Distributors Inc,The Loon,Loon Salts Frozen Grape 30mg,690277961748,688099869786,6,30,E-liquid,grape menthol,2025-12-29
Maduro Distributors Inc,The Loon,Loon Salts Frozen Grape 50mg,690277961700,688099869427,6,30,E-liquid,grape menthol,2025-12-29
Maduro Distributors Inc,The Loon,Loon Salts Frozen Mango 30mg,690277961779,688099869762,6,30,E-liquid,mango menthol,2025-12-29
Maduro Distributors Inc,The Loon,Loon Salts Frozen Mango 50mg,690277961786,688099869403,6,30,E-liquid,mango menthol,2025-12-29
Maduro Distributors Inc,The Loon,Loon Salts Frozen Melon 30mg,690277961755,688099869809,6,30,E-liquid,melon menthol,2025-12-29
Maduro Distributors Inc,The Loon,Loon Salts Frozen Melon 50mg,690277961717,688099869441,6,30,E-liquid,melon menthol,2025-12-29
Maduro Distributors Inc,The Loon,Loon Salts Frozen Peach 30mg,688099869830,688099869861,6,30,E-liquid,peach menthol,2025-12-29
Maduro Distributors Inc,The Loon,Loon Salts Frozen Peach 50mg,688099869847,688099869854,6,30,E-liquid,peach menthol,2025-12-29
Maduro Distributors Inc,The Loon,Loon Salts Gum MInt 30mg,601956374681,688099869717,6,30,E-liquid,mint,2025-12-29
Maduro Distributors Inc,The Loon,Loon Salts Gum Mint 50mg,690277961960,688099869472,6,30,E-liquid,mint,2025-12-29
Maduro Distributors Inc,The Loon,Loon Salts H20 30mg,601956372274,601956372281,6,30,E-liquid,Clear with Citrus,2025-12-29
Maduro Distributors Inc,The Loon,Loon Satls H20 50mg,601956371949,601956371956,6,30,E-liquid,clear with Citrus,2025-12-29
Maduro Distributors Inc,The Loon,Loon Salts Iced Guava 30mg,601956374698,688099869748,6,30,E-liquid,"Guava, Menthol",2025-12-29
Maduro Distributors Inc,The Loon,Loon Salts Iced Guava 50mg,690277960307,688099869380,6,30,E-liquid,"Guava, Menthol",2025-12-29
Maduro Distributors Inc,The Loon,Loon Salts Iced Lush 30mg,601956374704,688099869816,6,30,E-liquid,Watermelon Menthol,2025-12-29
Maduro Distributors Inc,The Loon,Loon Salts Iced Lush 50mg,686162567508,688099869458,6,30,E-liquid,watermelon menthol,2025-12-29
Maduro Distributors Inc,The Loon,Loon Salts Iced Pineapple 30mg,690277961496,688099869724,6,30,E-liquid,pineapple menthol,2025-12-29
Maduro Distributors Inc,The Loon,Loon Salts Iced Pineapple 50mg,682863121414,688099869366,6,30,E-liquid,pineapple menthol,2025-12-29
Maduro Distributors Inc,The Loon,Loon Salts Frozen Strawberry 30mg,690277961502,688099869731,6,30,E-liquid,strawberry menthol,2025-12-29
Maduro Distributors Inc,The Loon,Loon Salts Frozen Strawberry 50mg,682863121421,688099869373,6,30,E-liquid,strawberry menthol,2025-12-29
Maduro Distributors Inc,The Loon,Loon Salts Merica 30mg,601956372298,601956372304,6,30,E-liquid,popsicle,2025-12-29
Maduro Distributors Inc,The Loon,Loon Salts Merica 50mg,601956371963,601956371970,6,30,E-liquid,popsicle,2025-12-29
Maduro Distributors Inc,The Loon,Loon Salts Mint Crush 30mg,690277961397,688099869502,6,30,E-liquid,mint,2025-12-29
Maduro Distributors Inc,The Loon,Loon Salts Mint Crush 50mg,690277960222,688099869151,6,30,E-liquid,mint,2025-12-29
Maduro Distributors Inc,The Loon,Loon Salts Orange Lightning 30mg,601956372335,601956372342,6,30,E-liquid,orange citrus soda,2025-12-29
Maduro Distributors Inc,The Loon,Loon Salts Orange Lightning 50mg,601956372007,601956372014,6,30,E-liquid,orange citrus soda,2025-12-29
Maduro Distributors Inc,The Loon,Loon Salts Peach Mango Fusion 30mg,767461989960,767461989953,6,30,E-liquid,peach mango,2025-12-29
Maduro Distributors Inc,The Loon,Loon Salts Peach Mango Fusion 50mg,767461989175,767461989182,6,30,E-liquid,peach mango,2025-12-29
Maduro Distributors Inc,The Loon,Loon Salts Pink Lemonade 30mg,690277961434,688099869588,6,30,E-liquid,strawberry lemon,2025-12-29
Maduro Distributors Inc,The Loon,Loon Salts Pink Lemonade 50mg,686162567454,688099869236,6,30,E-liquid,strawberry lemon,2025-12-29
Maduro Distributors Inc,The Loon,Loon Salts Strawberry Banana 30mg,690277961427,688099869564,6,30,E-liquid,strawberry banana,2025-12-29
Maduro Distributors Inc,The Loon,Loon Salts Strawberry Banana 50mg,686162567454,688099869236,6,30,E-liquid,strawberry banana,2025-12-29
Maduro Distributors Inc,The Loon,Loon Air + Raspberry Blueberry Lemon,601956377347,601956377347,1,8,Disposable e-cigarette device,"Raspberry, Blueberry, Lemon",2025-12-29
Maduro Distributors Inc,The Loon,Loon Air + Lush Ice,601956377385,601956377385,1,8,Disposable e-cigarette device,Watermelon,2025-12-29
Maduro Distributors Inc,The Loon,Loon Air + Mint,601956377408,601956377408,1,8,Disposable e-cigarette device,Mint,2025-12-29
Maduro Distributors Inc,The Loon,Loon Air + Berry Lemonade,601956377347,601956377347,1,8,Disposable e-cigarette device,Strawberry Lemonade,2025-12-29
Maduro Distributors Inc,The Loon,Loon Air + Grape,601956377361,601956377361,1,8,Disposable e-cigarette device,Grape,2025-12-29
Maduro Distributors Inc,The Loon,Loon Air + Strawberry Ice,601956377460,601956377460,1,8,Disposable e-cigarette device,Strawberry,2025-12-29
Maduro Distributors Inc,The Loon,Loon Air + Orange,601956377422,601956377422,1,8,Disposable e-cigarette device,Orange,2025-12-29
Maduro Distributors Inc,The Loon,Loon Air + Pineapple Ice,742259842450,742259842450,1,8,Disposable e-cigarette device,Pineapple,2025-12-29
Maduro Distributors Inc,The Loon,Loon Air + Strawberry Watermelon,742259842474,742259842474,1,8,Disposable e-cigarette device,"Strawberry, Watermelon",2025-12-29
Maduro Distributors Inc,The Loon,Loon Air + Bad Bull,742259842498,742259842498,1,8,Disposable e-cigarette device,Red Bull Energy Drink,2025-12-29
Maduro Distributors Inc,The Loon,Loon Air + Mango Ice,742259842511,742259842511,1,8,Disposable e-cigarette device,Mango,2025-12-29
Maduro Distributors Inc,The Loon,Loon Maxx Blue Razz,601956370737,601956370737,1,6.5,Disposable e-cigarette device,Raspberry,2025-12-29
Maduro Distributors Inc,The Loon,Loon Maxx Frozen Grape,601956370836,601956370836,1,6.5,Disposable e-cigarette device,Grape,2025-12-29
Maduro Distributors Inc,The Loon,Loon Maxx Frozen Mango,601956370775,601956370775,1,6.5,Disposable e-cigarette device,Mango,2025-12-29
Maduro Distributors Inc,The Loon,Loon Maxx Frozen Melon,601956373882,601956373882,1,6.5,Disposable e-cigarette device,Melon,2025-12-29
Maduro Distributors Inc,The Loon,Loon Maxx Kiwi Berry,767461990393,767461990393,1,6.5,Disposable e-cigarette device,"Kiwi, Strawberry",2025-12-29
Maduro Distributors Inc,The Loon,Loon Refill Menthol 6MG,685650046839,685650046839,1,1,Electronic cigarette pod or cartridge,Menthol,2025-12-29
Maduro Distributors Inc,The Loon,Loon Refill Menthol 18MG,767461990126,767461990126,1,1,Electronic cigarette pod or cartridge,Menthol,2025-12-29
Maduro Distributors Inc,The Loon,Loon Refill Tobacco 6MG,685650046778,685650046778,1,1,Electronic cigarette pod or cartridge,Tobacco,2025-12-29
Maduro Distributors Inc,The Loon,Loon Refill Tobacco 18MG,767461990119,767461990119,1,1,Electronic cigarette pod or cartridge,Tobacco,2025-12-29
Maduro Distributors Inc,The Loon,Loon Maxx Apple Berry,601956370812,601956370812,1,6.5,Disposable e-cigarette device,"Apple, Strawberry",2025-12-29
Maduro Distributors Inc,The Loon,Loon Maxx Blue Lightning,767461991239,767461991239,1,6.5,Disposable e-cigarette device,Blueberry Citrus,2025-12-29
Maduro Distributors Inc,The Loon,Loon Maxx Banana Taffy,767461991253,767461991253,1,6.5,Disposable e-cigarette device,Banana,2025-12-29
Maduro Distributors Inc,The Loon,Loon Maxx Clear,601956370850,601956370850,1,6.5,Disposable e-cigarette device,Flavorless,2025-12-29
Maduro Distributors Inc,The Loon,Loon Maxx Creamy Frostbite,767461993097,767461993097,1,6.5,Disposable e-cigarette device,"Mint, Cream",2025-12-29
Maduro Distributors Inc,The Loon,Loon Maxx Turkish Tobacco,767461990454,767461990454,1,6.5,Disposable e-cigarette device,Tobacco,2025-12-29
Maduro Distributors Inc,The Loon,Loon Maxx Gum Mint,767461990416,767461990416,1,6.5,Disposable e-cigarette device,Mint,2025-12-29
Maduro Distributors Inc,The Loon,Loon Maxx Iced Guava,601956370652,601956370652,1,6.5,Disposable e-cigarette device,"Guava, Menthol",2025-12-29
Maduro Distributors Inc,The Loon,Loon Maxx H2O,601956370874,601956370874,1,6.5,Disposable e-cigarette device,Clear with Citrus,2025-12-29
Maduro Distributors Inc,The Loon,Loon Maxx Iced Lush,601956370911,601956370911,1,6.5,Disposable e-cigarette device,Watermelon Menthol,2025-12-29
Maduro Distributors Inc,The Loon,Loon Maxx Merica,601956370935,601956370935,1,6.5,Disposable e-cigarette device,popsicle,2025-12-29
Maduro Distributors Inc,The Loon,Loon Maxx Mint Crush,767461991215,767461991215,1,6.5,Disposable e-cigarette device,mint,2025-12-29
Maduro Distributors Inc,The Loon,Loon Maxx Orange Lightning,601956370713,601956370713,1,6.5,Disposable e-cigarette device,orange citrus soda,2025-12-29
Maduro Distributors Inc,The Loon,Loon Maxx Frozen Peach,601956370898,601956370898,1,6.5,Disposable e-cigarette device,peach menthol,2025-12-29
Maduro Distributors Inc,The Loon,Loon Maxx Peach Mango Fusion,601956370799,601956370799,1,6.5,Disposable e-cigarette device,peach mango,2025-12-29
Maduro Distributors Inc,The Loon,Loon Maxx Iced Pineapple,601956370577,601956370577,1,6.5,Disposable e-cigarette device,pineapple menthol,2025-12-29
Maduro Distributors Inc,The Loon,Loon Maxx Strawberry Banana,601956370638,601956370638,1,6.5,Disposable e-cigarette device,strawberry banana,2025-12-29
Maduro Distributors Inc,The Loon,Loon Maxx Strawberry Lemonade,601956370676,601956370676,1,6.5,Disposable e-cigarette device,strawberry lemon,2025-12-29
Maduro Distributors Inc,The Loon,Loon Maxx Frozen Strawberry,601956370591,601956370591,1,6.5,Disposable e-cigarette device,strawberry menthol,2025-12-29
Maduro Distributors Inc,The Loon,Loon Maxx Classic Tobacco,767461990478,767461990478,1,6.5,Disposable e-cigarette device,tobacco,2025-12-29
Maduro Distributors Inc,The Loon,Loon Salts Apple Berry 30mg,690277961540,690277961540,1,30,E-liquid,"Apple, Strawberry",2025-12-29
Maduro Distributors Inc,The Loon,Loon Salts Apple Berry 50mg,690277960239,690277960239,1,30,E-liquid,"Apple, Strawberry",2025-12-29
Maduro Distributors Inc,The Loon,Loon Salts Banana 30mg,767461990195,767461990195,1,30,E-liquid,Banana,2025-12-29
Maduro Distributors Inc,The Loon,Loon Salts Banana 50mg,767461990157,767461990157,1,30,E-liquid,banana,2025-12-29
Maduro Distributors Inc,The Loon,Loon Salts Blue Lightning 30mg,601956374650,601956374650,1,30,E-liquid,Blueberry Citrus,2025-12-29
Maduro Distributors Inc,The Loon,Loon Salts Blue Lightning 50mg,688099869106,688099869106,1,30,E-liquid,Blueberry Citrus,2025-12-29
Maduro Distributors Inc,The Loon,Loon Salts Blue Razz 30mg,601956374667,601956374667,1,30,E-liquid,raspberry,2025-12-29
Maduro Distributors Inc,The Loon,Loon Salts Blue Razz 50mg,690277961724,690277961724,1,30,E-liquid,raspberry,2025-12-29
Maduro Distributors Inc,The Loon,Loon Salts Kiwi Berry 30mg,690277961564,690277961564,1,30,E-liquid,strawberry watermelon kiwi,2025-12-29
Maduro Distributors Inc,The Loon,Loon Salts Kiwi Berry 50mg,690277960260,690277960260,1,30,E-liquid,strawberry watermelon kiwi,2025-12-29
Maduro Distributors Inc,The Loon,Loon Salts Classic Tobacco 30mg,690277961441,690277961441,1,30,E-liquid,tobacco,2025-12-29
Maduro Distributors Inc,The Loon,Loon Salts Classic Tobacco 50mg,690277960079,690277960079,1,30,E-liquid,tobacco,2025-12-29
Maduro Distributors Inc,The Loon,Loon Salts Clear 30mg,601956374186,601956374186,1,30,E-liquid,flavorless,2025-12-29
Maduro Distributors Inc,The Loon,Loon Salts Clear 50mg,601956374209,601956374209,1,30,E-liquid,flavorless,2025-12-29
Maduro Distributors Inc,The Loon,Loon Salts Creamy Frostbite 30mg,601956374674,601956374674,1,30,E-liquid,creamy mint,2025-12-29
Maduro Distributors Inc,The Loon,Loon Salts Creamy Frostbite 50mg,689481773230,689481773230,1,30,E-liquid,creamy mint,2025-12-29
Maduro Distributors Inc,The Loon,Loon Salts Turkish Tobacco 30mg,601956372311,601956372311,1,30,E-liquid,tobacco,2025-12-29
Maduro Distributors Inc,The Loon,Loon Salts Turkish Tobacco 50mg,601956371987,601956371987,1,30,E-liquid,tobacco,2025-12-29
Maduro Distributors Inc,The Loon,Loon Salts Frozen Grape 30mg,690277961748,690277961748,1,30,E-liquid,grape menthol,2025-12-29
Maduro Distributors Inc,The Loon,Loon Salts Frozen Grape 50mg,690277961700,690277961700,1,30,E-liquid,grape menthol,2025-12-29
Maduro Distributors Inc,The Loon,Loon Salts Frozen Mango 30mg,690277961779,690277961779,1,30,E-liquid,mango menthol,2025-12-29
Maduro Distributors Inc,The Loon,Loon Salts Frozen Mango 50mg,690277961786,690277961786,1,30,E-liquid,mango menthol,2025-12-29
Maduro Distributors Inc,The Loon,Loon Salts Frozen Melon 30mg,690277961755,690277961755,1,30,E-liquid,melon menthol,2025-12-29
Maduro Distributors Inc,The Loon,Loon Salts Frozen Melon 50mg,690277961717,690277961717,1,30,E-liquid,melon menthol,2025-12-29
Maduro Distributors Inc,The Loon,Loon Salts Frozen Peach 30mg,688099869830,688099869830,1,30,E-liquid,peach menthol,2025-12-29
Maduro Distributors Inc,The Loon,Loon Salts Frozen Peach 50mg,688099869847,688099869847,1,30,E-liquid,peach menthol,2025-12-29
Maduro Distributors Inc,The Loon,Loon Salts Gum MInt 30mg,601956374681,601956374681,1,30,E-liquid,mint,2025-12-29
Maduro Distributors Inc,The Loon,Loon Salts Gum Mint 50mg,690277961960,690277961960,1,30,E-liquid,mint,2025-12-29
Maduro Distributors Inc,The Loon,Loon Salts H20 30mg,601956372274,601956372274,1,30,E-liquid,Clear with Citrus,2025-12-29
Maduro Distributors Inc,The Loon,Loon Satls H20 50mg,601956371949,601956371949,1,30,E-liquid,clear with Citrus,2025-12-29
Maduro Distributors Inc,The Loon,Loon Salts Iced Guava 30mg,601956374698,601956374698,1,30,E-liquid,"Guava, Menthol",2025-12-29
Maduro Distributors Inc,The Loon,Loon Salts Iced Guava 50mg,690277960307,690277960307,1,30,E-liquid,"Guava, Menthol",2025-12-29
Maduro Distributors Inc,The Loon,Loon Salts Iced Lush 30mg,601956374704,601956374704,1,30,E-liquid,Watermelon Menthol,2025-12-29
Maduro Distributors Inc,The Loon,Loon Salts Iced Lush 50mg,686162567508,686162567508,1,30,E-liquid,watermelon menthol,2025-12-29
Maduro Distributors Inc,The Loon,Loon Salts Iced Pineapple 30mg,690277961496,690277961496,1,30,E-liquid,pineapple menthol,2025-12-29
Maduro Distributors Inc,The Loon,Loon Salts Iced Pineapple 50mg,682863121414,682863121414,1,30,E-liquid,pineapple menthol,2025-12-29
Maduro Distributors Inc,The Loon,Loon Salts Frozen Strawberry 30mg,690277961502,690277961502,1,30,E-liquid,strawberry menthol,2025-12-29
Maduro Distributors Inc,The Loon,Loon Salts Frozen Strawberry 50mg,682863121421,682863121421,1,30,E-liquid,strawberry menthol,2025-12-29
Maduro Distributors Inc,The Loon,Loon Salts Merica 30mg,601956372298,601956372298,1,30,E-liquid,popsicle,2025-12-29
Maduro Distributors Inc,The Loon,Loon Salts Merica 50mg,601956371963,601956371963,1,30,E-liquid,popsicle,2025-12-29
Maduro Distributors Inc,The Loon,Loon Salts Mint Crush 30mg,690277961397,690277961397,1,30,E-liquid,mint,2025-12-29
Maduro Distributors Inc,The Loon,Loon Salts Mint Crush 50mg,690277960222,690277960222,1,30,E-liquid,mint,2025-12-29
Maduro Distributors Inc,The Loon,Loon Salts Orange Lightning 30mg,601956372335,601956372335,1,30,E-liquid,orange citrus soda,2025-12-29
Maduro Distributors Inc,The Loon,Loon Salts Orange Lightning 50mg,601956372007,601956372007,1,30,E-liquid,orange citrus soda,2025-12-29
Maduro Distributors Inc,The Loon,Loon Salts Peach Mango Fusion 30mg,767461989960,767461989960,1,30,E-liquid,peach mango,2025-12-29
Maduro Distributors Inc,The Loon,Loon Salts Peach Mango Fusion 50mg,767461989175,767461989175,1,30,E-liquid,peach mango,2025-12-29
Maduro Distributors Inc,The Loon,Loon Salts Pink Lemonade 30mg,690277961434,690277961434,1,30,E-liquid,strawberry lemon,2025-12-29
Maduro Distributors Inc,The Loon,Loon Salts Pink Lemonade 50mg,686162567454,686162567454,1,30,E-liquid,strawberry lemon,2025-12-29
Maduro Distributors Inc,The Loon,Loon Salts Strawberry Banana 30mg,690277961427,690277961427,1,30,E-liquid,strawberry banana,2025-12-29
Maduro Distributors Inc,The Loon,Loon Salts Strawberry Banana 50mg,686162567454,686162567454,1,30,E-liquid,strawberry banana,2025-12-29
MH Global LLC,Streamline Vape Co. LLC,JUICE HEAD - Blueberry Lemon 3mg/100ml,788782965228,788782965228,1,100,E-liquid,Blueberry Lemon,2025-10-10
MH Global LLC,Streamline Vape Co. LLC,JUICE HEAD - Blueberry Lemon 6mg/100ml,788782965235,788782965235,1,100,E-liquid,Blueberry Lemon,2025-10-10
MH Global LLC,Streamline Vape Co. LLC,JUICE HEAD - Blueberry Lemon Freeze 0mg/100ml,788782964962,788782964962,1,100,E-liquid,Blueberry Lemon Ice,2025-10-10
MH Global LLC,Streamline Vape Co. LLC,JUICE HEAD - Blueberry Lemon Freeze 3mg/100ml,788782964979,788782964979,1,100,E-liquid,Blueberry Lemon Ice,2025-10-10
MH Global LLC,Streamline Vape Co. LLC,JUICE HEAD - Blueberry Lemon Freeze 6mg/100ml,788782964986,788782964986,1,100,E-liquid,Blueberry Lemon Ice,2025-10-10
MH Global LLC,Streamline Vape Co. LLC,JUICE HEAD - Blueberry Lemon Salts 25mg/30ml,788782965167,788782965167,1,30,E-liquid,Blueberry Lemon,2025-10-10
MH Global LLC,Streamline Vape Co. LLC,JUICE HEAD - Blueberry Lemon Salts 50mg/30ml,788782965136,788782965136,1,30,E-liquid,Blueberry Lemon,2025-10-10
MH Global LLC,Streamline Vape Co. LLC,JUICE HEAD - Strawberry Kiwi 3mg/100ml,750253728410,750253728410,1,100,E-liquid,Strawberry Kiwi,2025-10-10
MH Global LLC,Streamline Vape Co. LLC,JUICE HEAD - Strawberry Kiwi 6mg/100ml,750253728403,750253728403,1,100,E-liquid,Strawberry Kiwi,2025-10-10
MH Global LLC,Streamline Vape Co. LLC,JUICE HEAD - Strawberry Kiwi Freeze 3mg/100ml,788782965099,788782965099,1,100,E-liquid,Strawberry Kiwi Ice,2025-10-10
MH Global LLC,Streamline Vape Co. LLC,JUICE HEAD - Strawberry Kiwi Freeze 6mg/100ml,788782965105,788782965105,1,100,E-liquid,Strawberry Kiwi Ice,2025-10-10
MH Global LLC,Streamline Vape Co. LLC,JUICE HEAD - Strawberry Kiwi Salts 25mg/30ml,788782962708,788782962708,1,30,E-liquid,Strawberry Kiwi,2025-10-10
MH Global LLC,Streamline Vape Co. LLC,JUICE HEAD - Strawberry Kiwi Salts 50mg/30ml,788782962692,788782962692,1,30,E-liquid,Strawberry Kiwi,2025-10-10
MH Global LLC,Streamline Vape Co. LLC,JUICE HEAD - Guava Peach 0mg/100ml,762876650139,762876650139,1,100,E-liquid,Guava Peach,2025-10-10
MH Global LLC,Streamline Vape Co. LLC,JUICE HEAD - Guava Peach 3mg/100ml,762876650146,762876650146,1,100,E-liquid,Guava Peach,2025-10-10
MH Global LLC,Streamline Vape Co. LLC,JUICE HEAD - Guava Peach 6mg/100ml,762876650153,762876650153,1,100,E-liquid,Guava Peach,2025-10-10
MH Global LLC,Streamline Vape Co. LLC,JUICE HEAD - Guava Peach Freeze 3mg/100ml,762876650191,762876650191,1,100,E-liquid,Guava Peach Ice,2025-10-10
MH Global LLC,Streamline Vape Co. LLC,JUICE HEAD - Guava Peach Freeze 6mg/100ml,762876650207,762876650207,1,100,E-liquid,Guava Peach Ice,2025-10-10
MH Global LLC,Streamline Vape Co. LLC,JUICE HEAD - Guava Peach Salts 25mg/30ml,762876650160,762876650160,1,30,E-liquid,Guava Peach,2025-10-10
MH Global LLC,Streamline Vape Co. LLC,JUICE HEAD - Guava Peach Salts 50mg/30ml,762876650177,762876650177,1,30,E-liquid,Guava Peach,2025-10-10
MH Global LLC,Streamline Vape Co. LLC,JUICE HEAD - Peach Pear 3mg/100ml,750253727819,750253727819,1,100,E-liquid,Peach Pear,2025-10-10
MH Global LLC,Streamline Vape Co. LLC,JUICE HEAD - Peach Pear 6mg/100ml,750253727796,750253727796,1,100,E-liquid,Peach Pear,2025-10-10
MH Global LLC,Streamline Vape Co. LLC,JUICE HEAD - Peach Pear Freeze 3mg/100ml,788782965037,788782965037,1,100,E-liquid,Peach Pear Ice,2025-10-10
MH Global LLC,Streamline Vape Co. LLC,JUICE HEAD - Peach Pear Freeze 6mg/100ml,788782965044,788782965044,1,100,E-liquid,Peach Pear Ice,2025-10-10
MH Global LLC,Streamline Vape Co. LLC,JUICE HEAD - Peach Pear Salts 25mg/30ml,788782962654,788782962654,1,30,E-liquid,Peach Pear,2025-10-10
MH Global LLC,Streamline Vape Co. LLC,JUICE HEAD - Peach Pear Salts 50mg/30ml,788782962661,788782962661,1,30,E-liquid,Peach Pear,2025-10-10
MH Global LLC,Streamline Vape Co. LLC,JUICE HEAD - Pineapple Grapefruit 3mg/100ml,788782963859,788782963859,1,100,E-liquid,Pineapple Grapefruit,2025-10-10
MH Global LLC,Streamline Vape Co. LLC,JUICE HEAD - Pineapple Grapefruit 6mg/100ml,788782963866,788782963866,1,100,E-liquid,Pineapple Grapefruit,2025-10-10
MH Global LLC,Streamline Vape Co. LLC,JUICE HEAD - Pineapple Grapefruit Freeze 3mg/100ml,788782965068,788782965068,1,100,E-liquid,Pineapple Grapefruit Ice,2025-10-10
MH Global LLC,Streamline Vape Co. LLC,JUICE HEAD - Pineapple Grapefruit Freeze 6mg/100ml,788782965075,788782965075,1,100,E-liquid,Pineapple Grapefruit Ice,2025-10-10
MH Global LLC,Streamline Vape Co. LLC,JUICE HEAD - Pineapple Grapefruit Salts 25mg/30ml,788782964184,788782964184,1,30,E-liquid,Pineapple Grapefruit,2025-10-10
MH Global LLC,Streamline Vape Co. LLC,JUICE HEAD - Pineapple Grapefruit Salts 50mg/30ml,788782964177,788782964177,1,30,E-liquid,Pineapple Grapefruit,2025-10-10
MH Global LLC,Streamline Vape Co. LLC,JUICE HEAD - Watermelon Lime 3mg/100ml,750253728380,750253728380,1,100,E-liquid,Watermelon Lime,2025-10-10
MH Global LLC,Streamline Vape Co. LLC,JUICE HEAD - Watermelon Lime 6mg/100ml,750253728397,750253728397,1,100,E-liquid,Watermelon Lime,2025-10-10
MH Global LLC,Streamline Vape Co. LLC,JUICE HEAD - Watermelon Lime Freeze 3mg/100ml,788782965143,788782965143,1,100,E-liquid,Watermelon Lime Ice,2025-10-10
MH Global LLC,Streamline Vape Co. LLC,JUICE HEAD - Watermelon Lime Freeze 6mg/100ml,788782965150,788782965150,1,100,E-liquid,Watermelon Lime Ice,2025-10-10
MH Global LLC,Streamline Vape Co. LLC,JUICE HEAD - Watermelon Lime Salts 25mg/30ml,788782962678,788782962678,1,30,E-liquid,Watermelon Lime,2025-10-10
MH Global LLC,Streamline Vape Co. LLC,JUICE HEAD - Watermelon Lime Salts 50mg/30ml,788782962685,788782962685,1,30,E-liquid,Watermelon Lime,2025-10-10
MH Global LLC,Streamline Vape Co. LLC,JUICE HEAD - Apple Watermelon 3mg/100ML,810108040101,810108040101,1,100,E-liquid,Apple Watermelon,2025-10-10
MH Global LLC,Streamline Vape Co. LLC,JUICE HEAD - Apple Watermelon 6mg/100ML,810108040118,810108040118,1,100,E-liquid,Apple Watermelon,2025-10-10
MH Global LLC,Streamline Vape Co. LLC,JUICE HEAD - Apple Watermelon Freeze 3mg/100ML,810108040163,810108040163,1,100,E-liquid,Apple Watermelon Ice,2025-10-10
MH Global LLC,Streamline Vape Co. LLC,JUICE HEAD - Apple Watermelon Freeze 6mg/100ML,810108040170,810108040170,1,100,E-liquid,Apple Watermelon Ice,2025-10-10
MH Global LLC,Streamline Vape Co. LLC,JUICE HEAD SALTS - Apple Watermelon 35mg/30ML,810108040217,810108040217,1,30,E-liquid,Apple Watermelon,2025-10-10
MH Global LLC,Streamline Vape Co. LLC,JUICE HEAD SALTS - Apple Watermelon 50mg/30ML,810108040224,810108040224,1,30,E-liquid,Apple Watermelon,2025-10-10
MH Global LLC,Streamline Vape Co. LLC,JUICE HEAD SALTS - Apple Watermelon Freeze Salts 35mg/30ML,810108040255,810108040255,1,30,E-liquid,Apple Watermelon Ice,2025-10-10
MH Global LLC,Streamline Vape Co. LLC,JUICE HEAD SALTS - Apple Watermelon Freeze Salts 50mg/30ML,810108040262,810108040262,1,30,E-liquid,Apple Watermelon Ice,2025-10-10
MH Global LLC,Streamline Vape Co. LLC,JUICE HEAD DESSERTS - Sweet Cream 3mg/100ML,810096913289,810096913289,1,100,E-liquid,Sweet Cream,2025-10-10
MH Global LLC,Streamline Vape Co. LLC,JUICE HEAD DESSERTS - Sweet Cream 6mg/100ML,810096913296,810096913296,1,100,E-liquid,Sweet Cream,2025-10-10
MH Global LLC,Streamline Vape Co. LLC,JUICE HEAD DESSERTS - Fruity Cream 3mg/100ML,810096913197,810096913197,1,100,E-liquid,Fruity Cream,2025-10-10
MH Global LLC,Streamline Vape Co. LLC,JUICE HEAD DESSERTS - Fruity Cream 6mg/100ML,810096913203,810096913203,1,100,E-liquid,Fruity Cream,2025-10-10
MH Global LLC,Streamline Vape Co. LLC,JUICE HEAD DESSERTS - Cake Batter 3mg/100ML,810096913258,810096913258,1,100,E-liquid,Cake Batter,2025-10-10
MH Global LLC,Streamline Vape Co. LLC,JUICE HEAD DESSERTS - Cake Batter 6mg/100ML,810096913265,810096913265,1,100,E-liquid,Cake Batter,2025-10-10
MH Global LLC,Streamline Vape Co. LLC,JUICE HEAD DESSERTS - Strawberry Cream 3mg/100ML,810096913227,810096913227,1,100,E-liquid,Strawberry Cream,2025-10-10
MH Global LLC,Streamline Vape Co. LLC,JUICE HEAD DESSERTS - Strawberry Cream 6mg/100ML,810096913234,810096913234,1,100,E-liquid,Strawberry Cream,2025-10-10
MH Global LLC,Streamline Vape Co. LLC,JUICE HEAD - Orange Mango 3mg/100ML,810096912640,810096912640,1,100,E-liquid,Orange Mango,2025-10-10
MH Global LLC,Streamline Vape Co. LLC,JUICE HEAD - Orange Mango 6mg/100ML,810096912657,810096912657,1,100,E-liquid,Orange Mango,2025-10-10
MH Global LLC,Streamline Vape Co. LLC,JUICE HEAD - Orange Mango Freeze 3mg/100ML,810096919618,810096919618,1,100,E-liquid,Orange Mango Ice,2025-10-10
MH Global LLC,Streamline Vape Co. LLC,JUICE HEAD - Orange Mango Freeze 6mg/100ML,810096919625,810096919625,1,100,E-liquid,Orange Mango Ice,2025-10-10
MH Global LLC,Streamline Vape Co. LLC,JUICE HEAD - Orange Mango Freeze Salts 35mg/30ML,810096919786,810096919786,1,30,E-liquid,Orange Mango Ice,2025-10-10
MH Global LLC,Streamline Vape Co. LLC,JUICE HEAD - Orange Mango Freeze Salts 50mg/30ML,810096919793,810096919793,1,30,E-liquid,Orange Mango Ice,2025-10-10
MH Global LLC,Streamline Vape Co. LLC,JUICE HEAD - Orange Mango Salts 35mg/30ML,810096912732,810096912732,1,30,E-liquid,Orange Mango,2025-10-10
MH Global LLC,Streamline Vape Co. LLC,JUICE HEAD - Orange Mango Salts 50mg/30ML,810096912749,810096912749,1,30,E-liquid,Orange Mango,2025-10-10
MH Global LLC,Streamline Vape Co. LLC,JUICE HEAD - Mango Strawberry 3mg/100ML,756029734425,756029734425,1,100,E-liquid,Mango Strawberry,2025-10-10
MH Global LLC,Streamline Vape Co. LLC,JUICE HEAD - Mango Strawberry 6mg/100ML,756029734432,756029734432,1,100,E-liquid,Mango Strawberry,2025-10-10
MH Global LLC,Streamline Vape Co. LLC,JUICE HEAD - Mango Strawberry Freeze 3mg/100ML,756029734395,756029734395,1,100,E-liquid,Mango Strawberry Ice,2025-10-10
MH Global LLC,Streamline Vape Co. LLC,JUICE HEAD - Mango Strawberry Freeze 6mg/100ML,756029734401,756029734401,1,100,E-liquid,Mango Strawberry Ice,2025-10-10
MH Global LLC,Streamline Vape Co. LLC,JUICE HEAD - Mango Strawberry Freeze Salts 35mg/30ML,756029734456,756029734456,1,30,E-liquid,Mango Strawberry Ice,2025-10-10
MH Global LLC,Streamline Vape Co. LLC,JUICE HEAD - Mango Strawberry Freeze Salts 50mg/30ML,600609529300,600609529300,1,30,E-liquid,Mango Strawberry Ice,2025-10-10
MH Global LLC,Streamline Vape Co. LLC,JUICE HEAD - Mango Strawberry Salts 35mg/30ML,756029734449,756029734449,1,30,E-liquid,Mango Strawberry,2025-10-10
MH Global LLC,Streamline Vape Co. LLC,JUICE HEAD - Mango Strawberry Salts 50mg/30ML,600609529232,600609529232,1,30,E-liquid,Mango Strawberry,2025-10-10
MH Global LLC,Streamline Vape Co. LLC,JUICE HEAD - Pineapple Guava 3mg/100mL,810096912619,810096912619,1,100,E-liquid,Pineapple Guava,2025-10-10
MH Global LLC,Streamline Vape Co. LLC,JUICE HEAD - Pineapple Guava 6mg/100mL,810096912626,810096912626,1,100,E-liquid,Pineapple Guava,2025-10-10
MH Global LLC,Streamline Vape Co. LLC,JUICE HEAD - Pineapple Guava Freeze 3mg/100mL,810096919588,810096919588,1,100,E-liquid,Pineapple Guava Ice,2025-10-10
MH Global LLC,Streamline Vape Co. LLC,JUICE HEAD - Pineapple Guava Freeze 6mg/100mL,810096919595,810096919595,1,100,E-liquid,Pineapple Guava Ice,2025-10-10
MH Global LLC,Streamline Vape Co. LLC,JUICE HEAD - Pineapple Guava Freeze Salts 35mg/30ML,810096919762,810096919762,1,30,E-liquid,Pineapple Guava Ice,2025-10-10
MH Global LLC,Streamline Vape Co. LLC,JUICE HEAD - Pineapple Guava Freeze Salts 50mg/30ML,810096919779,810096919779,1,30,E-liquid,Pineapple Guava Ice,2025-10-10
MH Global LLC,Streamline Vape Co. LLC,JUICE HEAD - Pineapple Guava Salts 35mg/30ML,810096912718,810096912718,1,30,E-liquid,Pineapple Guava,2025-10-10
MH Global LLC,Streamline Vape Co. LLC,JUICE HEAD - Pineapple Guava Salts 50mg/30ML,810096912725,810096912725,1,30,E-liquid,Pineapple Guava,2025-10-10
MH Global LLC,Streamline Vape Co. LLC,JUICE HEAD - Raspberry Lemonade 3mg/100ML,810108040132,810108040132,1,100,E-liquid,Raspberry Lemonade,2025-10-10
MH Global LLC,Streamline Vape Co. LLC,JUICE HEAD - Raspberry Lemonade 6mg/100ML,810108040149,810108040149,1,100,E-liquid,Raspberry Lemonade,2025-10-10
MH Global LLC,Streamline Vape Co. LLC,JUICE HEAD - Raspberry Lemonade Freeze 3mg/100ML,810108040194,810108040194,1,100,E-liquid,Raspberry Lemonade Ice,2025-10-10
MH Global LLC,Streamline Vape Co. LLC,JUICE HEAD - Raspberry Lemonade Freeze 6mg/100ML,810108040200,810108040200,1,100,E-liquid,Raspberry Lemonade Ice,2025-10-10
MH Global LLC,Streamline Vape Co. LLC,JUICE HEAD SALTS - Raspberry Lemonade Freeze Salts 35mg/30ML,810108040279,810108040279,1,30,E-liquid,Raspberry Lemonade Ice,2025-10-10
MH Global LLC,Streamline Vape Co. LLC,JUICE HEAD SALTS - Raspberry Lemonade Freeze Salts 50mg/30ML,810108040286,810108040286,1,30,E-liquid,Raspberry Lemonade Ice,2025-10-10
MH Global LLC,Streamline Vape Co. LLC,JUICE HEAD SALTS - Raspberry Lemonade Salts 35mg/30ML,810108040231,810108040231,1,30,E-liquid,Raspberry Lemonade,2025-10-10
MH Global LLC,Streamline Vape Co. LLC,JUICE HEAD SALTS - Raspberry Lemonade Salts 50mg/30ML,810108040248,810108040248,1,30,E-liquid,Raspberry Lemonade,2025-10-10
MH Global LLC,Streamline Vape Co. LLC,JUICE HEAD - Tart Watermelon Freeze Salts 35mg/30ML,756029734104,756029734104,1,30,E-liquid,Watermelon Lime Ice,2025-10-10
MH Global LLC,Streamline Vape Co. LLC,JUICE HEAD - Tart Watermelon Freeze Salts 50mg/30ML,600609529287,600609529287,1,30,E-liquid,Watermelon Lime Ice,2025-10-10
MH Global LLC,Streamline Vape Co. LLC,JUICE HEAD - Citrus Blueberry Freeze Salts 35mg/30ML,756029734142,756029734142,1,30,E-liquid,Blueberry Lemon Ice,2025-10-10
MH Global LLC,Streamline Vape Co. LLC,JUICE HEAD - Citrus Blueberry Freeze Salts 50mg/30ML,600609529249,600609529249,1,30,E-liquid,Blueberry Lemon Ice,2025-10-10
MH Global LLC,Streamline Vape Co. LLC,JUICE HEAD - Tropical Guava Freeze Salts 35mg/30ML,756029734364,756029734364,1,30,E-liquid,Pineapple Guava Ice,2025-10-10
MH Global LLC,Streamline Vape Co. LLC,JUICE HEAD - Tropical Guava Freeze Salts 50mg/30ML,600609529294,600609529294,1,30,E-liquid,Pineapple Guava Ice,2025-10-10
MH Global LLC,Streamline Vape Co. LLC,JUICE HEAD - Kiwi Berry Freeze Salts 35mg/30ML,756029734098,756029734098,1,30,E-liquid,Strawberry Kiwi Ice,2025-10-10
MH Global LLC,Streamline Vape Co. LLC,JUICE HEAD - Kiwi Berry Freeze Salts 50mg/30ML,600609529270,600609529270,1,30,E-liquid,Strawberry Kiwi Ice,2025-10-10
MH Global LLC,Streamline Vape Co. LLC,JUICE HEAD - Golden Grapefruit Freeze Salts 35mg/30ML,756029734128,756029734128,1,30,E-liquid,Pineapple Grapefruit Ice,2025-10-10
MH Global LLC,Streamline Vape Co. LLC,JUICE HEAD - Golden Grapefruit Freeze Salts 50mg/30ML,600609529263,600609529263,1,30,E-liquid,Pineapple Grapefruit Ice,2025-10-10
MH Global LLC,Streamline Vape Co. LLC,JUICE HEAD - Paradise Pear Freeze Salts 35mg/30ML,756029734135,756029734135,1,30,E-liquid,Peach Pear Ice,2025-10-10
MH Global LLC,Streamline Vape Co. LLC,JUICE HEAD - Paradise Pear Freeze Salts 50mg/30ML,600609529256,600609529256,1,30,E-liquid,Peach Pear Ice,2025-10-10
MH Global LLC,Streamline Vape Co. LLC,JUICE HEAD - Watermelon Strawberry 3mg/100ML,810096918079,810096918079,1,100,E-liquid,Watermelon Strawberry,2025-10-10
MH Global LLC,Streamline Vape Co. LLC,JUICE HEAD - Watermelon Strawberry 6mg/100ML,810096918086,810096918086,1,100,E-liquid,Watermelon Strawberry,2025-10-10
MH Global LLC,Streamline Vape Co. LLC,JUICE HEAD SALTS - Watermelon Strawberry Salts 35mg/30ML,810096919724,810096919724,1,30,E-liquid,Watermelon Strawberry,2025-10-10
MH Global LLC,Streamline Vape Co. LLC,JUICE HEAD SALTS - Watermelon Strawberry Salts 50mg/30ML,810096919731,810096919731,1,30,E-liquid,Watermelon Strawberry,2025-10-10
MH Global LLC,Streamline Vape Co. LLC,JUICE HEAD - Watermelon Strawberry Freeze 3mg/100ML,810096919670,810096919670,1,100,E-liquid,Watermelon Strawberry Ice,2025-10-10
MH Global LLC,Streamline Vape Co. LLC,JUICE HEAD - Watermelon Strawberry Freeze 6mg/100ML,810096919687,810096919687,1,100,E-liquid,Watermelon Strawberry Ice,2025-10-10
MH Global LLC,Streamline Vape Co. LLC,JUICE HEAD SALTS - Watermelon Strawberry Freeze Salts 35mg/30ML,810096919823,810096919823,1,30,E-liquid,Watermelon Strawberry Ice,2025-10-10
MH Global LLC,Streamline Vape Co. LLC,JUICE HEAD SALTS - Watermelon Strawberry Freeze Salts 50mg/30ML,810096919830,810096919830,1,30,E-liquid,Watermelon Strawberry Ice,2025-10-10
MH Global LLC,Streamline Vape Co. LLC,JUICE HEAD - Passionfruit Orange Guava 3mg/100ML,810096912671,810096912671,1,100,E-liquid,Passionfruit Orange Guava,2025-10-10
MH Global LLC,Streamline Vape Co. LLC,JUICE HEAD - Passionfruit Orange Guava 6mg/100ML,810096912688,810096912688,1,100,E-liquid,Passionfruit Orange Guava,2025-10-10
MH Global LLC,Streamline Vape Co. LLC,JUICE HEAD SALTS - Passionfruit Orange Guava 35mg/30ML,810096912695,810096912695,1,30,E-liquid,Passionfruit Orange Guava,2025-10-10
MH Global LLC,Streamline Vape Co. LLC,JUICE HEAD SALTS - Passionfruit Orange Guava 50mg/30ML,810096912701,810096912701,1,30,E-liquid,Passionfruit Orange Guava,2025-10-10
MH Global LLC,Streamline Vape Co. LLC,JUICE HEAD - Passionfruit Orange Guava Freeze 3mg/100ML,810096919649,810096919649,1,100,E-liquid,Passionfruit Orange Guava Ice,2025-10-10
MH Global LLC,Streamline Vape Co. LLC,JUICE HEAD - Passionfruit Orange Guava Freeze 6mg/100ML,810096919656,810096919656,1,100,E-liquid,Passionfruit Orange Guava Ice,2025-10-10
MH Global LLC,Streamline Vape Co. LLC,JUICE HEAD SALTS - Passionfruit Orange Guava Freeze Salts 35mg/30ML,810096919809,810096919809,1,30,E-liquid,Passionfruit Orange Guava Ice,2025-10-10
MH Global LLC,Streamline Vape Co. LLC,JUICE HEAD SALTS - Passionfruit Orange Guava Freeze Salts 50mg/30ML,810096919816,810096919816,1,30,E-liquid,Passionfruit Orange Guava Ice,2025-10-10
MH Global LLC,Streamline Vape Co. LLC,Devil's Punchbowl 3mg/60ml,750253729073,750253729073,1,60,E-liquid,Fruit Punch,2025-10-10
MH Global LLC,Streamline Vape Co. LLC,Devil's Punchbowl 6mg/60ml,750253729066,750253729066,1,60,E-liquid,Fruit Punch,2025-10-10
MH Global LLC,Streamline Vape Co. LLC,Devil's Punchbowl Ice 3mg/60ml,750253729004,750253729004,1,60,E-liquid,Fruit Punch Ice,2025-10-10
MH Global LLC,Streamline Vape Co. LLC,Devil's Punchbowl Ice 6mg/60ml,750253729028,750253729028,1,60,E-liquid,Fruit Punch Ice,2025-10-10
MH Global LLC,Streamline Vape Co. LLC,Devil's Punchbowl Salts 25mg/30ml,788782962371,788782962371,1,30,E-liquid,Fruit Punch,2025-10-10
MH Global LLC,Streamline Vape Co. LLC,Devil's Punchbowl Salts 50mg/30ml,788782962388,788782962388,1,30,E-liquid,Fruit Punch,2025-10-10
MH Global LLC,Streamline Vape Co. LLC,Devil's Punchbowl Ice Salts 25mg/30ml,788782962401,788782962401,1,30,E-liquid,Fruit Punch Ice,2025-10-10
MH Global LLC,Streamline Vape Co. LLC,Devil's Punchbowl Ice Salts 50mg/30ml,788782962395,788782962395,1,30,E-liquid,Fruit Punch Ice,2025-10-10
MH Global LLC,Streamline Vape Co. LLC,BAMS - Birthday Cannoli 3mg/100ml,788782962548,788782962548,1,100,E-liquid,Birthday Cannoli,2025-10-10
MH Global LLC,Streamline Vape Co. LLC,BAMS - Birthday Cannoli 6mg/100ml,788782962555,788782962555,1,100,E-liquid,Birthday Cannoli,2025-10-10
MH Global LLC,Streamline Vape Co. LLC,BAMS - Captain Cannoli 3mg/100ml,788782962609,788782962609,1,100,E-liquid,Captain Cannoli,2025-10-10
MH Global LLC,Streamline Vape Co. LLC,BAMS - Captain Cannoli 6mg/100ml,788782962616,788782962616,1,100,E-liquid,Captain Cannoli,2025-10-10
MH Global LLC,Streamline Vape Co. LLC,BAMS - Original Cannoli 3mg/100ml,788782962579,788782962579,1,100,E-liquid,Original Cannoli,2025-10-10
MH Global LLC,Streamline Vape Co. LLC,BAMS - Original Cannoli 6mg/100ml,788782962586,788782962586,1,100,E-liquid,Original Cannoli,2025-10-10
MH Global LLC,Streamline Vape Co. LLC,BAMS - Strawberry Cannoli 3mg/100ml,788782962623,788782962623,1,100,E-liquid,Strawberry Cannoli,2025-10-10
MH Global LLC,Streamline Vape Co. LLC,BAMS - Strawberry Cannoli 6mg/100ml,788782962647,788782962647,1,100,E-liquid,Strawberry Cannoli,2025-10-10
MH Global LLC,Streamline Vape Co. LLC,JUICE HEAD 5K - Fresh Mint 50mg 10 Pack,810096912039,810096912039,10,14,Disposable e-cigarette device,Fresh Mint,2025-10-10
MH Global LLC,Streamline Vape Co. LLC,JUICE HEAD 5K - Lychee Mango 50mg 10 Pack,810096911971,810096911971,10,14,Disposable e-cigarette device,Lychee Mango,2025-10-10
MH Global LLC,Streamline Vape Co. LLC,JUICE HEAD 5K - Peach Pear 50mg 10 Pack,810096912008,810096912008,10,14,Disposable e-cigarette device,Peach Pear,2025-10-10
MH Global LLC,Streamline Vape Co. LLC,JUICE HEAD 5K - Pineapple Grapefruit 50mg 10 Pack,810096912022,810096912022,10,14,Disposable e-cigarette device,Pineapple Grapefruit,2025-10-10
MH Global LLC,Streamline Vape Co. LLC,JUICE HEAD 5K - Pineapple Lemon Lime 50mg 10 Pack,810096911957,810096911957,10,14,Disposable e-cigarette device,Pineapple Lemon,2025-10-10
MH Global LLC,Streamline Vape Co. LLC,JUICE HEAD 5K - Raspberry Lemonade 50mg 10 Pack,810096911964,810096911964,10,14,Disposable e-cigarette device,Raspberry Lemonade,2025-10-10
MH Global LLC,Streamline Vape Co. LLC,JUICE HEAD 5K - Strawberry Peach 50mg 10 Pack,810096912015,810096912015,10,14,Disposable e-cigarette device,Strawberry Peach,2025-10-10
MH Global LLC,Streamline Vape Co. LLC,JUICE HEAD 5K - Watermelon Lime 50mg 10 Pack,810096911988,810096911988,10,14,Disposable e-cigarette device,Watermelon Lime,2025-10-10
MH Global LLC,Streamline Vape Co. LLC,JUICE HEAD 5K - Watermelon Strawberry 50mg 10 Pack,810096911995,810096911995,10,14,Disposable e-cigarette device,Watermelon Strawberry,2025-10-10
MH Global LLC,Streamline Vape Co. LLC,JUICE HEAD 5K - Fresh Mint 50mg Mastercase,810108040651,810108040651,200,14,Disposable e-cigarette device,Fresh Mint,2025-10-10
MH Global LLC,Streamline Vape Co. LLC,JUICE HEAD 5K - Lychee Mango 50mg Mastercase,810108040590,810108040590,200,14,Disposable e-cigarette device,Lychee Mango,2025-10-10
MH Global LLC,Streamline Vape Co. LLC,JUICE HEAD 5K - Peach Pear 50mg Mastercase,810108040620,810108040620,200,14,Disposable e-cigarette device,Peach Pear,2025-10-10
MH Global LLC,Streamline Vape Co. LLC,JUICE HEAD 5K - Pineapple Grapefruit 50mg Mastercase,810108040644,810108040644,200,14,Disposable e-cigarette device,Pineapple Grapefruit,2025-10-10
MH Global LLC,Streamline Vape Co. LLC,JUICE HEAD 5K - Pineapple Lemon Lime 50mg Mastercase,810108040576,810108040576,200,14,Disposable e-cigarette device,Pineapple Lemon,2025-10-10
MH Global LLC,Streamline Vape Co. LLC,JUICE HEAD 5K - Raspberry Lemonade 50mg Mastercase,810108040583,810108040583,200,14,Disposable e-cigarette device,Raspberry Lemonade,2025-10-10
MH Global LLC,Streamline Vape Co. LLC,JUICE HEAD 5K - Strawberry Peach 50mg Mastercase,810108040637,810108040637,200,14,Disposable e-cigarette device,Strawberry Peach,2025-10-10
MH Global LLC,Streamline Vape Co. LLC,JUICE HEAD 5K - Watermelon Lime 50mg Mastercase,810108040606,810108040606,200,14,Disposable e-cigarette device,Watermelon Lime,2025-10-10
MH Global LLC,Streamline Vape Co. LLC,JUICE HEAD 5K - Watermelon Strawberry 50mg Mastercase,810108040613,810108040613,200,14,Disposable e-cigarette device,Watermelon Strawberry,2025-10-10
MH Global LLC,Streamline Vape Co. LLC,JUICE HEAD 5K - Fresh Mint 50mg Single Device,810096911940,810096911940,1,14,Disposable e-cigarette device,Fresh Mint,2025-10-10
MH Global LLC,Streamline Vape Co. LLC,JUICE HEAD 5K - Lychee Mango 50mg Single Device,810096911889,810096911889,1,14,Disposable e-cigarette device,Lychee Mango,2025-10-10
MH Global LLC,Streamline Vape Co. LLC,JUICE HEAD 5K - Peach Pear 50mg Single Device,810096911919,810096911919,1,14,Disposable e-cigarette device,Peach Pear,2025-10-10
MH Global LLC,Streamline Vape Co. LLC,JUICE HEAD 5K - Pineapple Grapefruit 50mg Single Device,810096911933,810096911933,1,14,Disposable e-cigarette device,Pineapple Grapefruit,2025-10-10
MH Global LLC,Streamline Vape Co. LLC,JUICE HEAD 5K - Pineapple Lemon Lime 50mg Single Device,810096911865,810096911865,1,14,Disposable e-cigarette device,Pineapple Lemon,2025-10-10
MH Global LLC,Streamline Vape Co. LLC,JUICE HEAD 5K - Raspberry Lemonade 50mg Single Device,810096911872,810096911872,1,14,Disposable e-cigarette device,Raspberry Lemonade,2025-10-10
MH Global LLC,Streamline Vape Co. LLC,JUICE HEAD 5K - Strawberry Peach 50mg Single Device,810096911926,810096911926,1,14,Disposable e-cigarette device,Strawberry Peach,2025-10-10
MH Global LLC,Streamline Vape Co. LLC,JUICE HEAD 5K - Watermelon Lime 50mg Single Device,810096911896,810096911896,1,14,Disposable e-cigarette device,Watermelon Lime,2025-10-10
MH Global LLC,Streamline Vape Co. LLC,JUICE HEAD 5K - Watermelon Strawberry 50mg Single Device,810096911902,810096911902,1,14,Disposable e-cigarette device,Watermelon Strawberry,2025-10-10
MH Global LLC,Streamline Vape Co. LLC,JUICE HEAD 5K FREEZE - Fresh Mint 50mg Mastercase,810108040743,810108040743,200,14,Disposable e-cigarette device,FREEZE - Fresh Mint,2025-10-10
MH Global LLC,Streamline Vape Co. LLC,JUICE HEAD 5K FREEZE - Lychee Mango 50mg Mastercase,810108040682,810108040682,200,14,Disposable e-cigarette device,FREEZE - Lychee Mango,2025-10-10
MH Global LLC,Streamline Vape Co. LLC,JUICE HEAD 5K FREEZE - Peach Pear 50mg Mastercase,810108040712,810108040712,200,14,Disposable e-cigarette device,FREEZE - Peach Pear,2025-10-10
MH Global LLC,Streamline Vape Co. LLC,JUICE HEAD 5K FREEZE - Pineapple Grapefruit 50mg Mastercase,810108040736,810108040736,200,14,Disposable e-cigarette device,FREEZE - Pineapple Grapefruit,2025-10-10
MH Global LLC,Streamline Vape Co. LLC,JUICE HEAD 5K FREEZE - Pineapple Lemon Lime 50mg Mastercase,810108040668,810108040668,200,14,Disposable e-cigarette device,FREEZE - Pineapple Lemon Lime,2025-10-10
MH Global LLC,Streamline Vape Co. LLC,JUICE HEAD 5K FREEZE - Raspberry Lemonade 50mg Mastercase,810108040675,810108040675,200,14,Disposable e-cigarette device,FREEZE - Raspberry Lemonade,2025-10-10
MH Global LLC,Streamline Vape Co. LLC,JUICE HEAD 5K FREEZE - Strawberry Peach 50mg Mastercase,810108040729,810108040729,200,14,Disposable e-cigarette device,FREEZE - Strawberry Peach,2025-10-10
MH Global LLC,Streamline Vape Co. LLC,JUICE HEAD 5K FREEZE - Watermelon Lime 50mg Mastercase,810108040699,810108040699,200,14,Disposable e-cigarette device,FREEZE - Watermelon Lime,2025-10-10
MH Global LLC,Streamline Vape Co. LLC,JUICE HEAD 5K FREEZE - Watermelon Strawberry 50mg Mastercase,810108040705,810108040705,200,14,Disposable e-cigarette device,FREEZE - Watermelon Strawberry,2025-10-10
MH Global LLC,Streamline Vape Co. LLC,JUICE HEAD 5K FREEZE - Fresh Mint 50mg Single Device,810096912305,810096912305,1,14,Disposable e-cigarette device,FREEZE - Fresh Mint,2025-10-10
MH Global LLC,Streamline Vape Co. LLC,JUICE HEAD 5K FREEZE - Lychee Mango 50mg Single Device,810096912244,810096912244,1,14,Disposable e-cigarette device,FREEZE - Lychee Mango,2025-10-10
MH Global LLC,Streamline Vape Co. LLC,JUICE HEAD 5K FREEZE - Peach Pear 50mg Single Device,810096912275,810096912275,1,14,Disposable e-cigarette device,FREEZE - Peach Pear,2025-10-10
MH Global LLC,Streamline Vape Co. LLC,JUICE HEAD 5K FREEZE - Pineapple Grapefruit 50mg Single Device,810096912299,810096912299,1,14,Disposable e-cigarette device,FREEZE - Pineapple Grapefruit,2025-10-10
MH Global LLC,Streamline Vape Co. LLC,JUICE HEAD 5K FREEZE - Pineapple Lemon Lime 50mg Single Device,810096912220,810096912220,1,14,Disposable e-cigarette device,FREEZE - Pineapple Lemon Lime,2025-10-10
MH Global LLC,Streamline Vape Co. LLC,JUICE HEAD 5K FREEZE - Raspberry Lemonade 50mg Single Device,810096912237,810096912237,1,14,Disposable e-cigarette device,FREEZE - Raspberry Lemonade,2025-10-10
MH Global LLC,Streamline Vape Co. LLC,JUICE HEAD 5K FREEZE - Strawberry Peach 50mg Single Device,810096912282,810096912282,1,14,Disposable e-cigarette device,FREEZE - Strawberry Peach,2025-10-10
MH Global LLC,Streamline Vape Co. LLC,JUICE HEAD 5K FREEZE - Watermelon Lime 50mg Single Device,810096912251,810096912251,1,14,Disposable e-cigarette device,FREEZE - Watermelon Lime,2025-10-10
MH Global LLC,Streamline Vape Co. LLC,JUICE HEAD 5K FREEZE - Watermelon Strawberry 50mg Single Device,810096912268,810096912268,1,14,Disposable e-cigarette device,FREEZE - Watermelon Strawberry,2025-10-10
MH Global LLC,Streamline Vape Co. LLC,JUICE HEAD 5K FREEZE - Fresh Mint 50mg 10 Pack,810096912398,810096912398,10,14,Disposable e-cigarette device,FREEZE - Fresh Mint,2025-10-10
MH Global LLC,Streamline Vape Co. LLC,JUICE HEAD 5K FREEZE - Lychee Mango 50mg 10 Pack,810096912336,810096912336,10,14,Disposable e-cigarette device,FREEZE - Lychee Mango,2025-10-10
MH Global LLC,Streamline Vape Co. LLC,JUICE HEAD 5K FREEZE - Peach Pear 50mg 10 Pack,810096912367,810096912367,10,14,Disposable e-cigarette device,FREEZE - Peach Pear,2025-10-10
MH Global LLC,Streamline Vape Co. LLC,JUICE HEAD 5K FREEZE - Pineapple Grapefruit 50mg 10 Pack,810096912381,810096912381,10,14,Disposable e-cigarette device,FREEZE - Pineapple Grapefruit,2025-10-10
MH Global LLC,Streamline Vape Co. LLC,JUICE HEAD 5K FREEZE - Pineapple Lemon Lime 50mg 10 Pack,810096912312,810096912312,10,14,Disposable e-cigarette device,FREEZE - Pineapple Lemon Lime,2025-10-10
MH Global LLC,Streamline Vape Co. LLC,JUICE HEAD 5K FREEZE - Raspberry Lemonade 50mg 10 Pack,810096912329,810096912329,10,14,Disposable e-cigarette device,FREEZE - Raspberry Lemonade,2025-10-10
MH Global LLC,Streamline Vape Co. LLC,JUICE HEAD 5K FREEZE - Strawberry Peach 50mg 10 Pack,810096912374,810096912374,10,14,Disposable e-cigarette device,FREEZE - Strawberry Peach,2025-10-10
MH Global LLC,Streamline Vape Co. LLC,JUICE HEAD 5K FREEZE - Watermelon Lime 50mg 10 Pack,810096912343,810096912343,10,14,Disposable e-cigarette device,FREEZE - Watermelon Lime,2025-10-10
MH Global LLC,Streamline Vape Co. LLC,JUICE HEAD 5K FREEZE - Watermelon Strawberry 50mg 10 Pack,810096912350,810096912350,10,14,Disposable e-cigarette device,FREEZE - Watermelon Strawberry,2025-10-10
MH Global LLC,Streamline Vape Co. LLC,JUICE HEAD MAXX - Fresh Mint 20mg/20mL 200ct Mastercase,810142923545,810142923545,200,20,Disposable e-cigarette device,Fresh Mint,2025-10-10
MH Global LLC,Streamline Vape Co. LLC,JUICE HEAD MAXX - Kiwi Passionfruit Guava 20mg/20mL 200ct Mastercase,810142922401,810142922401,200,20,Disposable e-cigarette device,Kiwi Passionfruit,2025-10-10
MH Global LLC,Streamline Vape Co. LLC,JUICE HEAD MAXX - Tropical Punch 20mg/20mL 200ct Mastercase,810142922418,810142922418,200,20,Disposable e-cigarette device,Tropical Punch,2025-10-10
MH Global LLC,Streamline Vape Co. LLC,JUICE HEAD MAXX - Watermelon Strawberry 20mg/20mL 200ct Mastercase,810142922425,810142922425,200,20,Disposable e-cigarette device,Watermelon Strawberry,2025-10-10
MH Global LLC,Streamline Vape Co. LLC,JUICE HEAD MAXX - Fresh Mint 20mg/20mL 5 Pack Carton,810142923521,810142923521,5,20,Disposable e-cigarette device,Fresh Mint,2025-10-10
MH Global LLC,Streamline Vape Co. LLC,JUICE HEAD MAXX - Kiwi Passionfruit Guava 20mg/20mL 5 Pack Carton,810142922340,810142922340,5,20,Disposable e-cigarette device,Kiwi Passionfruit,2025-10-10
MH Global LLC,Streamline Vape Co. LLC,JUICE HEAD MAXX - Tropical Punch 20mg/20mL 5 Pack Carton,810142922357,810142922357,5,20,Disposable e-cigarette device,Tropical Punch,2025-10-10
MH Global LLC,Streamline Vape Co. LLC,JUICE HEAD MAXX - Watermelon Strawberry 20mg/20mL 5 Pack Carton,810142922364,810142922364,5,20,Disposable e-cigarette device,Watermelon Strawberry,2025-10-10
MH Global LLC,Streamline Vape Co. LLC,JUICE HEAD MAXX - Fresh Mint 20mg/20mL Single Device,810142923507,810142923507,1,20,Disposable e-cigarette device,Fresh Mint,2025-10-10
MH Global LLC,Streamline Vape Co. LLC,JUICE HEAD MAXX - Kiwi Passionfruit Guava 20mg/20mL Single Device,810142922289,810142922289,1,20,Disposable e-cigarette device,Kiwi Passionfruit,2025-10-10
MH Global LLC,Streamline Vape Co. LLC,JUICE HEAD MAXX - Tropical Punch 20mg/20mL Single Device,810142922296,810142922296,1,20,Disposable e-cigarette device,Tropical Punch,2025-10-10
MH Global LLC,Streamline Vape Co. LLC,JUICE HEAD MAXX - Watermelon Strawberry 20mg/20mL Single Device,810142922302,810142922302,1,20,Disposable e-cigarette device,Watermelon Strawberry,2025-10-10
MH Global LLC,Streamline Vape Co. LLC,JUICE HEAD MAXX - Fresh Mint 50mg/20mL 200ct Mastercase,810142923484,810142923484,200,20,Disposable e-cigarette device,Fresh Mint,2025-10-10
MH Global LLC,Streamline Vape Co. LLC,JUICE HEAD MAXX - Kiwi Passionfruit Guava 50mg/20mL 200ct Mastercase,810142922227,810142922227,200,20,Disposable e-cigarette device,Kiwi Passionfruit,2025-10-10
MH Global LLC,Streamline Vape Co. LLC,JUICE HEAD MAXX - Tropical Punch 50mg/20mL 200ct Mastercase,810142922234,810142922234,200,20,Disposable e-cigarette device,Tropical Punch,2025-10-10
MH Global LLC,Streamline Vape Co. LLC,JUICE HEAD MAXX - Watermelon Strawberry 50mg/20mL 200ct Mastercase,810142922241,810142922241,200,20,Disposable e-cigarette device,Watermelon Strawberry,2025-10-10
MH Global LLC,Streamline Vape Co. LLC,JUICE HEAD MAXX - Fresh Mint 50mg/20mL 5 Pack Carton,810142923460,810142923460,5,20,Disposable e-cigarette device,Fresh Mint,2025-10-10
MH Global LLC,Streamline Vape Co. LLC,JUICE HEAD MAXX - Kiwi Passionfruit Guava 50mg/20mL 5 Pack Carton,810142922166,810142922166,5,20,Disposable e-cigarette device,Kiwi Passionfruit,2025-10-10
MH Global LLC,Streamline Vape Co. LLC,JUICE HEAD MAXX - Tropical Punch 50mg/20mL 5 Pack Carton,810142922173,810142922173,5,20,Disposable e-cigarette device,Tropical Punch,2025-10-10
MH Global LLC,Streamline Vape Co. LLC,JUICE HEAD MAXX - Watermelon Strawberry 50mg/20mL 5 Pack Carton,810142922180,810142922180,5,20,Disposable e-cigarette device,Watermelon Strawberry,2025-10-10
MH Global LLC,Streamline Vape Co. LLC,JUICE HEAD MAXX - Fresh Mint 50mg/20mL Single Device,810142923446,810142923446,1,20,Disposable e-cigarette device,Fresh Mint,2025-10-10
MH Global LLC,Streamline Vape Co. LLC,JUICE HEAD MAXX - Kiwi Passionfruit Guava 50mg/20mL Single Device,810142922104,810142922104,1,20,Disposable e-cigarette device,Kiwi Passionfruit,2025-10-10
MH Global LLC,Streamline Vape Co. LLC,JUICE HEAD MAXX - Tropical Punch 50mg/20mL Single Device,810142922111,810142922111,1,20,Disposable e-cigarette device,Tropical Punch,2025-10-10
MH Global LLC,Streamline Vape Co. LLC,JUICE HEAD MAXX - Watermelon Strawberry 50mg/20mL Single Device,810142922128,810142922128,1,20,Disposable e-cigarette device,Watermelon Strawberry,2025-10-10
MH Global LLC,Streamline Vape Co. LLC,JUICE HEAD MAXX FREEZE - Blueberry Lemon 50mg/20mL 200ct Mastercase,810142922258,810142922258,200,20,Disposable e-cigarette device,FREEZE - Blueberry Lemon,2025-10-10
MH Global LLC,Streamline Vape Co. LLC,JUICE HEAD MAXX FREEZE - Fresh Mint 50mg/20mL 200ct Mastercase,810142923491,810142923491,200,20,Disposable e-cigarette device,FREEZE - Fresh Mint,2025-10-10
MH Global LLC,Streamline Vape Co. LLC,JUICE HEAD MAXX FREEZE - Grape Cooler 50mg/20mL 200ct Mastercase,810142922265,810142922265,200,20,Disposable e-cigarette device,FREEZE - Grape Cooler,2025-10-10
MH Global LLC,Streamline Vape Co. LLC,JUICE HEAD MAXX FREEZE - Strawberry Peach 50mg/20mL 200ct Mastercase,810142922272,810142922272,200,20,Disposable e-cigarette device,FREEZE - Strawberry Peach,2025-10-10
MH Global LLC,Streamline Vape Co. LLC,JUICE HEAD MAXX FREEZE - Blueberry Lemon 20mg/20mL 200ct Mastercase,810142922432,810142922432,200,20,Disposable e-cigarette device,FREEZE - Blueberry Lemon,2025-10-10
MH Global LLC,Streamline Vape Co. LLC,JUICE HEAD MAXX FREEZE - Fresh Mint 20mg/20mL 200ct Mastercase,810142923552,810142923552,200,20,Disposable e-cigarette device,FREEZE - Fresh Mint,2025-10-10
MH Global LLC,Streamline Vape Co. LLC,JUICE HEAD MAXX FREEZE - Grape Cooler 20mg/20mL 200ct Mastercase,810142922449,810142922449,200,20,Disposable e-cigarette device,FREEZE - Grape Cooler,2025-10-10
MH Global LLC,Streamline Vape Co. LLC,JUICE HEAD MAXX FREEZE - Strawberry Peach 20mg/20mL 200ct Mastercase,810142922456,810142922456,200,20,Disposable e-cigarette device,FREEZE - Strawberry Peach,2025-10-10
MH Global LLC,Streamline Vape Co. LLC,JUICE HEAD MAXX FREEZE - Blueberry Lemon 50mg/20mL 5 Pack Carton,810142922197,810142922197,5,20,Disposable e-cigarette device,FREEZE - Blueberry Lemon,2025-10-10
MH Global LLC,Streamline Vape Co. LLC,JUICE HEAD MAXX FREEZE - Fresh Mint 50mg/20mL 5 Pack Carton,810142923477,810142923477,5,20,Disposable e-cigarette device,FREEZE - Fresh Mint,2025-10-10
MH Global LLC,Streamline Vape Co. LLC,JUICE HEAD MAXX FREEZE - Grape Cooler 50mg/20mL 5 Pack Carton,810142922203,810142922203,5,20,Disposable e-cigarette device,FREEZE - Grape Cooler,2025-10-10
MH Global LLC,Streamline Vape Co. LLC,JUICE HEAD MAXX FREEZE - Strawberry Peach 50mg/20mL 5 Pack Carton,810142922210,810142922210,5,20,Disposable e-cigarette device,FREEZE - Strawberry Peach,2025-10-10
MH Global LLC,Streamline Vape Co. LLC,JUICE HEAD MAXX FREEZE - Blueberry Lemon 20mg/20mL 5 Pack Carton,810142922371,810142922371,5,20,Disposable e-cigarette device,FREEZE - Blueberry Lemon,2025-10-10
MH Global LLC,Streamline Vape Co. LLC,JUICE HEAD MAXX FREEZE - Fresh Mint 20mg/20mL 5 Pack Carton,810142923538,810142923538,5,20,Disposable e-cigarette device,FREEZE - Fresh Mint,2025-10-10
MH Global LLC,Streamline Vape Co. LLC,JUICE HEAD MAXX FREEZE - Grape Cooler 20mg/20mL 5 Pack Carton,810142922388,810142922388,5,20,Disposable e-cigarette device,FREEZE - Grape Cooler,2025-10-10
MH Global LLC,Streamline Vape Co. LLC,JUICE HEAD MAXX FREEZE - Strawberry Peach 20mg/20mL 5 Pack Carton,810142922395,810142922395,5,20,Disposable e-cigarette device,FREEZE - Strawberry Peach,2025-10-10
MH Global LLC,Streamline Vape Co. LLC,JUICE HEAD MAXX FREEZE - Blueberry Lemon 50mg/20mL Single Device,810142922135,810142922135,1,20,Disposable e-cigarette device,FREEZE - Blueberry Lemon,2025-10-10
MH Global LLC,Streamline Vape Co. LLC,JUICE HEAD MAXX FREEZE - Fresh Mint 50mg/20mL Single Device,810142923453,810142923453,1,20,Disposable e-cigarette device,FREEZE - Fresh Mint,2025-10-10
MH Global LLC,Streamline Vape Co. LLC,JUICE HEAD MAXX FREEZE - Grape Cooler 50mg/20mL Single Device,810142922142,810142922142,1,20,Disposable e-cigarette device,FREEZE - Grape Cooler,2025-10-10
MH Global LLC,Streamline Vape Co. LLC,JUICE HEAD MAXX FREEZE - Strawberry Peach 50mg/20mL Single Device,810142922159,810142922159,1,20,Disposable e-cigarette device,FREEZE - Strawberry Peach,2025-10-10
MH Global LLC,Streamline Vape Co. LLC,JUICE HEAD MAXX FREEZE - Blueberry Lemon 20mg/20mL Single Device,810142922319,810142922319,1,20,Disposable e-cigarette device,FREEZE - Blueberry Lemon,2025-10-10
MH Global LLC,Streamline Vape Co. LLC,JUICE HEAD MAXX FREEZE - Fresh Mint 20mg/20mL Single Device,810142923514,810142923514,1,20,Disposable e-cigarette device,FREEZE - Fresh Mint,2025-10-10
MH Global LLC,Streamline Vape Co. LLC,JUICE HEAD MAXX FREEZE - Grape Cooler 20mg/20mL Single Device,810142922326,810142922326,1,20,Disposable e-cigarette device,FREEZE - Grape Cooler,2025-10-10
MH Global LLC,Streamline Vape Co. LLC,JUICE HEAD MAXX FREEZE - Strawberry Peach 20mg/20mL Single Device,810142922333,810142922333,1,20,Disposable e-cigarette device,FREEZE - Strawberry Peach,2025-10-10
MH Global LLC,Streamline Vape Co. LLC,JUICE HEAD 30K - Cherry Apple 5 Pack 50mg Carton,810142925815,810142925815,5,24,Disposable e-cigarette device,Cherry Apple,2025-10-10
MH Global LLC,Streamline Vape Co. LLC,JUICE HEAD 30K - Cool Mint 5 Pack 50mg Carton,810142925822,810142925822,5,24,Disposable e-cigarette device,Cool Mint,2025-10-10
MH Global LLC,Streamline Vape Co. LLC,JUICE HEAD 30K - Grape Pop 5 Pack 50mg Carton,810142925839,810142925839,5,24,Disposable e-cigarette device,Grape Pop,2025-10-10
MH Global LLC,Streamline Vape Co. LLC,JUICE HEAD 30K - Peach Berry 5 Pack 50mg Carton,810142925853,810142925853,5,24,Disposable e-cigarette device,Peach Berry,2025-10-10
MH Global LLC,Streamline Vape Co. LLC,JUICE HEAD 30K - Rainbow Swirl 5 Pack 50mg Carton,810142925891,810142925891,5,24,Disposable e-cigarette device,Rainbow Swirl,2025-10-10
MH Global LLC,Streamline Vape Co. LLC,JUICE HEAD 30K - Strawberry Banana 5 Pack 50mg Carton,810142925907,810142925907,5,24,Disposable e-cigarette device,Strawberry Banana,2025-10-10
MH Global LLC,Streamline Vape Co. LLC,JUICE HEAD 30K - Strawberry Kiwi 5 Pack 50mg Carton,810142925914,810142925914,5,24,Disposable e-cigarette device,Strawberry Kiwi,2025-10-10
MH Global LLC,Streamline Vape Co. LLC,JUICE HEAD 30K - Watermelon Strawberry 5 Pack 50mg Carton,810142925921,810142925921,5,24,Disposable e-cigarette device,Watermelon Strawberry,2025-10-10
MH Global LLC,Streamline Vape Co. LLC,JUICE HEAD 30K - Cherry Apple 50mg Mastercase,810142925945,810142925945,150,24,Disposable e-cigarette device,Cherry Apple,2025-10-10
MH Global LLC,Streamline Vape Co. LLC,JUICE HEAD 30K - Cool Mint 50mg Mastercase,810142925952,810142925952,150,24,Disposable e-cigarette device,Cool Mint,2025-10-10
MH Global LLC,Streamline Vape Co. LLC,JUICE HEAD 30K - Grape Pop 50mg Mastercase,810142925969,810142925969,150,24,Disposable e-cigarette device,Grape Pop,2025-10-10
MH Global LLC,Streamline Vape Co. LLC,JUICE HEAD 30K - Peach Berry 50mg Mastercase,810142925983,810142925983,150,24,Disposable e-cigarette device,Peach Berry,2025-10-10
MH Global LLC,Streamline Vape Co. LLC,JUICE HEAD 30K - Rainbow Swirl 50mg Mastercase,810142926027,810142926027,150,24,Disposable e-cigarette device,Rainbow Swirl,2025-10-10
MH Global LLC,Streamline Vape Co. LLC,JUICE HEAD 30K - Strawberry Banana 50mg Mastercase,810142926034,810142926034,150,24,Disposable e-cigarette device,Strawberry Banana,2025-10-10
MH Global LLC,Streamline Vape Co. LLC,JUICE HEAD 30K - Strawberry Kiwi 50mg Mastercase,810142926041,810142926041,150,24,Disposable e-cigarette device,Strawberry Kiwi,2025-10-10
MH Global LLC,Streamline Vape Co. LLC,JUICE HEAD 30K - Watermelon Strawberry 50mg Mastercase,810142926058,810142926058,150,24,Disposable e-cigarette device,Watermelon Strawberry,2025-10-10
MH Global LLC,Streamline Vape Co. LLC,JUICE HEAD 30K - Cherry Apple Single 50mg Device,810142925686,810142925686,1,24,Disposable e-cigarette device,Cherry Apple,2025-10-10
MH Global LLC,Streamline Vape Co. LLC,JUICE HEAD 30K - Cool Mint Single 50mg Device,810142925693,810142925693,1,24,Disposable e-cigarette device,Cool Mint,2025-10-10
MH Global LLC,Streamline Vape Co. LLC,JUICE HEAD 30K - Grape Pop Single 50mg Device,810142925709,810142925709,1,24,Disposable e-cigarette device,Grape Pop,2025-10-10
MH Global LLC,Streamline Vape Co. LLC,JUICE HEAD 30K - Peach Berry Single 50mg Device,810142925723,810142925723,1,24,Disposable e-cigarette device,Peach Berry,2025-10-10
MH Global LLC,Streamline Vape Co. LLC,JUICE HEAD 30K - Rainbow Swirl Single 50mg Device,810142925761,810142925761,1,24,Disposable e-cigarette device,Rainbow Swirl,2025-10-10
MH Global LLC,Streamline Vape Co. LLC,JUICE HEAD 30K - Strawberry Banana Single 50mg Device,810142925778,810142925778,1,24,Disposable e-cigarette device,Strawberry Banana,2025-10-10
MH Global LLC,Streamline Vape Co. LLC,JUICE HEAD 30K - Strawberry Kiwi Single 50mg Device,810142925785,810142925785,1,24,Disposable e-cigarette device,Strawberry Kiwi,2025-10-10
MH Global LLC,Streamline Vape Co. LLC,JUICE HEAD 30K - Watermelon Strawberry Single 50mg Device,810142925792,810142925792,1,24,Disposable e-cigarette device,Watermelon Strawberry,2025-10-10
MH Global LLC,Streamline Vape Co. LLC,JUICE HEAD 30K - Cherry Apple Ice 5 Pack 50mg Carton,810142926492,810142926492,5,24,Disposable e-cigarette device,Cherry Apple Ice,2025-10-10
MH Global LLC,Streamline Vape Co. LLC,JUICE HEAD 30K - Grape Pop Ice 5 Pack 50mg Carton,810142925846,810142925846,5,24,Disposable e-cigarette device,Grape Pop Ice,2025-10-10
MH Global LLC,Streamline Vape Co. LLC,JUICE HEAD 30K - Lush Ice 5 Pack 50mg Carton,810142925884,810142925884,5,24,Disposable e-cigarette device,Lush Ice,2025-10-10
MH Global LLC,Streamline Vape Co. LLC,JUICE HEAD 30K - Peach Berry Ice 5 Pack 50mg Carton,810142925860,810142925860,5,24,Disposable e-cigarette device,Peach Berry Ice,2025-10-10
MH Global LLC,Streamline Vape Co. LLC,JUICE HEAD 30K - Peach Mango Ice 5 Pack 50mg Carton,810142925877,810142925877,5,24,Disposable e-cigarette device,Peach Mango Ice,2025-10-10
MH Global LLC,Streamline Vape Co. LLC,JUICE HEAD 30K - Watermelon Strawberry Ice 5 Pack 50mg Carton,810142925938,810142925938,5,24,Disposable e-cigarette device,Watermelon Strawberry Ice,2025-10-10
MH Global LLC,Streamline Vape Co. LLC,JUICE HEAD 30K - Cherry Apple Ice Single 50mg Device,810142926485,810142926485,1,24,Disposable e-cigarette device,Cherry Apple Ice,2025-10-10
MH Global LLC,Streamline Vape Co. LLC,JUICE HEAD 30K - Grape Pop Ice Single 50mg Device,810142925716,810142925716,1,24,Disposable e-cigarette device,Grape Pop Ice,2025-10-10
MH Global LLC,Streamline Vape Co. LLC,JUICE HEAD 30K - Lush Ice Single 50mg Device,810142925754,810142925754,1,24,Disposable e-cigarette device,Lush Ice,2025-10-10
MH Global LLC,Streamline Vape Co. LLC,JUICE HEAD 30K - Peach Berry Ice Single 50mg Device,810142925730,810142925730,1,24,Disposable e-cigarette device,Peach Berry Ice,2025-10-10
MH Global LLC,Streamline Vape Co. LLC,JUICE HEAD 30K - Peach Mango Ice Single 50mg Device,810142925747,810142925747,1,24,Disposable e-cigarette device,Peach Mango Ice,2025-10-10
MH Global LLC,Streamline Vape Co. LLC,JUICE HEAD 30K - Watermelon Strawberry Ice Single 50mg Device,810142925808,810142925808,1,24,Disposable e-cigarette device,Watermelon Strawberry Ice,2025-10-10
MH Global LLC,Streamline Vape Co. LLC,JUICE HEAD 30K - Cherry Apple 20mg Mastercase,810142928953,810142928953,150,24,Disposable e-cigarette device,Cherry Apple,2025-10-10
MH Global LLC,Streamline Vape Co. LLC,JUICE HEAD 30K - Cool Mint 20mg Mastercase,810142928960,810142928960,150,24,Disposable e-cigarette device,Cool Mint,2025-10-10
MH Global LLC,Streamline Vape Co. LLC,JUICE HEAD 30K - Grape Pop 20mg Mastercase,810142928977,810142928977,150,24,Disposable e-cigarette device,Grape Pop,2025-10-10
MH Global LLC,Streamline Vape Co. LLC,JUICE HEAD 30K - Peach Berry 20mg Mastercase,810142928984,810142928984,150,24,Disposable e-cigarette device,Peach Berry,2025-10-10
MH Global LLC,Streamline Vape Co. LLC,JUICE HEAD 30K - Peach Mango Ice 20mg Mastercase,810142926393,810142926393,150,24,Disposable e-cigarette device,Peach Mango Ice,2025-10-10
MH Global LLC,Streamline Vape Co. LLC,JUICE HEAD 30K - Rainbow Swirl 20mg Mastercase,810142928991,810142928991,150,24,Disposable e-cigarette device,Rainbow Swirl,2025-10-10
MH Global LLC,Streamline Vape Co. LLC,JUICE HEAD 30K - Strawberry Banana 20mg Mastercase,810142929004,810142929004,150,24,Disposable e-cigarette device,Strawberry Banana,2025-10-10
MH Global LLC,Streamline Vape Co. LLC,JUICE HEAD 30K - Strawberry Kiwi 20mg Mastercase,810142929011,810142929011,150,24,Disposable e-cigarette device,Strawberry Kiwi,2025-10-10
MH Global LLC,Streamline Vape Co. LLC,JUICE HEAD 30K - Watermelon Strawberry 20mg Mastercase,810142929028,810142929028,150,24,Disposable e-cigarette device,Watermelon Strawberry,2025-10-10
MH Global LLC,Streamline Vape Co. LLC,JUICE HEAD FLEX FREEZE - Sour Apple 50mg 5ct Carton,840478501667,840478501667,5,24,Disposable e-cigarette device,Sour Apple,2025-10-10
MH Global LLC,Streamline Vape Co. LLC,JUICE HEAD FLEX FREEZE - Cherry Bomb 50mg 150ct Mastercase,840478502787,840478502787,150,24,Disposable e-cigarette device,Cherry Bomb,2025-10-10
MH Global LLC,Streamline Vape Co. LLC,JUICE HEAD FLEX FREEZE - Cherry Bomb 50mg 5ct Carton,840478501605,840478501605,5,24,Disposable e-cigarette device,Cherry Bomb,2025-10-10
MH Global LLC,Streamline Vape Co. LLC,JUICE HEAD FLEX FREEZE - Cherry Bomb 50mg Single Device,840478501490,840478501490,1,24,Disposable e-cigarette device,Cherry Bomb,2025-10-10
MH Global LLC,Streamline Vape Co. LLC,JUICE HEAD FLEX FREEZE - Meta Moon 50mg 150ct Mastercase,840478502794,840478502794,150,24,Disposable e-cigarette device,Meta Moon,2025-10-10
MH Global LLC,Streamline Vape Co. LLC,JUICE HEAD FLEX FREEZE - Meta Moon 50mg 5ct Carton,840478501612,840478501612,5,24,Disposable e-cigarette device,Meta Moon,2025-10-10
MH Global LLC,Streamline Vape Co. LLC,JUICE HEAD FLEX FREEZE - Meta Moon 50mg Single Device,840478501506,840478501506,1,24,Disposable e-cigarette device,Meta Moon,2025-10-10
MH Global LLC,Streamline Vape Co. LLC,JUICE HEAD FLEX FREEZE - Mexico Mango 50mg 150ct Mastercase,840478502800,840478502800,150,24,Disposable e-cigarette device,Mexico Mango,2025-10-10
MH Global LLC,Streamline Vape Co. LLC,JUICE HEAD FLEX FREEZE - Mexico Mango 50mg 5ct Carton,840478501629,840478501629,5,24,Disposable e-cigarette device,Mexico Mango,2025-10-10
MH Global LLC,Streamline Vape Co. LLC,JUICE HEAD FLEX FREEZE - Mexico Mango 50mg Single Device,840478501513,840478501513,1,24,Disposable e-cigarette device,Mexico Mango,2025-10-10
MH Global LLC,Streamline Vape Co. LLC,JUICE HEAD FLEX FREEZE - Miami Mint 50mg 150ct Mastercase,840478502817,840478502817,150,24,Disposable e-cigarette device,Miami Mint,2025-10-10
MH Global LLC,Streamline Vape Co. LLC,JUICE HEAD FLEX FREEZE - Miami Mint 50mg 5ct Carton,840478501636,840478501636,5,24,Disposable e-cigarette device,Miami Mint,2025-10-10
MH Global LLC,Streamline Vape Co. LLC,JUICE HEAD FLEX FREEZE - Miami Mint 50mg Single Device,840478501520,840478501520,1,24,Disposable e-cigarette device,Miami Mint,2025-10-10
MH Global LLC,Streamline Vape Co. LLC,JUICE HEAD FLEX FREEZE - Raspberry Limeade 50mg 150ct Mastercase,840478502824,840478502824,150,24,Disposable e-cigarette device,Raspberry Lemonade,2025-10-10
MH Global LLC,Streamline Vape Co. LLC,JUICE HEAD FLEX FREEZE - Raspberry Limeade 50mg 5ct Carton,840478501643,840478501643,5,24,Disposable e-cigarette device,Raspberry Lemonade,2025-10-10
MH Global LLC,Streamline Vape Co. LLC,JUICE HEAD FLEX FREEZE - Raspberry Limeade 50mg Single Device,840478501537,840478501537,1,24,Disposable e-cigarette device,Raspberry Lemonade,2025-10-10
MH Global LLC,Streamline Vape Co. LLC,JUICE HEAD FLEX FREEZE - Sour Apple 50mg 150ct Mastercase,840478502831,840478502831,150,24,Disposable e-cigarette device,Sour Apple,2025-10-10
MH Global LLC,Streamline Vape Co. LLC,JUICE HEAD FLEX FREEZE - Sour Apple 50mg Single Device,840478501551,840478501551,1,24,Disposable e-cigarette device,Sour Apple,2025-10-10
MH Global LLC,Streamline Vape Co. LLC,JUICE HEAD FLEX FREEZE - Sour Fcuking Fab 50mg 150ct Mastercase,840478502848,840478502848,150,24,Disposable e-cigarette device,Sour Fcuking Fab,2025-10-10
MH Global LLC,Streamline Vape Co. LLC,JUICE HEAD FLEX FREEZE - Sour Fcuking Fab 50mg 5ct Carton,840478501674,840478501674,5,24,Disposable e-cigarette device,Sour Fcuking Fab,2025-10-10
MH Global LLC,Streamline Vape Co. LLC,JUICE HEAD FLEX FREEZE - Sour Fcuking Fab 50mg Single Device,840478501568,840478501568,1,24,Disposable e-cigarette device,Sour Fcuking Fab,2025-10-10
MH Global LLC,Streamline Vape Co. LLC,JUICE HEAD FLEX FREEZE - Strawberry Banana 50mg 150ct Mastercase,840478502855,840478502855,150,24,Disposable e-cigarette device,Strawberry Banana,2025-10-10
MH Global LLC,Streamline Vape Co. LLC,JUICE HEAD FLEX FREEZE - Strawberry Banana 50mg 5ct Carton,840478501681,840478501681,5,24,Disposable e-cigarette device,Strawberry Banana,2025-10-10
MH Global LLC,Streamline Vape Co. LLC,JUICE HEAD FLEX FREEZE - Strawberry Banana 50mg Single Device,840478501575,840478501575,1,24,Disposable e-cigarette device,Strawberry Banana,2025-10-10
MH Global LLC,Streamline Vape Co. LLC,JUICE HEAD FLEX FREEZE - White Peach Raspberry 50mg 150ct Mastercase,840478502862,840478502862,150,24,Disposable e-cigarette device,White Peach Raspberry,2025-10-10
MH Global LLC,Streamline Vape Co. LLC,JUICE HEAD FLEX FREEZE - White Peach Raspberry 50mg 5ct Carton,840478501698,840478501698,5,24,Disposable e-cigarette device,White Peach Raspberry,2025-10-10
MH Global LLC,Streamline Vape Co. LLC,JUICE HEAD FLEX FREEZE - White Peach Raspberry 50mg Single Device,840478501582,840478501582,1,24,Disposable e-cigarette device,White Peach Raspberry,2025-10-10
MH Global LLC,Streamline Vape Co. LLC,Juice Head Desserts - Sweet Cream 35mg/30mL,810142928380,810142928380,1,30,E-liquid,Sweet Cream,2026-06-30
MH Global LLC,Streamline Vape Co. LLC,Juice Head Desserts - Sweet Cream 50mg/30mL,810142928397,810142928397,1,30,E-liquid,Sweet Cream,2026-06-30
MH Global LLC,Streamline Vape Co. LLC,Juice Head Desserts - Birthday Batter 35mg/30mL,810142928403,810142928403,1,30,E-liquid,Cake Batter,2026-06-30
MH Global LLC,Streamline Vape Co. LLC,Juice Head Desserts - Birthday Batter 50mg/30mL,810142928410,810142928410,1,30,E-liquid,Cake Batter,2026-06-30
MH Global LLC,Streamline Vape Co. LLC,Juice Head Desserts - Fruity Cream 35mg/30mL,810142928427,810142928427,1,30,E-liquid,Fruity Cream,2026-06-30
MH Global LLC,Streamline Vape Co. LLC,Juice Head Desserts - Fruity Cream 50mg/30mL,810142928434,810142928434,1,30,E-liquid,Fruity Cream,2026-06-30
MH Global LLC,Streamline Vape Co. LLC,Juice Head Desserts - Strawberry Cream 35mg/30mL,810142928441,810142928441,1,30,E-liquid,Strawberry Cream,2026-06-30
MH Global LLC,Streamline Vape Co. LLC,Juice Head Desserts - Strawberry Cream 50mg/30mL,810142928458,810142928458,1,30,E-liquid,Strawberry Cream,2026-06-30
MH Global LLC,Streamline Vape Co. LLC,Juice Head - Tobacco 3mg/100mL,840478505009,840478505009,1,100,E-liquid,Tobacco,2026-06-30
MH Global LLC,Streamline Vape Co. LLC,Juice Head - Tobacco 6mg/100mL,840478505016,840478505016,1,100,E-liquid,Tobacco,2026-06-30
MH Global LLC,Streamline Vape Co. LLC,Juice Head - Cool Mint 3mg/100mL,840478505030,840478505030,1,100,E-liquid,Cool Mint,2026-06-30
MH Global LLC,Streamline Vape Co. LLC,Juice Head - Cool Mint 6mg/100mL,840478505047,840478505047,1,100,E-liquid,Cool Mint,2026-06-30
MH Global LLC,Streamline Vape Co. LLC,Juice Head - Arctic Menthol 3mg/100mL,840478505061,840478505061,1,100,E-liquid,Arctic Menthol,2026-06-30
MH Global LLC,Streamline Vape Co. LLC,Juice Head - Arctic Menthol 6mg/100mL,840478505078,840478505078,1,100,E-liquid,Arctic Menthol,2026-06-30
MH Global LLC,Streamline Vape Co. LLC,Juice Head Salts - Tobacco 25mg/30mL,840478505085,840478505085,1,30,E-liquid,Tobacco,2026-06-30
MH Global LLC,Streamline Vape Co. LLC,Juice Head Salts - Tobacco 50mg/30mL,840478505092,840478505092,1,30,E-liquid,Tobacco,2026-06-30
MH Global LLC,Streamline Vape Co. LLC,Juice Head Salts - Cool Mint 25mg/30mL,840478505108,840478505108,1,30,E-liquid,Cool Mint,2026-06-30
MH Global LLC,Streamline Vape Co. LLC,Juice Head Salts - Cool Mint 50mg/30mL,840478505115,840478505115,1,30,E-liquid,Cool Mint,2026-06-30
MH Global LLC,Streamline Vape Co. LLC,Juice Head Salts - Arctic Menthol 25mg/30mL,840478505122,840478505122,1,30,E-liquid,Arctic Menthol,2026-06-30
MH Global LLC,Streamline Vape Co. LLC,Juice Head Salts - Arctic Menthol 50mg/30mL,840478505139,840478505139,1,30,E-liquid,Arctic Menthol,2026-06-30
MH Global LLC,Streamline Vape Co. LLC,Juice Head Flex Freeze - Blue Razz 50mg 5ct Carton,840478506969,840478506969,5,24,Disposable e-cigarette device,Blue Razz,2026-06-30
MH Global LLC,Streamline Vape Co. LLC,Juice Head Flex Freeze - Blue Razz 50mg 150ct Mastercase,840478506976,840478506976,150,24,Disposable e-cigarette device,Blue Razz,2026-06-30
MH Global LLC,Streamline Vape Co. LLC,Juice Head Flex Freeze - Blue Razz 50mg Single Device,840478506952,840478506952,1,24,Disposable e-cigarette device,Blue Razz,2026-06-30
MH Global LLC,Streamline Vape Co. LLC,Juice Head Flex Freeze - Blueberry Lemon 50mg 5ct Carton,840478507140,840478507140,5,24,Disposable e-cigarette device,Blueberry Lemon,2026-06-30
MH Global LLC,Streamline Vape Co. LLC,Juice Head Flex Freeze - Blueberry Lemon 50mg 150ct Mastercase,840478507157,840478507157,150,24,Disposable e-cigarette device,Blueberry Lemon,2026-06-30
MH Global LLC,Streamline Vape Co. LLC,Juice Head Flex Freeze - Blueberry Lemon 50mg Single Device,840478507133,840478507133,1,24,Disposable e-cigarette device,Blueberry Lemon,2026-06-30
MH Global LLC,Streamline Vape Co. LLC,Juice Head Flex Freeze - Strawberry Chew 50mg 5ct Carton,840478507027,840478507027,5,24,Disposable e-cigarette device,Strawberry Chew,2026-06-30
MH Global LLC,Streamline Vape Co. LLC,Juice Head Flex Freeze - Strawberry Chew 50mg 150ct Mastercase,840478507034,840478507034,150,24,Disposable e-cigarette device,Strawberry Chew,2026-06-30
MH Global LLC,Streamline Vape Co. LLC,Juice Head Flex Freeze - Strawberry Chew 50mg Single Device,840478507010,840478507010,1,24,Disposable e-cigarette device,Strawberry Chew,2026-06-30
MH Global LLC,Streamline Vape Co. LLC,Juice Head Flex Clear - Clear 50mg 5ct Carton,840478502886,840478502886,5,24,Disposable e-cigarette device,Clear,2026-06-30
MH Global LLC,Streamline Vape Co. LLC,Juice Head Flex Clear - Clear 50mg 150ct Mastercase,840478502893,840478502893,150,24,Disposable e-cigarette device,Clear,2026-06-30
MH Global LLC,Streamline Vape Co. LLC,Juice Head Flex Clear - Clear 50mg Single Device,840478502879,840478502879,1,24,Disposable e-cigarette device,Clear,2026-06-30
MH Global LLC,Streamline Vape Co. LLC,Juice Head Flex Tobacco - Bold Tobacco 50mg 5ct Carton,840478507201,840478507201,5,24,Disposable e-cigarette device,Bold Tobacco,2026-06-30
MH Global LLC,Streamline Vape Co. LLC,Juice Head Flex Tobacco - Bold Tobacco 50mg 150ct Mastercase,840478507218,840478507218,150,24,Disposable e-cigarette device,Bold Tobacco,2026-06-30
MH Global LLC,Streamline Vape Co. LLC,Juice Head Flex Tobacco - Bold Tobacco 50mg Single Device,840478507195,840478507195,1,24,Disposable e-cigarette device,Bold Tobacco,2026-06-30
MH Global LLC,Streamline Vape Co. LLC,Juice Head Flex Tobacco - Rich Tobacco 50mg 5ct Carton,840478507232,840478507232,5,24,Disposable e-cigarette device,Rich Tobacco,2026-06-30
MH Global LLC,Streamline Vape Co. LLC,Juice Head Flex Tobacco - Rich Tobacco 50mg 150ct Mastercase,840478507249,840478507249,150,24,Disposable e-cigarette device,Rich Tobacco,2026-06-30
MH Global LLC,Streamline Vape Co. LLC,Juice Head Flex Tobacco - Rich Tobacco 50mg Single Device,840478507225,840478507225,1,24,Disposable e-cigarette device,Rich Tobacco,2026-06-30
MH Global LLC,Streamline Vape Co. LLC,JUICE HEAD iFlex- Cherry Bomb 50mg 150ct Mastercase,840478506617,840478506617,150,24,Disposable e-cigarette device,Cherry Bomb,2026-06-30
MH Global LLC,Streamline Vape Co. LLC,JUICE HEAD iFlex- Cherry Bomb 50mg 5ct Carton,840478506358,840478506358,5,24,Disposable e-cigarette device,Cherry Bomb,2026-06-30
MH Global LLC,Streamline Vape Co. LLC,JUICE HEAD iFlex- Cherry Bomb 50mg Single Device,840478506235,840478506235,1,24,Disposable e-cigarette device,Cherry Bomb,2026-06-30
MH Global LLC,Streamline Vape Co. LLC,JUICE HEAD iFlex- Meta Moon 50mg 150ct Mastercase,840478506624,840478506624,150,24,Disposable e-cigarette device,Meta Moon,2026-06-30
MH Global LLC,Streamline Vape Co. LLC,JUICE HEAD iFlex- Meta Moon 50mg 5ct Carton,840478506365,840478506365,5,24,Disposable e-cigarette device,Meta Moon,2026-06-30
MH Global LLC,Streamline Vape Co. LLC,JUICE HEAD iFlex- Meta Moon 50mg Single Device,840478506242,840478506242,1,24,Disposable e-cigarette device,Meta Moon,2026-06-30
MH Global LLC,Streamline Vape Co. LLC,JUICE HEAD iFlex- Mexico Mango 50mg 150ct Mastercase,840478506631,840478506631,150,24,Disposable e-cigarette device,Mexico Mango,2026-06-30
MH Global LLC,Streamline Vape Co. LLC,JUICE HEAD iFlex - Mexico Mango 50mg 5ct Carton,840478506372,840478506372,5,24,Disposable e-cigarette device,Mexico Mango,2026-06-30
MH Global LLC,Streamline Vape Co. LLC,JUICE HEAD iFlex- Mexico Mango 50mg Single Device,840478506259,840478506259,1,24,Disposable e-cigarette device,Mexico Mango,2026-06-30
MH Global LLC,Streamline Vape Co. LLC,JUICE HEAD iFlex- Miami Mint 50mg 150ct Mastercase,840478506648,840478506648,150,24,Disposable e-cigarette device,Miami Mint,2026-06-30
MH Global LLC,Streamline Vape Co. LLC,JUICE HEAD iFlex- Miami Mint 50mg 5ct Carton,840478506389,840478506389,5,24,Disposable e-cigarette device,Miami Mint,2026-06-30
MH Global LLC,Streamline Vape Co. LLC,JUICE HEAD iFlex- Miami Mint 50mg Single Device,840478506266,840478506266,1,24,Disposable e-cigarette device,Miami Mint,2026-06-30
MH Global LLC,Streamline Vape Co. LLC,JUICE HEAD iFlex- Raspberry Limeade 50mg 150ct Mastercase,840478506655,840478506655,150,24,Disposable e-cigarette device,Raspberry Limeade,2026-06-30
MH Global LLC,Streamline Vape Co. LLC,JUICE HEAD iFlex - Raspberry Limeade 50mg 5ct Carton,840478506396,840478506396,5,24,Disposable e-cigarette device,Raspberry Limeade,2026-06-30
MH Global LLC,Streamline Vape Co. LLC,JUICE HEAD iFlex- Raspberry Limeade 50mg Single Device,840478506273,840478506273,1,24,Disposable e-cigarette device,Raspberry Limeade,2026-06-30
MH Global LLC,Streamline Vape Co. LLC,JUICE HEAD iFlex - Sour Apple 50mg 150ct Mastercase,840478506662,840478506662,150,24,Disposable e-cigarette device,Sour Apple,2026-06-30
MH Global LLC,Streamline Vape Co. LLC,JUICE HEAD iFlex - Sour Apple 50mg 5ct Carton,840478506419,840478506419,5,24,Disposable e-cigarette device,Sour Apple,2026-06-30
MH Global LLC,Streamline Vape Co. LLC,JUICE HEAD iFlex - Sour Apple 50mg Single Device,840478506297,840478506297,1,24,Disposable e-cigarette device,Sour Apple,2026-06-30
MH Global LLC,Streamline Vape Co. LLC,JUICE HEAD iFlex - Sour Fab 50mg 150ct Mastercase,840478506679,840478506679,150,24,Disposable e-cigarette device,Sour Fab,2026-06-30
MH Global LLC,Streamline Vape Co. LLC,JUICE HEAD iFlex - Sour Fab 50mg 5ct Carton,840478506426,840478506426,5,24,Disposable e-cigarette device,Sour Fab,2026-06-30
MH Global LLC,Streamline Vape Co. LLC,JUICE HEAD iFlex- Sour Fab 50mg Single Device,840478506303,840478506303,1,24,Disposable e-cigarette device,Sour Fab,2026-06-30
MH Global LLC,Streamline Vape Co. LLC,JUICE HEAD iFlex- Strawberry Banana 50mg 150ct Mastercase,840478506686,840478506686,150,24,Disposable e-cigarette device,Strawberry Banana,2026-06-30
MH Global LLC,Streamline Vape Co. LLC,JUICE HEAD iFlex- Strawberry Banana 50mg 5ct Carton,840478506433,840478506433,5,24,Disposable e-cigarette device,Strawberry Banana,2026-06-30
MH Global LLC,Streamline Vape Co. LLC,JUICE HEAD iFlex - Strawberry Banana 50mg Single Device,840478506310,840478506310,1,24,Disposable e-cigarette device,Strawberry Banana,2026-06-30
MH Global LLC,Streamline Vape Co. LLC,JUICE HEAD iFlex - White Peach Raspberry 50mg 150ct Mastercase,840478506693,840478506693,150,24,Disposable e-cigarette device,White Peach Raspberry,2026-06-30
MH Global LLC,Streamline Vape Co. LLC,JUICE HEAD iFlex - White Peach Raspberry 50mg 5ct Carton,840478506440,840478506440,5,24,Disposable e-cigarette device,White Peach Raspberry,2026-06-30
MH Global LLC,Streamline Vape Co. LLC,JUICE HEAD iFlex - White Peach Raspberry 50mg Single Device,840478506327,840478506327,1,24,Disposable e-cigarette device,White Peach Raspberry,2026-06-30
Mister-E-Liquid,Mister-E-Liquid,"MEL ""RY4"" Vape Juice 3 mg/ml",3.011.005.30.03,855889008889,1,30,E-liquid,Tobacco,2025-10-01
Mister-E-Liquid,Mister-E-Liquid,"MEL ""RY4"" Vape Juice 6 mg/ml",3.011.005.30.06,855889008896,1,30,E-liquid,Tobacco,2025-10-01
Mister-E-Liquid,Mister-E-Liquid,"MEL ""RY4"" Vape Juice 12 mg/ml",3.011.005.30.12,855889008902,1,30,E-liquid,Tobacco,2025-10-01
Mister-E-Liquid,Mister-E-Liquid,"MEL ""RY4"" Vape Juice 18 mg/ml",3.011.005.30.18,850016928269,1,30,E-liquid,Tobacco,2025-10-01
Mister-E-Liquid,Mister-E-Liquid,"MEL ""RY4"" Vape Juice 24 mg/ml",3.011.005.30.24,855889008919,1,30,E-liquid,Tobacco,2025-10-01
Mister-E-Liquid,Mister-E-Liquid,"MEL ""Grey Matter"" Vape Juice 3 mg/ml",3.011.006.30.03,855889008780,1,30,E-liquid,Tobacco,2025-10-01
Mister-E-Liquid,Mister-E-Liquid,"MEL ""Grey Matter"" Vape Juice 6 mg/ml",3.011.006.30.06,855889008766,1,30,E-liquid,Tobacco,2025-10-01
Mister-E-Liquid,Mister-E-Liquid,"MEL ""Grey Matter"" Vape Juice 12 mg/ml",3.011.006.30.12,855889008759,1,30,E-liquid,Tobacco,2025-10-01
Mister-E-Liquid,Mister-E-Liquid,"MEL ""Grey Matter"" Vape Juice 18 mg/ml",3.011.006.30.18,850016928276,1,30,E-liquid,Tobacco,2025-10-01
Mister-E-Liquid,Mister-E-Liquid,"MEL ""Grey Matter"" Vape Juice 24 mg/ml",3.011.006.30.24,855889008711,1,30,E-liquid,Tobacco,2025-10-01
Mister-E-Liquid,Mister-E-Liquid,"MEL ""American Blend"" Vape Juice 3 mg/ml",3.011.008.30.03,855889008971,1,30,E-liquid,Tobacco,2025-10-01
Mister-E-Liquid,Mister-E-Liquid,"MEL ""American Blend"" Vape Juice 6 mg/ml",3.011.008.30.06,855889008988,1,30,E-liquid,Tobacco,2025-10-01
Mister-E-Liquid,Mister-E-Liquid,"MEL ""American Blend"" Vape Juice 12 mg/ml",3.011.008.30.12,855889008995,1,30,E-liquid,Tobacco,2025-10-01
Mister-E-Liquid,Mister-E-Liquid,"MEL ""American Blend"" Vape Juice 18 mg/ml",3.011.008.30.18,850016928290,1,30,E-liquid,Tobacco,2025-10-01
Mister-E-Liquid,Mister-E-Liquid,"MEL ""American Blend"" Vape Juice 24 mg/ml",3.011.008.30.24,850016928016,1,30,E-liquid,Tobacco,2025-10-01
Mister-E-Liquid,Mister-E-Liquid,"Mister-E-Liquid ""Jade Tiger"" Synthetic Nicotine Vape Juice 3 mg/ml",3.005.030.60.03,640816332195,1,60,E-liquid,"Watermelon, Strawberry, Pineapple",2025-10-01
Mister-E-Liquid,Mister-E-Liquid,"Mister-E-Liquid ""Jade Tiger"" Synthetic Nicotine Vape Juice 6 mg/ml",3.005.030.60.06,640816332201,1,60,E-liquid,"Watermelon, Strawberry, Pineapple",2025-10-01
Mister-E-Liquid,Mister-E-Liquid,"Mister-E-Liquid ""Jade Tiger"" Synthetic Nicotine Vape Juice 12 mg/ml",3.005.030.60.12,640816332218,1,60,E-liquid,"Watermelon, Strawberry, Pineapple",2025-10-01
Mister-E-Liquid,Mister-E-Liquid,"Mister-E-Liquid ""Jade Tiger"" Synthetic Nicotine Vape Juice 18 mg/ml",3.005.030.60.18,640816332225,1,60,E-liquid,"Watermelon, Strawberry, Pineapple",2025-10-01
Mister-E-Liquid,Mister-E-Liquid,"Mister-E-Liquid ""Jade Tiger"" Synthetic Nicotine Vape Juice 24 mg/ml",3.005.030.60.24,640816332232,1,60,E-liquid,"Watermelon, Strawberry, Pineapple",2025-10-01
Mister-E-Liquid,Mister-E-Liquid,"Mister-E-Liquid ""Neptune"" Synthetic Nicotine Vape Juice 3 mg/ml",3.005.037.60.03,640816332317,1,60,E-liquid,"Strawberry, Blueberry, Vanilla",2025-10-01
Mister-E-Liquid,Mister-E-Liquid,"Mister-E-Liquid ""Neptune"" Synthetic Nicotine Vape Juice 6 mg/ml",3.005.037.60.06,640816332324,1,60,E-liquid,"Strawberry, Blueberry, Vanilla",2025-10-01
Mister-E-Liquid,Mister-E-Liquid,"Mister-E-Liquid ""Neptune"" Synthetic Nicotine Vape Juice 12 mg/ml",3.005.037.60.12,640816332331,1,60,E-liquid,"Strawberry, Blueberry, Vanilla",2025-10-01
Mister-E-Liquid,Mister-E-Liquid,"Mister-E-Liquid ""Neptune"" Synthetic Nicotine Vape Juice 18 mg/ml",3.005.037.60.18,640816332348,1,60,E-liquid,"Strawberry, Blueberry, Vanilla",2025-10-01
Mister-E-Liquid,Mister-E-Liquid,"Mister-E-Liquid ""Neptune"" Synthetic Nicotine Vape Juice 24 mg/ml",3.005.037.60.24,640816332355,1,60,E-liquid,"Strawberry, Blueberry, Vanilla",2025-10-01
Mister-E-Liquid,Mister-E-Liquid,"Mister-E-Liquid ""Blue Voodoo"" Synthetic Nicotine Vape Juice 3 mg/ml",3.005.016.60.03,640816331839,1,60,E-liquid,Blue Raspberry,2025-10-01
Mister-E-Liquid,Mister-E-Liquid,"Mister-E-Liquid ""Blue Voodoo"" Synthetic Nicotine Vape Juice 6 mg/ml",3.005.016.60.06,640816331846,1,60,E-liquid,Blue Raspberry,2025-10-01
Mister-E-Liquid,Mister-E-Liquid,"Mister-E-Liquid ""Blue Voodoo"" Synthetic Nicotine Vape Juice 12 mg/ml",3.005.016.60.12,640816331853,1,60,E-liquid,Blue Raspberry,2025-10-01
Mister-E-Liquid,Mister-E-Liquid,"Mister-E-Liquid ""Blue Voodoo"" Synthetic Nicotine Vape Juice 18 mg/ml",3.005.016.60.18,640816331860,1,60,E-liquid,Blue Raspberry,2025-10-01
Mister-E-Liquid,Mister-E-Liquid,"Mister-E-Liquid ""Blue Voodoo"" Synthetic Nicotine Vape Juice 24 mg/ml",3.005.016.60.24,640816331877,1,60,E-liquid,Blue Raspberry,2025-10-01
Mister-E-Liquid,Mister-E-Liquid,"Mister-E-Liquid ""Clear"" Synthetic Nicotine Vape Juice 3 mg/ml",3.005.090.60.03,640816331952,1,60,E-liquid,Tobacco,2025-10-01
Mister-E-Liquid,Mister-E-Liquid,"Mister-E-Liquid ""Clear"" Synthetic Nicotine Vape Juice 6 mg/ml",3.005.090.60.06,640816331969,1,60,E-liquid,Tobacco,2025-10-01
Mister-E-Liquid,Mister-E-Liquid,"Mister-E-Liquid ""Clear"" Synthetic Nicotine Vape Juice 12 mg/ml",3.005.090.60.12,640816331976,1,60,E-liquid,Tobacco,2025-10-01
Mister-E-Liquid,Mister-E-Liquid,"Mister-E-Liquid ""Clear"" Synthetic Nicotine Vape Juice 18 mg/ml",3.005.090.60.18,640816331983,1,60,E-liquid,Tobacco,2025-10-01
Mister-E-Liquid,Mister-E-Liquid,"Mister-E-Liquid ""Clear"" Synthetic Nicotine Vape Juice 24 mg/ml",3.005.090.60.24,640816331990,1,60,E-liquid,Tobacco,2025-10-01
Mister-E-Liquid,Mister-E-Liquid,"Mister-E-Liquid ""Heartbreaker"" Synthetic Nicotine Vape Juice 3 mg/ml",3.005.028.60.03,640816332133,1,60,E-Liquid,"Nectarine, Watermelon, Pomegranate, Cantaloupe",2025-10-01
Mister-E-Liquid,Mister-E-Liquid,"Mister-E-Liquid ""Heartbreaker"" Synthetic Nicotine Vape Juice 6 mg/ml",3.005.028.60.06,640816332140,1,60,E-Liquid,"Nectarine, Watermelon, Pomegranate, Cantaloupe",2025-10-01
Mister-E-Liquid,Mister-E-Liquid,"Mister-E-Liquid ""Heartbreaker"" Synthetic Nicotine Vape Juice 12 mg/ml",3.005.028.60.12,640816332157,1,60,E-Liquid,"Nectarine, Watermelon, Pomegranate, Cantaloupe",2025-10-01
Mister-E-Liquid,Mister-E-Liquid,"Mister-E-Liquid ""Heartbreaker"" Synthetic Nicotine Vape Juice 18 mg/ml",3.005.028.60.18,640816332164,1,60,E-Liquid,"Nectarine, Watermelon, Pomegranate, Cantaloupe",2025-10-01
Mister-E-Liquid,Mister-E-Liquid,"Mister-E-Liquid ""Heartbreaker"" Synthetic Nicotine Vape Juice 24 mg/ml",3.005.028.60.24,640816332171,1,60,E-Liquid,"Nectarine, Watermelon, Pomegranate, Cantaloupe",2025-10-01
MV Distribution LLC,MV Distribution LLC,Moose Vape - Sour Blue Dust,MS-2368-SOU,613365675419,1,15,Disposable e-cigarette device,Sour Blue Dust,2026-01-16
MV Distribution LLC,MV Distribution LLC,Moose Vape - Blueberry Jam,MS-8799-BLU,613365617174,1,15,Disposable e-cigarette device,Blueberry Jam,2026-01-16
MV Distribution LLC,MV Distribution LLC,Moose Vape - Lemon Heads,MS-5546-LEM,613365850984,1,15,Disposable e-cigarette device,Lemon Heads,2026-01-16
MV Distribution LLC,MV Distribution LLC,Moose Vape - Raspberry Jam,MS-3864-RAS,613365582816,1,15,Disposable e-cigarette device,Raspberry Jam,2026-01-16
MV Distribution LLC,MV Distribution LLC,Moose Vape - Pink & Blue,MS-2553-PIN,613365535126,1,15,Disposable e-cigarette device,Pink & Blue,2026-01-16
MV Distribution LLC,MV Distribution LLC,Moose Vape - Blue Ranchers,MS-2049-BLU,613365720003,1,15,Disposable e-cigarette device,Blue Rancher,2026-01-16
"NJOY, LLC","NJOY, LLC",NJOY ACE Device $0.99,00819979011371,00819979011371,1,,Other,,2025-10-01
"NJOY, LLC","NJOY, LLC",NJOY ACE Device,00819979011395,00819979011395,1,,Other,,2025-10-01
"NJOY, LLC","NJOY, LLC",NJOY ACE PODS Classic Tobacco 2.4%,00810687014838,00810687014838,2,1.9,Electronic cigarette pod or cartridge,Classic Tobacco,2025-10-01
"NJOY, LLC","NJOY, LLC",NJOY ACE PODS Classic Tobacco 5%,00810687014913,00810687014913,2,1.9,Electronic cigarette pod or cartridge,Classic Tobacco,2025-10-01
"NJOY, LLC","NJOY, LLC",NJOY ACE POD Classic Tobacco 5%,00819979012200,00819979012200,1,1.9,Electronic cigarette pod or cartridge,Classic Tobacco,2025-10-01
"NJOY, LLC","NJOY, LLC",NJOY ACE PODS Rich Tobacco 5%,00819979011029,00819979011029,2,1.9,Electronic cigarette pod or cartridge,Rich Tobacco,2025-10-01
"NJOY, LLC","NJOY, LLC",NJOY ACE PODS Menthol 2.4%,00810687014852,00810687014852,2,1.9,Electronic cigarette pod or cartridge,Menthol,2025-10-01
"NJOY, LLC","NJOY, LLC",NJOY ACE PODS Menthol 5%,00810687014937,00810687014937,2,1.9,Electronic cigarette pod or cartridge,Menthol,2025-10-01
"NJOY, LLC","NJOY, LLC",NJOY ACE POD Menthol 5%,00819979012248,00819979012248,1,1.9,Electronic cigarette pod or cartridge,Menthol,2025-10-01
"NJOY, LLC","NJOY, LLC",NJOY DAILY Rich Tobacco 4.5%,00810687020860,00810687020860,1,0.9,Disposable e-cigarette device,Rich Tobacco,2025-10-01
"NJOY, LLC","NJOY, LLC",NJOY DAILY EXTRA Rich Tobacco 6%,00815368021426,00815368021426,1,0.9,Disposable e-cigarette device,Rich Tobacco,2025-10-01
"NJOY, LLC","NJOY, LLC",NJOY DAILY Menthol 4.5%,00810687020884,00810687020884,1,0.9,Disposable e-cigarette device,Menthol,2025-10-01
"NJOY, LLC","NJOY, LLC",NJOY DAILY EXTRA Menthol 6%,00815368021488,00815368021488,1,0.9,Disposable e-cigarette device,Menthol,2025-10-01
"NJOY, LLC","NJOY, LLC",All-In-One Kit Device + Menthol 5% 2-Pod,00819979012699,00819979012699,2,1.9,Electronic cigarette pod or cartridge,Menthol,2025-10-24
"NJOY, LLC","NJOY, LLC",All-In-One Kit Device + Menthol 5% 1-Pod,00819979012637,00819979012637,1,1.9,Electronic cigarette pod or cartridge,Menthol,2025-10-24
"NJOY, LLC","NJOY, LLC",All-In-One Kit Device + Classic Tobacco 5% 2-Pod,00819979012675,00819979012675,2,1.9,Electronic cigarette pod or cartridge,Classic Tobacco,2025-10-24
"NJOY, LLC","NJOY, LLC",All-In-One Kit Device + Classic Tobacco 5% 1-Pod,00819979012651,00819979012651,1,1.9,Electronic cigarette pod or cartridge,Classic Tobacco,2025-10-24
Pod Salt LLC,Pod Salt LLC,Pod Salt Air 40K Spearmint Disposable Device 18ml (USA) - 20mg/ml,PSAI01US1820DD,5056598228222,1,18,Disposable e-cigarette device,Spearmint,2026-03-12
Pod Salt LLC,Pod Salt LLC,Pod Salt Air 40K Glazed Donut Disposable Device 18ml (USA) - 20mg/ml,PSAI02US1820DD,5056598228239,1,18,Disposable e-cigarette device,Glazed Donut,2026-03-12
Pod Salt LLC,Pod Salt LLC,Pod Salt Air 40K Strawberry Milkshake Disposable Device 18ml (USA) - 20mg/ml,PSAI03US1820DD,5056598228246,1,18,Disposable e-cigarette device,Strawberry Milkshake,2026-03-12
Pod Salt LLC,Pod Salt LLC,Pod Salt Air 40K Triple Mango Disposable Device 18ml (USA) - 20mg/ml,PSAI04US1820DD,5056598228253,1,18,Disposable e-cigarette device,Triple Mango,2026-03-12
Pod Salt LLC,Pod Salt LLC,Pod Salt Air 40K Blue Sour Raspberry Disposable Device 18ml (USA) - 20mg/ml,PSAI05US1820DD,5056598228260,1,18,Disposable e-cigarette device,Blue Sour Raspberry,2026-03-12
Pod Salt LLC,Pod Salt LLC,Pod Salt Air 40K Purple Pink Lemonade Disposable Device 18ml (USA) - 20mg/ml,PSAI06US1820DD,5056598228277,1,18,Disposable e-cigarette device,Purple Pink Lemonade,2026-03-12
Pod Salt LLC,Pod Salt LLC,Pod Salt Air 40K Double Apple Disposable Device 18ml (USA) - 20mg/ml,PSAI07US1820DD,5056598228284,1,18,Disposable e-cigarette device,Double Apple,2026-03-12
Pod Salt LLC,Pod Salt LLC,Pod Salt Air 40K Grape Berry Burst Disposable Device 18ml (USA) - 20mg/ml,PSAI08US1820DD,5056598228291,1,18,Disposable e-cigarette device,Grape Berry Burst,2026-03-12
Pod Salt LLC,Pod Salt LLC,Pod Salt Air 40K Triple Raspberry Disposable Device 18ml (USA) - 20mg/ml,PSAI09US1820DD,5056598228307,1,18,Disposable e-cigarette device,Triple Raspberry,2026-03-12
Pod Salt LLC,Pod Salt LLC,Pod Salt Air 40K Mango Strawberry Peach Disposable Device 18ml (USA) - 20mg/ml,PSAI10US1820DD,5056598228314,1,18,Disposable e-cigarette device,Mango Strawberry Peach,2026-03-12
Pod Salt LLC,Pod Salt LLC,Pod Salt Air 40K Cuban Creme Disposable Device 18ml (USA) - 20mg/ml,PSAI11US1820DD,5056598228321,1,18,Disposable e-cigarette device,Cuban Creme,2026-03-12
Pod Salt LLC,Pod Salt LLC,Pod Salt Air 40K Lemon Sugar Cookie Disposable Device 18ml (USA) - 20mg/ml,PSAI12US1820DD,5056598228338,1,18,Disposable e-cigarette device,Lemon Sugar Cookie,2026-03-12
Pod Salt LLC,Pod Salt LLC,Pod Salt Air 40K Sweet Strawberry Lemonade Disposable Device 18ml (USA) - 20mg/ml,PSAI13US1820DD,5056598228345,1,18,Disposable e-cigarette device,Sweet Strawberry Lemonade,2026-03-12
Pod Salt LLC,Pod Salt LLC,Pod Salt Air 40K Strawberry Watermelon Kiwi Disposable Device 18ml (USA) - 20mg/ml,PSAI14US1820DD,5056598228352,1,18,Disposable e-cigarette device,Strawberry Watermelon Kiwi,2026-03-12
Pod Salt LLC,Pod Salt LLC,Pod Salt Air 40K White Gummy Bear Disposable Device 18ml (USA) - 20mg/ml,PSAI15US1820DD,5056598228369,1,18,Disposable e-cigarette device,White Gummy Bear,2026-03-12
Pod Salt LLC,Pod Salt LLC,Pod Salt Air 40K Blueberry Blackberry Lemonade Disposable Device 18ml (USA) - 20mg/ml,PSAI16US1820DD,5056598228376,1,18,Disposable e-cigarette device,Blueberry Blackberry Lemonade,2026-03-12
Pod Salt LLC,Pod Salt LLC,Pod Salt Air 40K Berry Lime Ice Disposable Device 18ml (USA) - 20mg/ml,PSAI17US1820DD,5056598228383,1,18,Disposable e-cigarette device,Berry Lime Ice,2026-03-12
Pod Salt LLC,Pod Salt LLC,Pod Salt Air 40K Blue Razz Cherry Blast Disposable Device 18ml (USA) - 20mg/ml,PSAI18US1820DD,5056598228390,1,18,Disposable e-cigarette device,Blue Razz Cherry Blast,2026-03-12
Pod Salt LLC,Pod Salt LLC,Pod Salt Air 40K Juicy Peach Ice Disposable Device 18ml (USA) - 20mg/ml,PSAI19US1820DD,5056598228406,1,18,Disposable e-cigarette device,Juicy Peach Ice,2026-03-12
Pod Salt LLC,Pod Salt LLC,Pod Salt Air 40K Kiwi Passion Lime Disposable Device 18ml (USA) - 20mg/ml,PSAI20US1820DD,5056598228413,1,18,Disposable e-cigarette device,Kiwi Passion Lime,2026-03-12
Pod Salt LLC,Pod Salt LLC,Pod Salt Air 40K Fresh Raspberry Mojito Disposable Device 18ml (USA) - 20mg/ml,PSAI21US1820DD,5056598228420,1,18,Disposable e-cigarette device,Fresh Raspberry Mojito,2026-03-12
Pod Salt LLC,Pod Salt LLC,Pod Salt Air 40K Blue Mist Disposable Device 18ml (USA) - 20mg/ml,PSAI22US1820DD,5056598228437,1,18,Disposable e-cigarette device,Blue Mist,2026-03-12
Pod Salt LLC,Pod Salt LLC,Pod Salt Air 40K Blueberry Muffin Disposable Device 18ml (USA) - 20mg/ml,PSAI23US1820DD,5056598228444,1,18,Disposable e-cigarette device,Blueberry Muffin,2026-03-12
Pod Salt LLC,Pod Salt LLC,Pod Salt Air 40K Cola Lime Disposable Device 18ml (USA) - 20mg/ml,PSAI24US1820DD,5056598228451,1,18,Disposable e-cigarette device,Cola Lime,2026-03-12
Pod Salt LLC,Pod Salt LLC,Pod Salt Air 40K Butterscotch Tobacco Disposable Device 18ml (USA) - 20mg/ml,PSAI25US1820DD,5056598228468,1,18,Disposable e-cigarette device,Butterscotch Tobacco,2026-03-12
Pod Salt LLC,Pod Salt LLC,Pod Salt Air 40K Strawberry Kiwi Ice Disposable Device 18ml (USA) - 20mg/ml,PSAI27US1820DD,5056598228482,1,18,Disposable e-cigarette device,Strawberry Kiwi Ice,2026-03-12
Pod Salt LLC,Pod Salt LLC,Pod Salt Air 40K Miami Mint Disposable Device 18ml (USA) - 20mg/ml,PSAI28US1820DD,5056598228499,1,18,Disposable e-cigarette device,Miami Mint,2026-03-12
Pod Salt LLC,Pod Salt LLC,Pod Salt Hit 40K Spearmint Disposable Device 18ml (USA) - 50mg/ml,PSH01US1850DD,5056598206251,1,18,Disposable e-cigarette device,Spearmint,2026-03-12
Pod Salt LLC,Pod Salt LLC,Pod Salt Hit 40K Glazed Donut Disposable Device 18ml (USA) - 50mg/ml,PSH02US1850DD,5056598206268,1,18,Disposable e-cigarette device,Glazed Donut,2026-03-12
Pod Salt LLC,Pod Salt LLC,Pod Salt Hit 40K Strawberry Milkshake Disposable Device 18ml (USA) - 50mg/ml,PSH03US1850DD,5056598206275,1,18,Disposable e-cigarette device,Strawberry Milkshake,2026-03-12
Pod Salt LLC,Pod Salt LLC,Pod Salt Hit 40K Triple Mango Disposable Device 18ml (USA) - 50mg/ml,PSH04US1850DD,5056598206282,1,18,Disposable e-cigarette device,Triple Mango,2026-03-12
Pod Salt LLC,Pod Salt LLC,Pod Salt Hit 40K Fresh Raspberry Mojito Disposable Device 18ml (USA) - 50mg/ml,PSH05US1850DD,5056598206299,1,18,Disposable e-cigarette device,Fresh Raspberry Mojito,2026-03-12
Pod Salt LLC,Pod Salt LLC,Pod Salt Hit 40K Blue Sour Raspberry Disposable Device 18ml (USA) - 50mg/ml,PSH06US1850DD,5056598206305,1,18,Disposable e-cigarette device,Blue Sour Raspberry,2026-03-12
Pod Salt LLC,Pod Salt LLC,Pod Salt Hit 40K Purple Pink Lemonade Disposable Device 18ml (USA) - 50mg/ml,PSH07US1850DD,5056598206312,1,18,Disposable e-cigarette device,Purple Pink Lemonade,2026-03-12
Pod Salt LLC,Pod Salt LLC,Pod Salt Hit 40K Double Apple Disposable Device 18ml (USA) - 50mg/ml,PSH08US1850DD,5056598206329,1,18,Disposable e-cigarette device,Double Apple,2026-03-12
Pod Salt LLC,Pod Salt LLC,Pod Salt Hit 40K Blue Mist Disposable Device 18ml (USA) - 50mg/ml,PSH09US1850DD,5056598206336,1,18,Disposable e-cigarette device,Blue Mist,2026-03-12
Pod Salt LLC,Pod Salt LLC,Pod Salt Hit 40K Grape Berry Burst Disposable Device 18ml (USA) - 50mg/ml,PSH10US1850DD,5056598206343,1,18,Disposable e-cigarette device,Grape Berry Burst,2026-03-12
Pod Salt LLC,Pod Salt LLC,Pod Salt Hit 40K Blueberry Muffin Disposable Device 18ml (USA) - 50mg/ml,PSH11US1850DD,5056598206350,1,18,Disposable e-cigarette device,Blueberry Muffin,2026-03-12
Pod Salt LLC,Pod Salt LLC,Pod Salt Hit 40K Triple Raspberry Disposable Device 18ml (USA) - 50mg/ml,PSH12US1850DD,5056598206367,1,18,Disposable e-cigarette device,Triple Raspberry,2026-03-12
Pod Salt LLC,Pod Salt LLC,Pod Salt Hit 40K Mango Strawberry Peach Disposable Device 18ml (USA) - 50mg/ml,PSH13US1850DD,5056598206374,1,18,Disposable e-cigarette device,Mango Strawberry Peach,2026-03-12
Pod Salt LLC,Pod Salt LLC,Pod Salt Hit 40K Cuban Creme Disposable Device 18ml (USA) - 50mg/ml,PSH14US1850DD,5056598206381,1,18,Disposable e-cigarette device,Cuban Creme,2026-03-12
Pod Salt LLC,Pod Salt LLC,Pod Salt Hit 40K Lemon Sugar Cookie Disposable Device 18ml (USA) - 50mg/ml,PSH15US1850DD,5056598206398,1,18,Disposable e-cigarette device,Lemon Sugar Cookie,2026-03-12
Pod Salt LLC,Pod Salt LLC,Pod Salt Hit 40K Sweet Strawberry Lemonade Disposable Device 18ml (USA) - 50mg/ml,PSH16US1850DD,5056598206404,1,18,Disposable e-cigarette device,Sweet Strawberry Lemonade,2026-03-12
Pod Salt LLC,Pod Salt LLC,Pod Salt Hit 40K Strawberry Watermelon Kiwi Disposable Device 18ml (USA) - 50mg/ml,PSH17US1850DD,5056598206411,1,18,Disposable e-cigarette device,Strawberry Watermelon Kiwi,2026-03-12
Pod Salt LLC,Pod Salt LLC,Pod Salt Hit 40K Cola Lime Disposable Device 18ml (USA) - 50mg/ml,PSH19US1850DD,5056598206435,1,18,Disposable e-cigarette device,Cola Lime,2026-03-12
Pod Salt LLC,Pod Salt LLC,Pod Salt Hit 40K White Gummy Bear Disposable Device 18ml (USA) - 50mg/ml,PSH21US1850DD,5056598206459,1,18,Disposable e-cigarette device,White Gummy Bear,2026-03-12
Pod Salt LLC,Pod Salt LLC,Pod Salt Hit 40K Blueberry Blackberry Lemonade Disposable Device 18ml (USA) - 50mg/ml,PSH24US1850DD,5056598206817,1,18,Disposable e-cigarette device,Blueberry Blackberry Lemonade,2026-03-12
Pod Salt LLC,Pod Salt LLC,Pod Salt Hit 40K Berry Lime Ice Disposable Device 18ml (USA) - 50mg/ml,PSH25US1850DD,5056598206824,1,18,Disposable e-cigarette device,Berry Lime Ice,2026-03-12
Pod Salt LLC,Pod Salt LLC,Pod Salt Hit 40K Blue Razz Cherry Blast Disposable Device 18ml (USA) - 50mg/ml,PSH26US1850DD,5056598206831,1,18,Disposable e-cigarette device,Blue Razz Cherry Blast,2026-03-12
Pod Salt LLC,Pod Salt LLC,Pod Salt Hit 40K Juicy Peach Ice Disposable Device 18ml (USA) - 50mg/ml,PSH27US1850DD,5056598206848,1,18,Disposable e-cigarette device,Juicy Peach Ice,2026-03-12
Pod Salt LLC,Pod Salt LLC,Pod Salt Hit 40K Kiwi Passion Lime Disposable Device 18ml (USA) - 50mg/ml,PSH28US1850DD,5056598206855,1,18,Disposable e-cigarette device,Kiwi Passion Lime,2026-03-12
Pod Salt LLC,Pod Salt LLC,Pod Salt Hit 40K Strawberry Kiwi Ice Disposable Device 18ml (USA) - 50mg/ml,PSH29US1850DD,5056598206862,1,18,Disposable e-cigarette device,Strawberry Kiwi Ice,2026-03-12
Pod Salt LLC,Pod Salt LLC,Pod Salt Hit 40K Clear Clear Blue Disposable Device 18ml (USA) - 50mg/ml,PSHC01US1850DD,5056598209061,1,18,Disposable e-cigarette device,Blueberry Raspberry,2026-03-12
Pod Salt LLC,Pod Salt LLC,Pod Salt Hit 40K Clear Clear Red Disposable Device 18ml (USA) - 50mg/ml,PSHC02US1850DD,5056598209078,1,18,Disposable e-cigarette device,Watermelon Breeze,2026-03-12
Pod Salt LLC,Pod Salt LLC,Pod Salt Hit 40K Clear Clear Purple Disposable Device 18ml (USA) - 50mg/ml,PSHC03US1850DD,5056598209085,1,18,Disposable e-cigarette device,Grape Berry Burst,2026-03-12
Pod Salt LLC,Pod Salt LLC,Pod Salt Hit 40K Clear Clear Pink Disposable Device 18ml (USA) - 50mg/ml,PSHC04US1850DD,5056598209092,1,18,Disposable e-cigarette device,Strawberry Kiwi Ice,2026-03-12
Pod Salt LLC,Pod Salt LLC,Pod Salt Hit 40K Clear Clear 100 Disposable Device 18ml (USA) - 50mg/ml,PSHC05US1850DD,5056598209108,1,18,Disposable e-cigarette device,Lemon Lime,2026-03-12
Pod Salt LLC,Pod Salt LLC,Pod Salt Hit 40K Clear Clear Ruby Disposable Device 18ml (USA) - 50mg/ml,PSHC06US1850DD,5056598209115,1,18,Disposable e-cigarette device,White Gummy Bear,2026-03-12
Pod Salt LLC,Pod Salt LLC,Pod Salt Hit 40K Clear Clear Yellow Disposable Device 18ml (USA) - 50mg/ml,PSHC07US1850DD,5056598209122,1,18,Disposable e-cigarette device,Triple Mango Ice,2026-03-12
Pod Salt LLC,Pod Salt LLC,Pod Salt Hit 40K Clear Clear Green Disposable Device 18ml (USA) - 50mg/ml,PSHC08US1850DD,5056598209139,1,18,Disposable e-cigarette device,Fresh Raspberry Mojito,2026-03-12
Pod Salt LLC,Pod Salt LLC,Pod Salt Hit 40K Clear Clear Disposable Device 18ml (USA) - 50mg/ml,PSHC09US1850DD,5056598209146,1,18,Disposable e-cigarette device,Fresh Mint,2026-03-12
Pod Salt LLC,Pod Salt LLC,Pod Salt Hit 40K Clear Ultra Clear Disposable Device 18ml (USA) - 50mg/ml,PSHC10US1850DD,5056598209153,1,18,Disposable e-cigarette device,Spearmint,2026-03-12
Pod Salt LLC,Pod Salt LLC,Pod Salt Hit 40K Clear Menthol Disposable Device 18ml (USA) - 50mg/ml,PSHC11US1850DD,5056598209160,1,18,Disposable e-cigarette device,Ice Menthol,2026-03-12
Pod Salt LLC,Pod Salt LLC,Pod Salt Hit 40K Clear Classic Tobacco Disposable Device 18ml (USA) - 50mg/ml,PSHC12US1850DD,5056598209177,1,18,Disposable e-cigarette device,Tobacco Maple,2026-03-12
Pod Salt LLC,Pod Salt LLC,Pod Salt Hit 40K Clear Tobacco Disposable Device 18ml (USA) - 50mg/ml,PSHC13US1850DD,5056598209184,1,18,Disposable e-cigarette device,Tobacco Honey,2026-03-12
Pod Salt LLC,Pod Salt LLC,Pod Salt Hit 40K Clear Clear Sapphire Disposable Device 18ml (USA) - 50mg/ml,PSHC14US1850DD,5056598209191,1,18,Disposable e-cigarette device,Clear Clear One,2026-03-12
Pod Salt LLC,Pod Salt LLC,Pod Salt Hit 40K Clear Clear Diamond Disposable Device 18ml (USA) - 50mg/ml,PSHC15US1850DD,5056598209207,1,18,Disposable e-cigarette device,Clear Clear Two,2026-03-12
Pod Salt LLC,Pod Salt LLC,Pod Salt Hit 40K Clear Naked Clear Disposable Device 18ml (USA) - 50mg/ml,PSHC16US1850DD,5056598209214,1,18,Disposable e-cigarette device,Clear Clear Three,2026-03-12
Pod Salt LLC,Pod Salt LLC,Pod Salt Hit 40K Clear Clear Jewel Disposable Device 18ml (USA) - 50mg/ml,PSHC17US1850DD,5056598209221,1,18,Disposable e-cigarette device,Clear Clear Four,2026-03-12
Pod Salt LLC,Pod Salt LLC,Pod Salt Hit 40K Clear Clear Emerald Disposable Device 18ml (USA) - 50mg/ml,PSHC18US1850DD,5056598209238,1,18,Disposable e-cigarette device,Clear Clear Five,2026-03-12
Pod Salt LLC,Pod Salt LLC,Pod Salt Hit 40K Clear Classic Clear Disposable Device 18ml (USA) - 50mg/ml,PSHC19US1850DD,5056598209245,1,18,Disposable e-cigarette device,Clear Clear Six,2026-03-12
Pod Salt LLC,Pod Salt LLC,Pod Salt Hit 40K Clear Cloud Clear Disposable Device 18ml (USA) - 50mg/ml,PSHC20US1850DD,5056598209252,1,18,Disposable e-cigarette device,Clear Clear Eight,2026-03-12
Pod Salt LLC,Pod Salt LLC,Pod Salt Hit 40K Clear Smooth Clear Disposable Device 18ml (USA) - 50mg/ml,PSHC21US1850DD,5056598209269,1,18,Disposable e-cigarette device,Clear Clear Nine,2026-03-12
Pod Salt LLC,Pod Salt LLC,Pod Salt Hit 40K Clear Clear Blush Disposable Device 18ml (USA) - 50mg/ml,PSHC22US1850DD,5056598222107,1,18,Disposable e-cigarette device,Juicy Peach Ice,2026-03-12
Pod Salt LLC,Pod Salt LLC,Pod Salt Hit 40K Clear Menthol Silver Disposable Device 18ml (USA) - 50mg/ml,PSHC24US1850DD,5056598222121,1,18,Disposable e-cigarette device,Fresh Menthol,2026-03-12
Pod Salt LLC,Pod Salt LLC,Pod Salt Onyx Cuban Creme 30ml Nicotine Salt E-Liquid (USA) - 25mg/ml,PSOX04US3025NS,5056598185655,1,25,E-liquid,Cuban Creme,2026-03-12
Pod Salt LLC,Pod Salt LLC,Pod Salt Onyx Butterscotch Tobacco 30ml Nicotine Salt E-Liquid (USA) - 25mg/ml,PSOX54US3025NS,5056598185662,1,25,E-liquid,Butterscotch Tobacco,2026-03-12
Pod Salt LLC,Pod Salt LLC,Pod Salt Onyx Miami Mint 30ml Nicotine Salt E-Liquid (USA) - 25mg/ml,PSOX55US3025NS,5056598185679,1,25,E-liquid,Miami Mint,2026-03-12
Pod Salt LLC,Pod Salt LLC,Pod Salt Onyx Spearmint 30ml Nicotine Salt E-Liquid (USA) - 25mg/ml,PSOX56US3025NS,5056598185686,1,25,E-liquid,Spearmint,2026-03-12
Pod Salt LLC,Pod Salt LLC,Pod Salt Onyx Menthol 30ml Nicotine Salt E-Liquid (USA) - 25mg/ml,PSOX57US3025NS,5056598185693,1,25,E-liquid,Menthol,2026-03-12
Pod Salt LLC,Pod Salt LLC,Pod Salt Onyx Lemon Sugar Cookie 30ml Nicotine Salt E-Liquid (USA) - 25mg/ml,PSOX58US3025NS,5056598185709,1,25,E-liquid,Lemon Sugar Cookie,2026-03-12
Pod Salt LLC,Pod Salt LLC,Pod Salt Onyx Glazed Donut 30ml Nicotine Salt E-Liquid (USA) - 25mg/ml,PSOX59US3025NS,5056598185716,1,25,E-liquid,Glazed Donut,2026-03-12
Pod Salt LLC,Pod Salt LLC,Pod Salt Onyx Blueberry Muffin 30ml Nicotine Salt E-Liquid (USA) - 25mg/ml,PSOX60US3025NS,5056598185723,1,25,E-liquid,Blueberry Muffin,2026-03-12
Pod Salt LLC,Pod Salt LLC,Pod Salt Onyx Cola Lemon Lime 30ml Nicotine Salt E-Liquid (USA) - 25mg/ml,PSOX61US3025NS,5056598185730,1,25,E-liquid,Cola Lemon Lime,2026-03-12
Pod Salt LLC,Pod Salt LLC,Pod Salt Onyx Fresh Raspberry Mojito 30ml Nicotine Salt E-Liquid (USA) - 25mg/ml,PSOX62US3025NS,5056598185747,1,25,E-liquid,Fresh Raspberry Mojito,2026-03-12
Pod Salt LLC,Pod Salt LLC,Pod Salt Onyx Sweet Strawberry Lemonade 30ml Nicotine Salt E-Liquid (USA) - 25mg/ml,PSOX63US3025NS,5056598185754,1,25,E-liquid,Sweet Strawberry Lemonade,2026-03-12
Pod Salt LLC,Pod Salt LLC,Pod Salt Onyx Grape Berry Burst 30ml Nicotine Salt E-Liquid (USA) - 25mg/ml,PSOX64US3025NS,5056598185761,1,25,E-liquid,Grape Berry Burst,2026-03-12
Pod Salt LLC,Pod Salt LLC,Pod Salt Onyx Pineapple Passion Lime 30ml Nicotine Salt E-Liquid (USA) - 25mg/ml,PSOX65US3025NS,5056598185778,1,25,E-liquid,Pineapple Passion Lime,2026-03-12
Pod Salt LLC,Pod Salt LLC,Pod Salt Onyx Strawberry Watermelon Kiwi 30ml Nicotine Salt E-Liquid (USA) - 25mg/ml,PSOX66US3025NS,5056598185785,1,25,E-liquid,Strawberry Watermelon Kiwi,2026-03-12
Pod Salt LLC,Pod Salt LLC,Pod Salt Onyx Fuji Apple Peach (Fuji Blend) 30ml Nicotine Salt E-Liquid (USA) - 25mg/ml,PSOX67US3025NS,5056598185792,1,25,E-liquid,Fuji Apple Peach (Fuji Blend),2026-03-12
Pod Salt LLC,Pod Salt LLC,Pod Salt Onyx Sour Blue Razz 30ml Nicotine Salt E-Liquid (USA) - 25mg/ml,PSOX68US3025NS,5056598185808,1,25,E-liquid,Sour Blue Razz,2026-03-12
Pod Salt LLC,Pod Salt LLC,Pod Salt Onyx Lime Raspberry Grapefruit (Citrus Mix) 30ml Nicotine Salt E-Liquid (USA) - 25mg/ml,PSOX69US3025NS,5056598185815,1,25,E-liquid,Lime Raspberry Grapefruit (Citrus Mix),2026-03-12
Pod Salt LLC,Pod Salt LLC,Pod Salt Onyx Blue Mist 30ml Nicotine Salt E-Liquid (USA) - 25mg/ml,PSOX70US3025NS,5056598185822,1,25,E-liquid,Blue Mist,2026-03-12
Pod Salt LLC,Pod Salt LLC,Pod Salt Onyx Banana Ice 30ml Nicotine Salt E-Liquid (USA) - 25mg/ml,PSOX06US3025NS,5056598185839,1,25,E-liquid,Banana Ice,2026-03-12
Pod Salt LLC,Pod Salt LLC,Pod Salt Onyx Mixed Berries 30ml Nicotine Salt E-Liquid (USA) - 25mg/ml,PSOX10US3025NS,5056598185846,1,25,E-liquid,Mixed Berries,2026-03-12
Pod Salt LLC,Pod Salt LLC,Pod Salt Onyx Watermelon Breeze 30ml Nicotine Salt E-Liquid (USA) - 25mg/ml,PSOX08US3025NS,5056598185853,1,25,E-liquid,Watermelon Breeze,2026-03-12
Pod Salt LLC,Pod Salt LLC,Pod Salt Onyx Fizzy Cherry 30ml Nicotine Salt E-Liquid (USA) - 25mg/ml,PSOX48US3025NS,5056598185860,1,25,E-liquid,Fizzy Cherry,2026-03-12
Pod Salt LLC,Pod Salt LLC,Pod Salt Onyx Lychee Ice 30ml Nicotine Salt E-Liquid (USA) - 25mg/ml,PSOX22US3025NS,5056598185877,1,25,E-liquid,Lychee Ice,2026-03-12
Pod Salt LLC,Pod Salt LLC,Pod Salt Onyx Sour Grape Ice 30ml Nicotine Salt E-Liquid (USA) - 25mg/ml,PSOX71US3025NS,5056598185884,1,25,E-liquid,Sour Grape Ice,2026-03-12
Pod Salt LLC,Pod Salt LLC,Pod Salt Onyx Juicy Peach Ice 30ml Nicotine Salt E-Liquid (USA) - 25mg/ml,PSOX72US3025NS,5056598185891,1,25,E-liquid,Juicy Peach Ice,2026-03-12
Pod Salt LLC,Pod Salt LLC,Pod Salt Onyx Blue Razz Gummy 30ml Nicotine Salt E-Liquid (USA) - 25mg/ml,PSOX73US3025NS,5056598185907,1,25,E-liquid,Blue Razz Gummy,2026-03-12
Pod Salt LLC,Pod Salt LLC,Pod Salt Onyx Cuban Creme 30ml Nicotine Salt E-Liquid (USA) - 50mg/ml,PSOX04US3050NS,5056598185914,1,50,E-liquid,Cuban Creme,2026-03-12
Pod Salt LLC,Pod Salt LLC,Pod Salt Onyx Butterscotch Tobacco 30ml Nicotine Salt E-Liquid (USA) - 50mg/ml,PSOX54US3050NS,5056598185921,1,50,E-liquid,Butterscotch Tobacco,2026-03-12
Pod Salt LLC,Pod Salt LLC,Pod Salt Onyx Miami Mint 30ml Nicotine Salt E-Liquid (USA) - 50mg/ml,PSOX55US3050NS,5056598185938,1,50,E-liquid,Miami Mint,2026-03-12
Pod Salt LLC,Pod Salt LLC,Pod Salt Onyx Spearmint 30ml Nicotine Salt E-Liquid (USA) - 50mg/ml,PSOX56US3050NS,5056598185945,1,50,E-liquid,Spearmint,2026-03-12
Pod Salt LLC,Pod Salt LLC,Pod Salt Onyx Menthol 30ml Nicotine Salt E-Liquid (USA) - 50mg/ml,PSOX57US3050NS,5056598185952,1,50,E-liquid,Menthol,2026-03-12
Pod Salt LLC,Pod Salt LLC,Pod Salt Onyx Lemon Sugar Cookie 30ml Nicotine Salt E-Liquid (USA) - 50mg/ml,PSOX58US3050NS,5056598185969,1,50,E-liquid,Lemon Sugar Cookie,2026-03-12
Pod Salt LLC,Pod Salt LLC,Pod Salt Onyx Glazed Donut 30ml Nicotine Salt E-Liquid (USA) - 50mg/ml,PSOX59US3050NS,5056598185976,1,50,E-liquid,Glazed Donut,2026-03-12
Pod Salt LLC,Pod Salt LLC,Pod Salt Onyx Blueberry Muffin 30ml Nicotine Salt E-Liquid (USA) - 50mg/ml,PSOX60US3050NS,5056598185983,1,50,E-liquid,Blueberry Muffin,2026-03-12
Pod Salt LLC,Pod Salt LLC,Pod Salt Onyx Cola Lemon Lime 30ml Nicotine Salt E-Liquid (USA) - 50mg/ml,PSOX61US3050NS,5056598185990,1,50,E-liquid,Cola Lemon Lime,2026-03-12
Pod Salt LLC,Pod Salt LLC,Pod Salt Onyx Fresh Raspberry Mojito 30ml Nicotine Salt E-Liquid (USA) - 50mg/ml,PSOX62US3050NS,5056598186003,1,50,E-liquid,Fresh Raspberry Mojito,2026-03-12
Pod Salt LLC,Pod Salt LLC,Pod Salt Onyx Sweet Strawberry Lemonade 30ml Nicotine Salt E-Liquid (USA) - 50mg/ml,PSOX63US3050NS,5056598186010,1,50,E-liquid,Sweet Strawberry Lemonade,2026-03-12
Pod Salt LLC,Pod Salt LLC,Pod Salt Onyx Grape Berry Burst 30ml Nicotine Salt E-Liquid (USA) - 50mg/ml,PSOX64US3050NS,5056598186027,1,50,E-liquid,Grape Berry Burst,2026-03-12
Pod Salt LLC,Pod Salt LLC,Pod Salt Onyx Pineapple Passion Lime 30ml Nicotine Salt E-Liquid (USA) - 50mg/ml,PSOX65US3050NS,5056598186034,1,50,E-liquid,Pineapple Passion Lime,2026-03-12
Pod Salt LLC,Pod Salt LLC,Pod Salt Onyx Strawberry Watermelon Kiwi 30ml Nicotine Salt E-Liquid (USA) - 50mg/ml,PSOX66US3050NS,5056598186041,1,50,E-liquid,Strawberry Watermelon Kiwi,2026-03-12
Pod Salt LLC,Pod Salt LLC,Pod Salt Onyx Fuji Apple Peach (Fuji Blend) 30ml Nicotine Salt E-Liquid (USA) - 50mg/ml,PSOX67US3050NS,5056598186058,1,50,E-liquid,Fuji Apple Peach (Fuji Blend),2026-03-12
Pod Salt LLC,Pod Salt LLC,Pod Salt Onyx Sour Blue Razz 30ml Nicotine Salt E-Liquid (USA) - 50mg/ml,PSOX68US3050NS,5056598186065,1,50,E-liquid,Sour Blue Razz,2026-03-12
Pod Salt LLC,Pod Salt LLC,Pod Salt Onyx Lime Raspberry Grapefruit (Citrus Mix) 30ml Nicotine Salt E-Liquid (USA) - 50mg/ml,PSOX69US3050NS,5056598186072,1,50,E-liquid,Lime Raspberry Grapefruit (Citrus Mix),2026-03-12
Pod Salt LLC,Pod Salt LLC,Pod Salt Onyx Blue Mist 30ml Nicotine Salt E-Liquid (USA) - 50mg/ml,PSOX70US3050NS,5056598186089,1,50,E-liquid,Blue Mist,2026-03-12
Pod Salt LLC,Pod Salt LLC,Pod Salt Onyx Banana Ice 30ml Nicotine Salt E-Liquid (USA) - 50mg/ml,PSOX06US3050NS,5056598186096,1,50,E-liquid,Banana Ice,2026-03-12
Pod Salt LLC,Pod Salt LLC,Pod Salt Onyx Mixed Berries 30ml Nicotine Salt E-Liquid (USA) - 50mg/ml,PSOX10US3050NS,5056598186102,1,50,E-liquid,Mixed Berries,2026-03-12
Pod Salt LLC,Pod Salt LLC,Pod Salt Onyx Watermelon Breeze 30ml Nicotine Salt E-Liquid (USA) - 50mg/ml,PSOX08US3050NS,5056598186119,1,50,E-liquid,Watermelon Breeze,2026-03-12
Pod Salt LLC,Pod Salt LLC,Pod Salt Onyx Fizzy Cherry 30ml Nicotine Salt E-Liquid (USA) - 50mg/ml,PSOX48US3050NS,5056598186126,1,50,E-liquid,Fizzy Cherry,2026-03-12
Pod Salt LLC,Pod Salt LLC,Pod Salt Onyx Lychee Ice 30ml Nicotine Salt E-Liquid (USA) - 50mg/ml,PSOX22US3050NS,5056598186133,1,50,E-liquid,Lychee Ice,2026-03-12
Pod Salt LLC,Pod Salt LLC,Pod Salt Onyx Sour Grape Ice 30ml Nicotine Salt E-Liquid (USA) - 50mg/ml,PSOX71US3050NS,5056598186140,1,50,E-liquid,Sour Grape Ice,2026-03-12
Pod Salt LLC,Pod Salt LLC,Pod Salt Onyx Juicy Peach Ice 30ml Nicotine Salt E-Liquid (USA) - 50mg/ml,PSOX72US3050NS,5056598186157,1,50,E-liquid,Juicy Peach Ice,2026-03-12
Pod Salt LLC,Pod Salt LLC,Pod Salt Onyx Blue Razz Gummy 30ml Nicotine Salt E-Liquid (USA) - 50mg/ml,PSOX73US3050NS,5056598186164,1,50,E-liquid,Blue Razz Gummy,2026-03-12
Pod Salt LLC,Pod Salt LLC,Pod Salt Onyx Cloud X Blue Sour Raspberry Shisha Device 20ml (USA) - 5mg/ml,PSOCX01US2005SD,5056598205193,1,5,Disposable e-cigarette device,Blue Sour Raspberry,2026-03-12
Pod Salt LLC,Pod Salt LLC,Pod Salt Onyx Cloud X Mango Strawberry Peach Shisha Device 20ml (USA) - 5mg/ml,PSOCX02US2005SD,5056598205209,1,5,Disposable e-cigarette device,Mango Strawberry Peach,2026-03-12
Pod Salt LLC,Pod Salt LLC,Pod Salt Onyx Cloud X Pink Purple Lemonade Shisha Device 20ml (USA) - 5mg/ml,PSOCX03US2005SD,5056598205216,1,5,Disposable e-cigarette device,Pink Purple Lemonade,2026-03-12
Pod Salt LLC,Pod Salt LLC,Pod Salt Onyx Cloud X Strawberry Watermelon Kiwi Shisha Device 20ml (USA) - 5mg/ml,PSOCX04US2005SD,5056598205223,1,5,Disposable e-cigarette device,Strawberry Watermelon Kiwi,2026-03-12
Pod Salt LLC,Pod Salt LLC,Pod Salt Onyx Cloud X Mango Ice Shisha Device 20ml (USA) - 5mg/ml,PSOCX05US2005SD,5056598205230,1,5,Disposable e-cigarette device,Mango Ice,2026-03-12
Pod Salt LLC,Pod Salt LLC,Pod Salt Onyx Cloud X Marshmallow Shisha Device 20ml (USA) - 5mg/ml,PSOCX06US2005SD,5056598205247,1,5,Disposable e-cigarette device,Marshmallow,2026-03-12
Pod Salt LLC,Pod Salt LLC,Pod Salt Onyx Cloud X Double Apple Shisha Device 20ml (USA) - 5mg/ml,PSOCX07US2005SD,5056598205254,1,5,Disposable e-cigarette device,Double Apple,2026-03-12
Pod Salt LLC,Pod Salt LLC,Pod Salt Onyx Cloud X Blue Mist Shisha Device 20ml (USA) - 5mg/ml,PSOCX08US2005SD,5056598205261,1,5,Disposable e-cigarette device,Blue Mist,2026-03-12
Pod Salt LLC,Pod Salt LLC,Pod Salt Onyx Cloud X Miami Mint Shisha Device 20ml (USA) - 5mg/ml,PSOCX09US2005SD,5056598205278,1,5,Disposable e-cigarette device,Miami Mint,2026-03-12
Pod Salt LLC,Pod Salt LLC,Pod Salt Onyx Cloud X Sweet Strawberry Lemonade Shisha Device 20ml (USA) - 5mg/ml,PSOCX10US2005SD,5056598205285,1,5,Disposable e-cigarette device,Sweet Strawberry Lemonade,2026-03-12
Pod Salt LLC,Pod Salt LLC,Pod Salt Onyx Cloud X Spearmint Shisha Device 20ml (USA) - 5mg/ml,PSOCX11US2005SD,5056598205292,1,5,Disposable e-cigarette device,Spearmint,2026-03-12
Pod Salt LLC,Pod Salt LLC,Pod Salt Onyx Cloud X Grape Berry Burst Shisha Device 20ml (USA) - 5mg/ml,PSOCX12US2005SD,5056598205308,1,5,Disposable e-cigarette device,Grape Berry Burst,2026-03-12
Pod Salt LLC,Pod Salt LLC,Pod Salt Onyx Cloud X Strawberries & Cream Shisha Device 20ml (USA) - 5mg/ml,PSOCX13US2005SD,5056598205315,1,5,Disposable e-cigarette device,Strawberries & Cream,2026-03-12
Pod Salt LLC,Pod Salt LLC,Pod Salt Onyx Cloud X Glazed Donut Shisha Device 20ml (USA) - 5mg/ml,PSOCX14US2005SD,5056598205322,1,5,Disposable e-cigarette device,Glazed Donut,2026-03-12
Pod Salt LLC,Pod Salt LLC,Pod Salt Onyx Cloud X Blueberry Muffin Shisha Device 20ml (USA) - 5mg/ml,PSOCX15US2005SD,5056598205339,1,5,Disposable e-cigarette device,Blueberry Muffin,2026-03-12
Pod Salt LLC,Pod Salt LLC,Pod Salt Onyx Cloud X White Gummy Bear Shisha Device 20ml (USA) - 5mg/ml,PSOCX16US2005SD,5056598205346,1,5,Disposable e-cigarette device,White Gummy Bear,2026-03-12
Pod Salt LLC,Pod Salt LLC,Pod Salt Onyx Cloud X Butterscotch Tobacco Shisha Device 20ml (USA) - 5mg/ml,PSOCX17US2005SD,5056598205353,1,5,Disposable e-cigarette device,Butterscotch Tobacco,2026-03-12
Pod Salt LLC,Pod Salt LLC,Pod Salt Onyx Cloud X Lemon Sugar Cookie Shisha Device 20ml (USA) - 5mg/ml,PSOCX18US2005SD,5056598205360,1,5,Disposable e-cigarette device,Lemon Sugar Cookie,2026-03-12
Pod Salt LLC,Pod Salt LLC,Pod Salt Onyx Cloud X Fresh Raspberry Mojito Shisha Device 20ml (USA) - 5mg/ml,PSOCX19US2005SD,5056598205377,1,5,Disposable e-cigarette device,Fresh Raspberry Mojito,2026-03-12
Pod Salt LLC,Pod Salt LLC,Pod Salt Onyx Cloud X Triple Raspberry Ice Shisha Device 20ml (USA) - 5mg/ml,PSOCX20US2005SD,5056598205384,1,5,Disposable e-cigarette device,Triple Raspberry Ice,2026-03-12
Pod Salt LLC,Pod Salt LLC,Pod Salt Onyx Fresh Mint 30ml Nicotine Salt E-Liquid (USA) - 50mg/ml,PSOX05US3050NS,5056598215307,1,30,E-liquid,Fresh Mint,2026-03-12
Pod Salt LLC,Pod Salt LLC,Pod Salt Onyx Double Apple 30ml Nicotine Salt E-Liquid (USA) - 50mg/ml,PSOX21US3050NS,5056598215314,1,30,E-liquid,Double Apple,2026-03-12
Pod Salt LLC,Pod Salt LLC,Pod Salt Onyx White Gummy Bear 30ml Nicotine Salt E-Liquid (USA) - 50mg/ml,PSOX74US3050NS,5056598215321,1,30,E-liquid,White Gummy Bear,2026-03-12
Pod Salt LLC,Pod Salt LLC,Pod Salt Onyx Strawberries & Cream 30ml Nicotine Salt E-Liquid (USA) - 50mg/ml,PSOX75US3050NS,5056598215338,1,30,E-liquid,Strawberries & Cream,2026-03-12
Pod Salt LLC,Pod Salt LLC,Pod Salt Onyx Triple Raspberry 30ml Nicotine Salt E-Liquid (USA) - 50mg/ml,PSOX76US3050NS,5056598215345,1,30,E-liquid,Triple Raspberry,2026-03-12
Pod Salt LLC,Pod Salt LLC,Pod Salt Onyx Mango Strawberry Peach 30ml Nicotine Salt E-Liquid (USA) - 50mg/ml,PSOX77US3050NS,5056598215352,1,30,E-liquid,Mango Strawberry Peach,2026-03-12
Pod Salt LLC,Pod Salt LLC,Pod Salt Onyx Mango Ice 30ml Nicotine Salt E-Liquid (USA) - 50mg/ml,PSOX15US3050NS,5056598215369,1,30,E-liquid,Mango Ice,2026-03-12
Pod Salt LLC,Pod Salt LLC,Pod Salt Onyx Purple Pink Lemonade 30ml Nicotine Salt E-Liquid (USA) - 50mg/ml,PSOX78US3050NS,5056598215376,1,30,E-liquid,Purple Pink Lemonade,2026-03-12
Pod Salt LLC,Pod Salt LLC,Pod Salt Onyx Fresh Mint 30ml Nicotine Salt E-Liquid (USA) - 25mg/ml,PSOX05US3025NS,5056598215383,1,30,E-liquid,Fresh Mint,2026-03-12
Pod Salt LLC,Pod Salt LLC,Pod Salt Onyx Double Apple 30ml Nicotine Salt E-Liquid (USA) - 25mg/ml,PSOX21US3025NS,5056598215390,1,30,E-liquid,Double Apple,2026-03-12
Pod Salt LLC,Pod Salt LLC,Pod Salt Onyx White Gummy Bear 30ml Nicotine Salt E-Liquid (USA) - 25mg/ml,PSOX74US3025NS,5056598215406,1,30,E-liquid,White Gummy Bear,2026-03-12
Pod Salt LLC,Pod Salt LLC,Pod Salt Onyx Strawberries & Cream 30ml Nicotine Salt E-Liquid (USA) - 25mg/ml,PSOX75US3025NS,5056598215413,1,30,E-liquid,Strawberries & Cream,2026-03-12
Pod Salt LLC,Pod Salt LLC,Pod Salt Onyx Triple Raspberry 30ml Nicotine Salt E-Liquid (USA) - 25mg/ml,PSOX76US3025NS,5056598215420,1,30,E-liquid,Triple Raspberry,2026-03-12
Pod Salt LLC,Pod Salt LLC,Pod Salt Onyx Mango Strawberry Peach 30ml Nicotine Salt E-Liquid (USA) - 25mg/ml,PSOX77US3025NS,5056598215437,1,30,E-liquid,Mango Strawberry Peach,2026-03-12
Pod Salt LLC,Pod Salt LLC,Pod Salt Onyx Mango Ice 30ml Nicotine Salt E-Liquid (USA) - 25mg/ml,PSOX15US3025NS,5056598215444,1,30,E-liquid,Mango Ice,2026-03-12
Pod Salt LLC,Pod Salt LLC,Pod Salt Onyx Purple Pink Lemonade 30ml Nicotine Salt E-Liquid (USA) - 25mg/ml,PSOX78US3025NS,5056598215451,1,30,E-liquid,Purple Pink Lemonade,2026-03-12
Pod Salt LLC,Pod Salt LLC,Pod Salt Origin True Tobacco 30ml Nicotine Salt E-Liquid (USA) - 25mg/ml,POD87US3025NS,5056168811946,1,30,E-liquid,True Tobacco,2026-03-12
Pod Salt LLC,Pod Salt LLC,Pod Salt Origin Royal Tobacco 30ml Nicotine Salt E-Liquid (USA) - 25mg/ml,POD93US3025NS,5056168808267,1,30,E-liquid,Royal Tobacco,2026-03-12
Pod Salt LLC,Pod Salt LLC,Pod Salt Origin True Tobacco 30ml Nicotine Salt E-Liquid (USA) - 50mg/ml,POD87US3050NS,5060438140254,1,30,E-liquid,True Tobacco,2026-03-12
Pod Salt LLC,Pod Salt LLC,Pod Salt Origin Royal Tobacco 30ml Nicotine Salt E-Liquid (USA) - 50mg/ml,POD93US3050NS,5056168802937,1,30,E-liquid,Royal Tobacco,2026-03-12
Pod Salt LLC,Pod Salt LLC,Pod Salt Origin Menthol Tobacco 30ml Nicotine Salt E-Liquid (USA) - 25mg/ml,POD101US3025NS,5060438140490,1,30,E-liquid,Menthol Tobacco,2026-03-12
Pod Salt LLC,Pod Salt LLC,Pod Salt Origin Liquor Tobacco 30ml Nicotine Salt E-Liquid (USA) - 25mg/ml,POD102US3025NS,5060438148373,1,30,E-liquid,Liquor Tobacco,2026-03-12
Pod Salt LLC,Pod Salt LLC,Pod Salt Origin Cuban Creme 30ml Nicotine Salt E-Liquid (USA) - 25mg/ml,POD108US3025NS,5056168801312,1,30,E-liquid,Cuban Creme,2026-03-12
Pod Salt LLC,Pod Salt LLC,Pod Salt Origin Virginia Gold 30ml Nicotine Salt E-Liquid (USA) - 25mg/ml,POD107US3025NS,5056168801299,1,30,E-liquid,Virginia Gold,2026-03-12
Pod Salt LLC,Pod Salt LLC,Pod Salt Origin Menthol Tobacco 30ml Nicotine Salt E-Liquid (USA) - 50mg/ml,POD101US3050NS,5060438148366,1,30,E-liquid,Menthol Tobacco,2026-03-12
Pod Salt LLC,Pod Salt LLC,Pod Salt Origin Liquor Tobacco 30ml Nicotine Salt E-Liquid (USA) - 50mg/ml,POD102US3050NS,5056168801275,1,30,E-liquid,Liquor Tobacco,2026-03-12
Pod Salt LLC,Pod Salt LLC,Pod Salt Origin Cuban Creme 30ml Nicotine Salt E-Liquid (USA) - 50mg/ml,POD108US3050NS,5056168809387,1,30,E-liquid,Cuban Creme,2026-03-12
Pod Salt LLC,Pod Salt LLC,Pod Salt Origin Virginia Gold 30ml Nicotine Salt E-Liquid (USA) - 50mg/ml,POD107US3050NS,5056168801305,1,30,E-liquid,Virginia Gold,2026-03-12
Pod Salt LLC,Pod Salt LLC,Pod Salt Air 5K Clear Clear Disposable Device 10ml (USA) - 30mg/ml,PSAIC16US1030DD,5056598201706,1,10,Disposable e-cigarette device,Clear,2026-03-12
Pod Salt LLC,Pod Salt LLC,Pod Salt Air 5K Clear Clear Sapphire Disposable Device 10ml (USA) - 30mg/ml,PSAIC08US1030DD,5056598201720,1,10,Disposable e-cigarette device,Clear Sapphire,2026-03-12
Pod Salt LLC,Pod Salt LLC,Pod Salt Air 5K Clear Clear Jewel Disposable Device 10ml (USA) - 30mg/ml,PSAIC06US1030DD,5056598201744,1,10,Disposable e-cigarette device,Clear Jewel,2026-03-12
Pod Salt LLC,Pod Salt LLC,Pod Salt Air 5K Clear Clear Emerald Disposable Device 10ml (USA) - 30mg/ml,PSAIC05US1030DD,5056598201768,1,10,Disposable e-cigarette device,Clear Emerald,2026-03-12
Pod Salt LLC,Pod Salt LLC,Pod Salt Air 5K Clear Naked Clear Disposable Device 10ml (USA) - 30mg/ml,PSAIC10US1030DD,5056598201782,1,10,Disposable e-cigarette device,Naked Clear,2026-03-12
Pod Salt LLC,Pod Salt LLC,Pod Salt Air 5K Clear Ultra Clear Disposable Device 10ml (USA) - 30mg/ml,PSAIC23US1030DD,5056598201805,1,10,Disposable e-cigarette device,Ultra Clear,2026-03-12
Pod Salt LLC,Pod Salt LLC,Pod Salt Air 5K Clear Menthol Silver Disposable Device 10ml (USA) - 30mg/ml,PSAIC15US1030DD,5056598201829,1,10,Disposable e-cigarette device,Menthol Silver,2026-03-12
Pod Salt LLC,Pod Salt LLC,Pod Salt Air 5K Clear Clear Blue Disposable Device 10ml (USA) - 30mg/ml,PSAIC03US1030DD,5056598202901,1,10,Disposable e-cigarette device,Clear Blue,2026-03-12
Pod Salt LLC,Pod Salt LLC,Pod Salt Air 5K Clear Clear Red Disposable Device 10ml (USA) - 30mg/ml,PSAIC30US1030DD,5056598202925,1,10,Disposable e-cigarette device,Clear Red,2026-03-12
Pod Salt LLC,Pod Salt LLC,Pod Salt Air 5K Clear Clear Purple Disposable Device 10ml (USA) - 30mg/ml,PSAIC18US1030DD,5056598202932,1,10,Disposable e-cigarette device,Clear Purple,2026-03-12
Pod Salt LLC,Pod Salt LLC,Pod Salt Air 5K Clear Clear Pink Disposable Device 10ml (USA) - 30mg/ml,PSAIC24US1030DD,5056598202956,1,10,Disposable e-cigarette device,Clear Pink,2026-03-12
Pod Salt LLC,Pod Salt LLC,Pod Salt Air 5K Clear Clear 100 Disposable Device 10ml (USA) - 30mg/ml,PSAIC21US1030DD,5056598202963,1,10,Disposable e-cigarette device,Clear 100,2026-03-12
Pod Salt LLC,Pod Salt LLC,Pod Salt Air 5K Clear Clear Ruby Disposable Device 10ml (USA) - 30mg/ml,PSAIC31US1030DD,5056598202987,1,10,Disposable e-cigarette device,Clear Ruby,2026-03-12
Pod Salt LLC,Pod Salt LLC,Pod Salt Air 5K Clear Clear Yellow Disposable Device 10ml (USA) - 30mg/ml,PSAIC28US1030DD,5056598203007,1,10,Disposable e-cigarette device,Clear Yellow,2026-03-12
Pod Salt LLC,Pod Salt LLC,Pod Salt Air 5K Clear Clear Green Disposable Device 10ml (USA) - 30mg/ml,PSAIC17US1030DD,5056598203014,1,10,Disposable e-cigarette device,Clear Green,2026-03-12
Pod Salt LLC,Pod Salt LLC,Pod Salt Air 5K Clear Cloud Clear Disposable Device 10ml (USA) - 30mg/ml,PSAIC04US1030DD,5056598224040,1,10,Disposable e-cigarette device,Cloud Clear,2026-03-12
Pod Salt LLC,Pod Salt LLC,Pod Salt Air 5K Clear Smooth Clear Disposable Device 10ml (USA) - 30mg/ml,PSAIC07US1030DD,5056598224057,1,10,Disposable e-cigarette device,Smooth Clear,2026-03-12
Pod Salt LLC,Pod Salt LLC,Pod Salt Air 5K Clear Classic Clear Disposable Device 10ml (USA) - 30mg/ml,PSAIC09US1030DD,5056598224064,1,10,Disposable e-cigarette device,Classic Clear,2026-03-12
Pod Salt LLC,Pod Salt LLC,Pod Salt Air 5K Clear Clear Diamond Disposable Device 10ml (USA) - 30mg/ml,PSAIC11US1030DD,5056598224071,1,10,Disposable e-cigarette device,Clear Diamond,2026-03-12
Pod Salt LLC,Pod Salt LLC,Pod Salt Air 5K Clear Menthol Disposable Device 10ml (USA) - 30mg/ml,PSAIC19US1030DD,5056598224088,1,10,Disposable e-cigarette device,Menthol,2026-03-12
Pod Salt LLC,Pod Salt LLC,Pod Salt Air 5K Clear Tobacco Disposable Device 10ml (USA) - 30mg/ml,PSAIC26US1030DD,5056598224095,1,10,Disposable e-cigarette device,Tobacco,2026-03-12
Pod Salt LLC,Pod Salt LLC,Pod Salt Air 5K Clear Classic Tobacco Disposable Device 10ml (USA) - 30mg/ml,PSAIC27US1030DD,5056598224101,1,10,Disposable e-cigarette device,Classic Tobacco,2026-03-12
Pod Salt LLC,Pod Salt LLC,Pod Salt Air 5K Clear Clear Blush Disposable Device 10ml (USA) - 30mg/ml,PSAIC20US1030DD,5056598224125,1,10,Disposable e-cigarette device,Clear Blush,2026-03-12
Pod Salt LLC,Pod Salt LLC,Pod Salt Air 5K Clear Clear Disposable Device 10ml (USA) - 50mg/ml,PSAIC16US1050DD,5056598201904,1,10,Disposable e-cigarette device,Clear,2026-03-12
Pod Salt LLC,Pod Salt LLC,Pod Salt Air 5K Clear Clear Sapphire Disposable Device 10ml (USA) - 50mg/ml,PSAIC08US1050DD,5056598201911,1,10,Disposable e-cigarette device,Clear Sapphire,2026-03-12
Pod Salt LLC,Pod Salt LLC,Pod Salt Air 5K Clear Clear Jewel Disposable Device 10ml (USA) - 50mg/ml,PSAIC06US1050DD,5056598201928,1,10,Disposable e-cigarette device,Clear Jewel,2026-03-12
Pod Salt LLC,Pod Salt LLC,Pod Salt Air 5K Clear Clear Emerald Disposable Device 10ml (USA) - 50mg/ml,PSAIC05US1050DD,5056598201935,1,10,Disposable e-cigarette device,Clear Emerald,2026-03-12
Pod Salt LLC,Pod Salt LLC,Pod Salt Air 5K Clear Naked Clear Disposable Device 10ml (USA) - 50mg/ml,PSAIC10US1050DD,5056598201942,1,10,Disposable e-cigarette device,Naked Clear,2026-03-12
Pod Salt LLC,Pod Salt LLC,Pod Salt Air 5K Clear Ultra Clear Disposable Device 10ml (USA) - 50mg/ml,PSAIC23US1050DD,5056598201959,1,10,Disposable e-cigarette device,Ultra Clear,2026-03-12
Pod Salt LLC,Pod Salt LLC,Pod Salt Air 5K Clear Menthol Silver Disposable Device 10ml (USA) - 50mg/ml,PSAIC15US1050DD,5056598201966,1,10,Disposable e-cigarette device,Menthol Silver,2026-03-12
Pod Salt LLC,Pod Salt LLC,Pod Salt Air 5K Clear Clear Blue Disposable Device 10ml (USA) - 50mg/ml,PSAIC03US1050DD,5056598203038,1,10,Disposable e-cigarette device,Clear Blue,2026-03-12
Pod Salt LLC,Pod Salt LLC,Pod Salt Air 5K Clear Clear Red Disposable Device 10ml (USA) - 50mg/ml,PSAIC30US1050DD,5056598203052,1,10,Disposable e-cigarette device,Clear Red,2026-03-12
Pod Salt LLC,Pod Salt LLC,Pod Salt Air 5K Clear Clear Purple Disposable Device 10ml (USA) - 50mg/ml,PSAIC18US1050DD,5056598203069,1,10,Disposable e-cigarette device,Clear Purple,2026-03-12
Pod Salt LLC,Pod Salt LLC,Pod Salt Air 5K Clear Clear Pink Disposable Device 10ml (USA) - 50mg/ml,PSAIC24US1050DD,5056598203083,1,10,Disposable e-cigarette device,Clear Pink,2026-03-12
Pod Salt LLC,Pod Salt LLC,Pod Salt Air 5K Clear Clear 100 Disposable Device 10ml (USA) - 50mg/ml,PSAIC21US1050DD,5056598203090,1,10,Disposable e-cigarette device,Clear 100,2026-03-12
Pod Salt LLC,Pod Salt LLC,Pod Salt Air 5K Clear Clear Ruby Disposable Device 10ml (USA) - 50mg/ml,PSAIC31US1050DD,5056598203113,1,10,Disposable e-cigarette device,Clear Ruby,2026-03-12
Pod Salt LLC,Pod Salt LLC,Pod Salt Air 5K Clear Clear Yellow Disposable Device 10ml (USA) - 50mg/ml,PSAIC28US1050DD,5056598203137,1,10,Disposable e-cigarette device,Clear Yellow,2026-03-12
Pod Salt LLC,Pod Salt LLC,Pod Salt Air 5K Clear Clear Green Disposable Device 10ml (USA) - 50mg/ml,PSAIC17US1050DD,5056598203144,1,10,Disposable e-cigarette device,Clear Green,2026-03-12
Pod Salt LLC,Pod Salt LLC,Pod Salt Air 5K Clear Menthol Disposable Device 10ml (USA) - 50mg/ml,PSAIC19US1050DD,5056598221582,1,10,Disposable e-cigarette device,Menthol,2026-03-12
Pod Salt LLC,Pod Salt LLC,Pod Salt Air 5K Clear Classic Tobacco Disposable Device 10ml (USA) - 50mg/ml,PSAIC27US1050DD,5056598221599,1,10,Disposable e-cigarette device,Classic Tobacco,2026-03-12
Pod Salt LLC,Pod Salt LLC,Pod Salt Air 5K Clear Tobacco Disposable Device 10ml (USA) - 50mg/ml,PSAIC26US1050DD,5056598221605,1,10,Disposable e-cigarette device,Tobacco,2026-03-12
Pod Salt LLC,Pod Salt LLC,Pod Salt Air 5K Clear Clear Diamond Disposable Device 10ml (USA) - 50mg/ml,PSAIC11US1050DD,5056598221629,1,10,Disposable e-cigarette device,Clear Diamond,2026-03-12
Pod Salt LLC,Pod Salt LLC,Pod Salt Air 5K Clear Classic Clear Disposable Device 10ml (USA) - 50mg/ml,PSAIC09US1050DD,5056598221667,1,10,Disposable e-cigarette device,Classic Clear,2026-03-12
Pod Salt LLC,Pod Salt LLC,Pod Salt Air 5K Clear Cloud Clear Disposable Device 10ml (USA) - 50mg/ml,PSAIC04US1050DD,5056598221674,1,10,Disposable e-cigarette device,Cloud Clear,2026-03-12
Pod Salt LLC,Pod Salt LLC,Pod Salt Air 5K Clear Smooth Clear Disposable Device 10ml (USA) - 50mg/ml,PSAIC07US1050DD,5056598221681,1,10,Disposable e-cigarette device,Smooth Clear,2026-03-12
Pod Salt LLC,Pod Salt LLC,Pod Salt Air 5K Clear Clear Blush Disposable Device 10ml (USA) - 50mg/ml,PSAIC20US1050DD,5056598224019,1,10,Disposable e-cigarette device,Clear Blush,2026-03-12
"Prohibition Juice Company, LLC","Prohibition Juice Company, LLC",Ridin' Shotgun 3mg,810570038026,810570038026,1,100,E-liquid,Golden Cookie Pudding,2026-01-27
"Prohibition Juice Company, LLC","Prohibition Juice Company, LLC",Ridin' Shotgun 6mg,810570038033,810570038033,1,100,E-liquid,Golden Cookie Pudding,2026-01-27
"Prohibition Juice Company, LLC","Prohibition Juice Company, LLC",White Lightning 3mg,810570037944,810570037944,1,100,E-liquid,Watermelon Lemonade,2026-01-27
"Prohibition Juice Company, LLC","Prohibition Juice Company, LLC",White Lightning 6mg,810570037951,810570037951,1,100,E-liquid,Watermelon Lemonade,2026-01-27
"Prohibition Juice Company, LLC","Prohibition Juice Company, LLC",Speakeasy 3mg,810570037821,810570037821,1,100,E-liquid,Root Beer Float,2026-01-27
"Prohibition Juice Company, LLC","Prohibition Juice Company, LLC",Speakeasy 6mg,810570037838,810570037838,1,100,E-liquid,Root Beer Float,2026-01-27
"Prohibition Juice Company, LLC","Prohibition Juice Company, LLC",Sin Tax 3mg,810570037906,810570037906,1,100,E-liquid,Peanut Butter Custard,2026-01-27
"Prohibition Juice Company, LLC","Prohibition Juice Company, LLC",Sin Tax 6mg,810570037913,810570037913,1,100,E-liquid,Peanut Butter Custard,2026-01-27
"Pure Laboratories, LLC","Pure Laboratories, LLC",60ml Fusion Eliquid - 3 mg/ml,US60-FUSN-EQ03-01,842099102056,1,60,E-liquid,Unflavored Tobacco,2025-10-01
"Pure Laboratories, LLC","Pure Laboratories, LLC",60ml Fusion Eliquid - 6 mg/ml,US60-FUSN-EQ06-01,842099177559,1,60,E-liquid,Unflavored Tobacco,2025-10-01
"Pure Laboratories, LLC","Pure Laboratories, LLC",60ml Fusion Eliquid - 12 mg/ml,US60-FUSN-EQ12-01,842099102063,1,60,E-liquid,Unflavored Tobacco,2025-10-01
"Pure Laboratories, LLC","Pure Laboratories, LLC",60ml Fusion Eliquid - 18 mg/ml,US60-FUSN-EQ18-01,842099177566,1,60,E-liquid,Unflavored Tobacco,2025-10-01
"Pure Laboratories, LLC","Pure Laboratories, LLC",60ml Fusion Eliquid - 24 mg/ml,US60-FUSN-EQ24-01,842099102087,1,60,E-liquid,Unflavored Tobacco,2025-10-01
"Pure Laboratories, LLC","Pure Laboratories, LLC",60ml Subzero Eliquid - 3 mg/ml,US60-SUBZ-PG03-01,842099113045,1,60,E-liquid,Menthol,2025-10-01
"Pure Laboratories, LLC","Pure Laboratories, LLC",60ml Subzero Eliquid - 6 mg/ml,US60-SUBZ-PG06-01,842099164436,1,60,E-liquid,Menthol,2025-10-01
"Pure Laboratories, LLC","Pure Laboratories, LLC",60ml Subzero Eliquid - 12 mg/ml,US60-SUBZ-PG12-01,842099113052,1,60,E-liquid,Menthol,2025-10-01
"Pure Laboratories, LLC","Pure Laboratories, LLC",60ml Subzero Eliquid - 18 mg/ml,US60-SUBZ-PG18-01,842099136709,1,60,E-liquid,Menthol,2025-10-01
"Pure Laboratories, LLC","Pure Laboratories, LLC",60ml Subzero Eliquid - 24 mg/ml,US60-SUBZ-PG24-01,842099113069,1,60,E-liquid,Menthol,2025-10-01
"Pure Laboratories, LLC","Pure Laboratories, LLC",60ml Tribeca Eliquid - 3 mg/ml,US60-TRIB-PG03-01,842099113014,1,60,E-liquid,Tobacco,2025-10-01
"Pure Laboratories, LLC","Pure Laboratories, LLC",60ml Tribeca Eliquid - 6 mg/ml,US60-TRIB-PG06-01,842099160896,1,60,E-liquid,Tobacco,2025-10-01
"Pure Laboratories, LLC","Pure Laboratories, LLC",60ml Tribeca Eliquid - 12 mg/ml,US60-TRIB-PG12-01,842099113021,1,60,E-liquid,Tobacco,2025-10-01
"Pure Laboratories, LLC","Pure Laboratories, LLC",60ml Tribeca Eliquid - 18 mg/ml,US60-TRIB-PG18-01,842099161749,1,60,E-liquid,Tobacco,2025-10-01
"Pure Laboratories, LLC","Pure Laboratories, LLC",60ml Tribeca Eliquid - 24 mg/ml,US60-TRIB-PG24-01,842099113038,1,60,E-liquid,Tobacco,2025-10-01
"Pure Laboratories, LLC","Pure Laboratories, LLC",60ml Turkish Tobacco Eliquid - 3 mg/ml,US60-TURK-PG03-01,842099113137,1,60,E-liquid,Tobacco,2025-10-01
"Pure Laboratories, LLC","Pure Laboratories, LLC",60ml Turkish Tobacco Eliquid - 6 mg/ml,US60-TURK-PG06-01,842099167246,1,60,E-liquid,Tobacco,2025-10-01
"Pure Laboratories, LLC","Pure Laboratories, LLC",60ml Turkish Tobacco Eliquid - 12 mg/ml,US60-TURK-PG12-01,842099113144,1,60,E-liquid,Tobacco,2025-10-01
"Pure Laboratories, LLC","Pure Laboratories, LLC",60ml Turkish Tobacco Eliquid - 18 mg/ml,US60-TURK-PG18-01,842099173346,1,60,E-liquid,Tobacco,2025-10-01
"Pure Laboratories, LLC","Pure Laboratories, LLC",60ml Turkish Tobacco Eliquid - 24 mg/ml,US60-TURK-PG24-01,842099113151,1,60,E-liquid,Tobacco,2025-10-01
R.J. Reynolds Vapor Company,R.J. Reynolds Vapor Company,Vuse Vibe Power Unit,3701717005,8 4920501715 0,1,0,Refillable e-cigarette device,Unflavored,2025-10-01
R.J. Reynolds Vapor Company,R.J. Reynolds Vapor Company,Vuse Vibe Tank Menthol 3.0%,3701543003,8 4920501541 5,2,1.9,Electronic cigarette pod or cartridge,Menthol,2025-10-01
R.J. Reynolds Vapor Company,R.J. Reynolds Vapor Company,Vuse Vibe Tank Original 3.0%,3701531003,8 4920501529 3,2,1.9,Electronic cigarette pod or cartridge,Tobacco,2025-10-01
R.J. Reynolds Vapor Company,R.J. Reynolds Vapor Company,Vuse Solo Menthol 4.8%,3100059302,8 4920500061 9,2,0.5,Electronic cigarette pod or cartridge,Menthol,2025-10-01
R.J. Reynolds Vapor Company,R.J. Reynolds Vapor Company,Vuse Solo Original 4.8%,3100056302,8 4920500058 9,2,0.5,Electronic cigarette pod or cartridge,Tobacco,2025-10-01
R.J. Reynolds Vapor Company,R.J. Reynolds Vapor Company,Vuse Solo Original Kit,3100136304,8 4920500134 0,2,0.5,Electronic cigarette pod or cartridge,Tobacco,2025-10-01
R.J. Reynolds Vapor Company,R.J. Reynolds Vapor Company,Vuse Solo Power Unit,3101505305,8 4920501503 3,1,0,Refillable e-cigarette device,Unflavored,2025-10-01
R.J. Reynolds Vapor Company,R.J. Reynolds Vapor Company,Vuse Alto 1 Pod Golden Tobacco 2.4%,3702221002,8 4920502219 2,1,1.8,Electronic cigarette pod or cartridge,Tobacco,2025-10-01
R.J. Reynolds Vapor Company,R.J. Reynolds Vapor Company,Vuse Alto 1 Pod Golden Tobacco 5%,3702224002,8 4920502222 2,1,1.8,Electronic cigarette pod or cartridge,Tobacco,2025-10-01
R.J. Reynolds Vapor Company,R.J. Reynolds Vapor Company,Vuse Alto 1 Pod Menthol 2.4%,3702212002,8 4920502210 9,1,1.8,Electronic cigarette pod or cartridge,Menthol,2025-10-01
R.J. Reynolds Vapor Company,R.J. Reynolds Vapor Company,Vuse Alto 1 Pod Menthol 5%,3702215002,8 4920502213 0,1,1.8,Electronic cigarette pod or cartridge,Menthol,2025-10-01
R.J. Reynolds Vapor Company,R.J. Reynolds Vapor Company,Vuse Alto Pod Classic Tobacco 1.8%,10201924,8 4920503201 6,2,1.8,Electronic cigarette pod or cartridge,Tobacco,2025-10-01
R.J. Reynolds Vapor Company,R.J. Reynolds Vapor Company,Vuse Alto Pod Classic Tobacco 2.4%,10201931,8 4920503207 8,2,1.8,Electronic cigarette pod or cartridge,Tobacco,2025-10-01
R.J. Reynolds Vapor Company,R.J. Reynolds Vapor Company,Vuse Alto Pod Classic Tobacco 5%,10201917,8 4920503204 7,2,1.8,Electronic cigarette pod or cartridge,Tobacco,2025-10-01
R.J. Reynolds Vapor Company,R.J. Reynolds Vapor Company,Vuse Alto Pod Rich Tobacco 1.8%,3701972007,8 4920501970 3,2,1.8,Electronic cigarette pod or cartridge,Tobacco,2025-10-01
R.J. Reynolds Vapor Company,R.J. Reynolds Vapor Company,Vuse Alto Pod Rich Tobacco 2.4%,3701792007,8 4920501790 7,2,1.8,Electronic cigarette pod or cartridge,Tobacco,2025-10-01
R.J. Reynolds Vapor Company,R.J. Reynolds Vapor Company,Vuse Alto Pod Rich Tobacco 5%,3701630007,8 4920501628 3,2,1.8,Electronic cigarette pod or cartridge,Tobacco,2025-10-01
R.J. Reynolds Vapor Company,R.J. Reynolds Vapor Company,Vuse Alto Pod Golden Tobacco 1.8%,3701978007,8 4920501976 5,2,1.8,Electronic cigarette pod or cartridge,Tobacco,2025-10-01
R.J. Reynolds Vapor Company,R.J. Reynolds Vapor Company,Vuse Alto Pod Golden Tobacco 2.4%,3701948007,8 4920501946 8,2,1.8,Electronic cigarette pod or cartridge,Tobacco,2025-10-01
R.J. Reynolds Vapor Company,R.J. Reynolds Vapor Company,Vuse Alto Pod Golden Tobacco 5%,3701936007,8 4920501934 5,2,1.8,Electronic cigarette pod or cartridge,Tobacco,2025-10-01
R.J. Reynolds Vapor Company,R.J. Reynolds Vapor Company,Vuse Alto Pod Menthol 1.8%,3701969007,8 4920501967 3,2,1.8,Electronic cigarette pod or cartridge,Menthol,2025-10-01
R.J. Reynolds Vapor Company,R.J. Reynolds Vapor Company,Vuse Alto Pod Menthol 2.4%,3701993007,8 4920501991 8,2,1.8,Electronic cigarette pod or cartridge,Menthol,2025-10-01
R.J. Reynolds Vapor Company,R.J. Reynolds Vapor Company,Vuse Alto Pod Menthol 5%,3701627007,8 4920501625 2,2,1.8,Electronic cigarette pod or cartridge,Menthol,2025-10-01
R.J. Reynolds Vapor Company,R.J. Reynolds Vapor Company,Vuse Alto 4 Pod Classic Tobacco 2.4%,10201909,8 4920503213 9,4,1.8,Electronic cigarette pod or cartridge,Tobacco,2025-10-01
R.J. Reynolds Vapor Company,R.J. Reynolds Vapor Company,Vuse Alto 4 Pod Classic Tobacco 5%,10201908,8 4920503210 8,4,1.8,Electronic cigarette pod or cartridge,Tobacco,2025-10-01
R.J. Reynolds Vapor Company,R.J. Reynolds Vapor Company,Vuse Alto 4 Pod Golden Tobacco 2.4%,3702353002,8 4920502351 9,4,1.8,Electronic cigarette pod or cartridge,Tobacco,2025-10-01
R.J. Reynolds Vapor Company,R.J. Reynolds Vapor Company,Vuse Alto 4 Pod Golden Tobacco 5%,3702356002,8 4920502354 0,4,1.8,Electronic cigarette pod or cartridge,Tobacco,2025-10-01
R.J. Reynolds Vapor Company,R.J. Reynolds Vapor Company,Vuse Alto 4 Pod Menthol 2.4%,3702344002,8 4920502342 7,4,1.8,Electronic cigarette pod or cartridge,Menthol,2025-10-01
R.J. Reynolds Vapor Company,R.J. Reynolds Vapor Company,Vuse Alto 4 Pod Menthol 5%,3702347002,8 4920502345 8,4,1.8,Electronic cigarette pod or cartridge,Menthol,2025-10-01
R.J. Reynolds Vapor Company,R.J. Reynolds Vapor Company,Vuse Alto 6 Pod Golden Tobacco 5%,10175350,8 4920503062 3,6,1.8,Electronic cigarette pod or cartridge,Tobacco,2025-10-01
R.J. Reynolds Vapor Company,R.J. Reynolds Vapor Company,Vuse Alto 6 Pod Menthol 5%,10175349,8 4920503059 3,6,1.8,Electronic cigarette pod or cartridge,Menthol,2025-10-01
R.J. Reynolds Vapor Company,R.J. Reynolds Vapor Company,Vuse Alto 6 Pod Golden Tobacco 2.4%,10221823,8 4920503401 0,6,1.8,Electronic cigarette pod or cartridge,Tobacco,2025-10-01
R.J. Reynolds Vapor Company,R.J. Reynolds Vapor Company,Vuse Alto 6 Pod Menthol 2.4%,10221816,8 4920503398 3,6,1.8,Electronic cigarette pod or cartridge,Menthol,2025-10-01
R.J. Reynolds Vapor Company,R.J. Reynolds Vapor Company,Vuse Alto Classic Tobacco All In One Kit 5%,10201907,8 4920503216 0,2,1.8,Electronic cigarette pod or cartridge,Tobacco,2025-10-01
R.J. Reynolds Vapor Company,R.J. Reynolds Vapor Company,Vuse Alto Golden Tobacco All In One Kit 5%,10192905,8 4920502999 3,2,1.8,Electronic cigarette pod or cartridge,Tobacco,2025-10-01
R.J. Reynolds Vapor Company,R.J. Reynolds Vapor Company,Vuse Alto Menthol All In One Kit 5%,10192906,8 4920503002 9,2,1.8,Electronic cigarette pod or cartridge,Menthol,2025-10-01
R.J. Reynolds Vapor Company,R.J. Reynolds Vapor Company,Vuse Alto Golden Tobacco All In One Kit 2.4%,10192904,8 4920503005 0,2,1.8,Electronic cigarette pod or cartridge,Tobacco,2025-10-01
R.J. Reynolds Vapor Company,R.J. Reynolds Vapor Company,Vuse Alto Menthol All In One Kit 2.4%,10208296,8 4920503248 1,2,1.8,Electronic cigarette pod or cartridge,Menthol,2025-10-01
R.J. Reynolds Vapor Company,R.J. Reynolds Vapor Company,Vuse Alto Prismatic Aqua Frost Menthol 5%,10203211,8 4920503242 9,3,1.8,Electronic cigarette pod or cartridge,Menthol,2025-10-01
R.J. Reynolds Vapor Company,R.J. Reynolds Vapor Company,Vuse Alto Prismatic Dusk Glow Tobacco 5%,10189132,8 4920503122 4,3,1.8,Electronic cigarette pod or cartridge,Tobacco,2025-10-01
R.J. Reynolds Vapor Company,R.J. Reynolds Vapor Company,Vuse Alto Prismatic Golden Spark Tobacco 5%,10189133,8 4920503125 5,3,1.8,Electronic cigarette pod or cartridge,Tobacco,2025-10-01
R.J. Reynolds Vapor Company,R.J. Reynolds Vapor Company,Vuse Alto Prismatic Aqua Frost Menthol 2.4%,10209032,8 4920503257 3,3,1.8,Electronic cigarette pod or cartridge,Menthol,2025-10-01
R.J. Reynolds Vapor Company,R.J. Reynolds Vapor Company,Vuse Alto Prismatic Dusk Glow Tobacco 2.4%,10209028,8 4920503251 1,3,1.8,Electronic cigarette pod or cartridge,Tobacco,2025-10-01
R.J. Reynolds Vapor Company,R.J. Reynolds Vapor Company,Vuse Alto Prismatic Golden Spark Tobacco 2.4%,10209031,8 4920503254 2,3,1.8,Electronic cigarette pod or cartridge,Tobacco,2025-10-01
R.J. Reynolds Vapor Company,R.J. Reynolds Vapor Company,Vuse Alto Prismatic Aqua Frost Menthol 5% Tasting Kit,10203206,8 4920503245 0,3,1.8,Electronic cigarette pod or cartridge,Menthol,2025-10-01
R.J. Reynolds Vapor Company,R.J. Reynolds Vapor Company,Vuse Alto Prismatic Golden Spark/Dusk Glow Tasting Kit 5%,10196352,8 4920503134 7,3,1.8,Electronic cigarette pod or cartridge,Tobacco,2025-10-01
R.J. Reynolds Vapor Company,R.J. Reynolds Vapor Company,Vuse Alto Prismatic Aqua Frost Menthol 2.4% Tasting Kit,10209128,8 4920503263 4,3,1.8,Electronic cigarette pod or cartridge,Menthol,2025-10-01
R.J. Reynolds Vapor Company,R.J. Reynolds Vapor Company,Vuse Alto Prismatic Golden Spark/Dusk Glow Tasting Kit 2.4%,10209155,8 4920503260 3,3,1.8,Electronic cigarette pod or cartridge,Tobacco,2025-10-01
R.J. Reynolds Vapor Company,R.J. Reynolds Vapor Company,Vuse Alto Power Unit Blue,10192931,8 4920502114 0,1,0,Refillable e-cigarette device,Unflavored,2025-10-01
R.J. Reynolds Vapor Company,R.J. Reynolds Vapor Company,Vuse Alto Power Unit Teal,10173990,8 4920502165 2,1,0,Refillable e-cigarette device,Unflavored,2025-10-01
R.J. Reynolds Vapor Company,R.J. Reynolds Vapor Company,Vuse Alto Power Unit Slate,10166152,8 4920501859 1,1,0,Refillable e-cigarette device,Unflavored,2025-10-01
R.J. Reynolds Vapor Company,R.J. Reynolds Vapor Company,Vuse Alto Power Unit Red,10173995,8 4920502117 1,1,0,Refillable e-cigarette device,Unflavored,2025-10-01
R.J. Reynolds Vapor Company,R.J. Reynolds Vapor Company,Vuse Pro 2 Pod Berry 5%,10253890,849205034669,2,2,Electronic cigarette pod or cartridge,Berry Watermelon,2026-07-16
R.J. Reynolds Vapor Company,R.J. Reynolds Vapor Company,Vuse Pro 2 Pod Apple 5%,10254118,849205034782,2,2,Electronic cigarette pod or cartridge,Green Apple,2026-07-16
R.J. Reynolds Vapor Company,R.J. Reynolds Vapor Company,Vuse Pro 2 Pod Strawberry 5%,10254131,849205034812,2,2,Electronic cigarette pod or cartridge,Strawberry Kiwi,2026-07-16
R.J. Reynolds Vapor Company,R.J. Reynolds Vapor Company,Vuse Pro 2 Pod Peach 5%,10253900,849205034751,2,2,Electronic cigarette pod or cartridge,Peach Chill,2026-07-16
R.J. Reynolds Vapor Company,R.J. Reynolds Vapor Company,Vuse Pro 2 Pod Watermelon 5%,10253930,849205034690,2,2,Electronic cigarette pod or cartridge,Watermelon Chill,2026-07-16
R.J. Reynolds Vapor Company,R.J. Reynolds Vapor Company,Vuse Pro 2 Pod Fresh Mint 5%,10254119,849205034720,2,2,Electronic cigarette pod or cartridge,Fresh Mint,2026-07-16
R.J. Reynolds Vapor Company,R.J. Reynolds Vapor Company,Vuse Pro 4 Pod Berry 5%,10254122,849205034843,4,2,Electronic cigarette pod or cartridge,Berry Watermelon,2026-07-16
R.J. Reynolds Vapor Company,R.J. Reynolds Vapor Company,Vuse Pro 4 Pod Apple 5%,10254090,849205034966,4,2,Electronic cigarette pod or cartridge,Green Apple,2026-07-16
R.J. Reynolds Vapor Company,R.J. Reynolds Vapor Company,Vuse Pro 4 Pod Strawberry 5%,10254132,849205034997,4,2,Electronic cigarette pod or cartridge,Strawberry Kiwi,2026-07-16
R.J. Reynolds Vapor Company,R.J. Reynolds Vapor Company,Vuse Pro 4 Pod Peach 5%,10253889,849205034935,4,2,Electronic cigarette pod or cartridge,Peach Chill,2026-07-16
R.J. Reynolds Vapor Company,R.J. Reynolds Vapor Company,Vuse Pro 4 Pod Watermelon 5%,10254141,849205034874,4,2,Electronic cigarette pod or cartridge,Watermelon Chill,2026-07-16
R.J. Reynolds Vapor Company,R.J. Reynolds Vapor Company,Vuse Pro 4 Pod Fresh Mint 5%,10254121,849205034904,4,2,Electronic cigarette pod or cartridge,Fresh Mint,2026-07-16
Silverback Distro LLC,Silverback Distro LLC,SILVERBACK - TFN - 120ML -AMY 03MG,PD80,024589791029,1,120,E-liquid,Vanilla Bean P.B. Brittle Caramel,2025-10-10
Silverback Distro LLC,Silverback Distro LLC,SILVERBACK - TFN - 120ML -AMY 06MG,PD81,024589791036,1,120,E-liquid,Vanilla Bean P.B. Brittle Caramel,2025-10-10
Silverback Distro LLC,Silverback Distro LLC,SILVERBACK - TFN - 120ML -BOOBOO 03MG,PD82,024589790985,1,120,E-liquid,Blueberry Grape,2025-10-10
Silverback Distro LLC,Silverback Distro LLC,SILVERBACK - TFN - 120ML -BOOBOO 06MG,PD83,024589790992,1,120,E-liquid,Blueberry Grape,2025-10-10
Silverback Distro LLC,Silverback Distro LLC,SILVERBACK - TFN - 120ML -HARAMBE 03MG,PD84,024589791043,1,120,E-liquid,Cinnamon Cream Caribbean Rum,2025-10-10
Silverback Distro LLC,Silverback Distro LLC,SILVERBACK - TFN - 120ML -HARAMBE 06MG,PD85,024589791050,1,120,E-liquid,Cinnamon Cream Caribbean Rum,2025-10-10
Silverback Distro LLC,Silverback Distro LLC,SILVERBACK - TFN - 120ML -JENNY 03MG,PD86,024589790923,1,120,E-liquid,Strawberry Watermelon Menthol,2025-10-10
Silverback Distro LLC,Silverback Distro LLC,SILVERBACK - TFN - 120ML -JENNY 06MG,PD87,024589790930,1,120,E-liquid,Strawberry Watermelon Menthol,2025-10-10
Silverback Distro LLC,Silverback Distro LLC,SILVERBACK - TFN - 120ML -LOLA 03MG,PD88,024589791005,1,120,E-liquid,Strawberry Banana Dragon Fruit,2025-10-10
Silverback Distro LLC,Silverback Distro LLC,SILVERBACK - TFN - 120ML -LOLA 06MG,PD89,024589791012,1,120,E-liquid,Strawberry Banana Dragon Fruit,2025-10-10
Silverback Distro LLC,Silverback Distro LLC,SILVERBACK - TFN - 120ML -ROCKY 03MG,PD90,024589790961,1,120,E-liquid,Strawberry Banana Vanilla Ice Cream Oatmeal Crumbs,2025-10-10
Silverback Distro LLC,Silverback Distro LLC,SILVERBACK - TFN - 120ML -ROCKY 06MG,PD91,024589790978,1,120,E-liquid,Strawberry Banana Vanilla Ice Cream Oatmeal Crumbs,2025-10-10
Silverback Distro LLC,Silverback Distro LLC,SILVERBACK - TFN - 120ML -SANDY 03MG,PD92,024589790947,1,120,E-liquid,Strawberry Watermelon,2025-10-10
Silverback Distro LLC,Silverback Distro LLC,SILVERBACK - TFN - 120ML -SANDY 06MG,PD93,024589790954,1,120,E-liquid,Strawberry Watermelon,2025-10-10
Silverback Distro LLC,Silverback Distro LLC,SILVERBACK - TFN - 30ML -AMY 25MG,PD94,024589791166,1,30,E-liquid,Vanilla Bean P.B. Brittle Caramel,2025-10-10
Silverback Distro LLC,Silverback Distro LLC,SILVERBACK - TFN - 30ML -AMY 45MG,PD95,024589791173,1,30,E-liquid,Vanilla Bean P.B. Brittle Caramel,2025-10-10
Silverback Distro LLC,Silverback Distro LLC,SILVERBACK - TFN - 30ML -BOOBOO 25MG,PD96,024589791128,1,30,E-liquid,Blueberry Grape,2025-10-10
Silverback Distro LLC,Silverback Distro LLC,SILVERBACK - TFN - 30ML -BOOBOO 45MG,PD97,024589791135,1,30,E-liquid,Blueberry Grape,2025-10-10
Silverback Distro LLC,Silverback Distro LLC,SILVERBACK - TFN - 30ML -HARAMBE 25MG,PD98,024589791180,1,30,E-liquid,Cinnamon Cream Caribbean Rum,2025-10-10
Silverback Distro LLC,Silverback Distro LLC,SILVERBACK - TFN - 30ML -HARAMBE 45MG,PD99,024589791197,1,30,E-liquid,Cinnamon Cream Caribbean Rum,2025-10-10
Silverback Distro LLC,Silverback Distro LLC,SILVERBACK - TFN - 30ML -JENNY 25MG,PD100,024589791067,1,30,E-liquid,Strawberry Watermelon Menthol,2025-10-10
Silverback Distro LLC,Silverback Distro LLC,SILVERBACK - TFN - 30ML -JENNY 45MG,PD101,024589791074,1,30,E-liquid,Strawberry Watermelon Menthol,2025-10-10
Silverback Distro LLC,Silverback Distro LLC,SILVERBACK - TFN - 30ML -LOLA 25MG,PD102,024589791142,1,30,E-liquid,Strawberry Banana Dragon Fruit,2025-10-10
Silverback Distro LLC,Silverback Distro LLC,SILVERBACK - TFN - 30ML -LOLA 45MG,PD103,024589791159,1,30,E-liquid,Strawberry Banana Dragon Fruit,2025-10-10
Silverback Distro LLC,Silverback Distro LLC,SILVERBACK - TFN - 30ML -ROCKY 25MG,PD104,024589791104,1,30,E-liquid,Strawberry Banana Vanilla Ice Cream Oatmeal Crumbs,2025-10-10
Silverback Distro LLC,Silverback Distro LLC,SILVERBACK - TFN - 30ML -ROCKY 45MG,PD105,024589791111,1,30,E-liquid,Strawberry Banana Vanilla Ice Cream Oatmeal Crumbs,2025-10-10
Silverback Distro LLC,Silverback Distro LLC,SILVERBACK - TFN - 30ML -SANDY 25MG,PD106,024589791081,1,30,E-liquid,Strawberry Watermelon,2025-10-10
Silverback Distro LLC,Silverback Distro LLC,SILVERBACK - TFN - 30ML -SANDY 45MG,PD107,024589791098,1,30,E-liquid,Strawberry Watermelon,2025-10-10
Silverback Distro LLC,Silverback Distro LLC,SILVERBACK PLATINUM - TFN SALTS - 30ML -CODY -25MG,PD114,024589791500,1,30,E-liquid,Blueberry Grape Fresh,2025-10-10
Silverback Distro LLC,Silverback Distro LLC,SILVERBACK PLATINUM - TFN SALTS - 30ML -CODY -25MG,PD115,024589791517,1,30,E-liquid,Blueberry Grape Fresh,2025-10-10
Silverback Distro LLC,Silverback Distro LLC,SILVERBACK PLATINUM - TFN SALTS - 30ML -JACK-25MG,PD116,024589791524,1,30,E-liquid,Strawberry Watermelon Cucumber Fresh,2025-10-10
Silverback Distro LLC,Silverback Distro LLC,SILVERBACK PLATINUM - TFN SALTS - 30ML -JACK-45MG,PD117,024589791531,1,30,E-liquid,Strawberry Watermelon Cucumber Fresh,2025-10-10
Silverback Distro LLC,Silverback Distro LLC,SILVERBACK PLATINUM - TFN SALTS - 30ML -PACO-25MG,PD118,024589791548,1,30,E-liquid,Green Apple Candy Fresh,2025-10-10
Silverback Distro LLC,Silverback Distro LLC,SILVERBACK PLATINUM - TFN SALTS - 30ML -PACO-45MG,PD119,024589791555,1,30,E-liquid,Green Apple Candy Fresh,2025-10-10
Silverback Distro LLC,Silverback Distro LLC,SILVERBACK PLATINUM - TFN-120ML- CODY- 03MG,PD108,024589791449,1,120,E-liquid,Blueberry Grape Fresh,2025-10-10
Silverback Distro LLC,Silverback Distro LLC,SILVERBACK PLATINUM - TFN-120ML- CODY- 06MG,PD109,024589791456,1,120,E-liquid,Blueberry Grape Fresh,2025-10-10
Silverback Distro LLC,Silverback Distro LLC,SILVERBACK PLATINUM - TFN-120ML- JACK- 03MG,PD110,024589791463,1,120,E-liquid,Strawberry Watermelon Cucumber Fresh,2025-10-10
Silverback Distro LLC,Silverback Distro LLC,SILVERBACK PLATINUM - TFN-120ML- JACK- 06MG,PD111,024589791470,1,120,E-liquid,Strawberry Watermelon Cucumber Fresh,2025-10-10
Silverback Distro LLC,Silverback Distro LLC,SILVERBACK PLATINUM - TFN-120ML- PACO- 03MG,PD112,024589791487,1,120,E-liquid,Green Apple Candy Fresh,2025-10-10
Silverback Distro LLC,Silverback Distro LLC,SILVERBACK PLATINUM - TFN-120ML- PACO- 06MG,PD113,024589791494,1,120,E-liquid,Green Apple Candy Fresh,2025-10-10
Smokeetown Wholesale LLC,Smokeetown Wholesale LLC,Dragon Buzz,742761630460,742761630453,5,12,Disposable e-cigarette device,Blue Razz Ice,2026-02-24
Smokeetown Wholesale LLC,Smokeetown Wholesale LLC,Dragon Blood,742761630569,742761630330,5,12,Disposable e-cigarette device,Pomegranate Mixed Berry,2026-02-24
Smokeetown Wholesale LLC,Smokeetown Wholesale LLC,Dragon Chill,742761630606,742761630316,5,12,Disposable e-cigarette device,Watermelon Ice,2026-02-24
Smokeetown Wholesale LLC,Smokeetown Wholesale LLC,Dragon Classic,742761630590,742761630323,5,12,Disposable e-cigarette device,Tobacco,2026-02-24
Smokeetown Wholesale LLC,Smokeetown Wholesale LLC,Dragon Feast,742761630576,742761630347,5,12,Disposable e-cigarette device,Watermelon Honeydew Ice,2026-02-24
Smokeetown Wholesale LLC,Smokeetown Wholesale LLC,Dragon Fluffy,742761630545,742761630385,5,12,Disposable e-cigarette device,Raspberry Cotton Candy,2026-02-24
Smokeetown Wholesale LLC,Smokeetown Wholesale LLC,Dragon Gummy,742761630538,742761630392,5,12,Disposable e-cigarette device,Sour Gummy Candy,2026-02-24
Smokeetown Wholesale LLC,Smokeetown Wholesale LLC,Dragon Island,742761630583,742761630354,5,12,Disposable e-cigarette device,Mango Pineapple Peach,2026-02-24
Smokeetown Wholesale LLC,Smokeetown Wholesale LLC,Dragon Pink,742761630514,742761630408,5,12,Disposable e-cigarette device,Strawberry Taffy,2026-02-24
Smokeetown Wholesale LLC,Smokeetown Wholesale LLC,Dragon Plush,742761630477,742761630446,5,12,Disposable e-cigarette device,Juicy Peach Ice,2026-02-24
Smokeetown Wholesale LLC,Smokeetown Wholesale LLC,Dragon Punch,742761630552,742761630361,5,12,Disposable e-cigarette device,Apple Watermelon Candy,2026-02-24
Smokeetown Wholesale LLC,Smokeetown Wholesale LLC,Dragon Red,742761630491,742761630415,5,12,Disposable e-cigarette device,Strawberry Coconut Ice,2026-02-24
Smokeetown Wholesale LLC,Smokeetown Wholesale LLC,Dragon Twist,742761630521,742761630378,5,12,Disposable e-cigarette device,Grape Lemonade,2026-02-24
Smokeetown Wholesale LLC,Smokeetown Wholesale LLC,Dragon Water,742761630507,742761630422,5,12,Disposable e-cigarette device,Strawmelon Bubblegum,2026-02-24
Smokeetown Wholesale LLC,Smokeetown Wholesale LLC,Dragon White,742761630484,742761630439,5,12,Disposable e-cigarette device,Blu Lime Berry,2026-02-24
SS Vape Brands Inc.,Monster Vapes Labs,Custard Monster Banana,CMBAN3MG-100-SYN,710022787543,1,100,E-liquid,Banana,2025-10-01
SS Vape Brands Inc.,Monster Vapes Labs,Custard Monster Blackberry,CMBLB3MG-100-SYN,710022787444,1,100,E-liquid,Blackberry,2025-10-01
SS Vape Brands Inc.,Monster Vapes Labs,Custard Monster Blueberry,CMBB3MG-100-SYN,710022787642,1,100,E-liquid,Blueberry,2025-10-01
SS Vape Brands Inc.,Monster Vapes Labs,Custard Monster Butterscotch,CMBS3MG-100-SYN,710022787499,1,100,E-liquid,Butterscotch,2025-10-01
SS Vape Brands Inc.,Monster Vapes Labs,Custard Monster Mixed Berry,CMMB3MG-100-SYN,710022787741,1,100,E-liquid,Berry,2025-10-01
SS Vape Brands Inc.,Monster Vapes Labs,Custard Monster Strawberry,CMSB3MG-100-SYN,710022787598,1,100,E-liquid,Strawberry,2025-10-01
SS Vape Brands Inc.,Monster Vapes Labs,Custard Monster Vanilla,CMVAN3MG-100-SYN,710022787697,1,100,E-liquid,Vanilla,2025-10-01
SS Vape Brands Inc.,Monster Vapes Labs,Frozen Fruit Monster Banana Ice,FFMBAN3MG-100-SYN,710022788793,1,100,E-liquid,Banana,2025-10-01
SS Vape Brands Inc.,Monster Vapes Labs,Frozen Fruit Monster Black Cherry Ice,FFMBAN3MG-100-SYN,710022788946,1,100,E-liquid,Cherry,2025-10-01
SS Vape Brands Inc.,Monster Vapes Labs,Frozen Fruit Monster Blueberry Raspberry Lemon Ice,FFMBRL3MG-100-SYN,710022788595,1,100,E-liquid,Blueberry,2025-10-01
SS Vape Brands Inc.,Monster Vapes Labs,Frozen Fruit Monster Mango Peach Guava Ice,FFMMPG3MG-100-SYN,710022788694,1,100,E-liquid,Mango,2025-10-01
SS Vape Brands Inc.,Monster Vapes Labs,Frozen Fruit Monster Mixed Berry Ice,FFMMB3MG-100-SYN,710022788748,1,100,E-liquid,Berry,2025-10-01
SS Vape Brands Inc.,Monster Vapes Labs,Frozen Fruit Monster Passionfruit Orange Guava Ice,FFMPOG3MG-100-SYN,710022788892,1,100,E-liquid,Passionfruit,2025-10-01
SS Vape Brands Inc.,Monster Vapes Labs,Frozen Fruit Monster Strawberry Pomegranate Kiwi Ice,FFMSPK3MG-100-SYN,710022788649,1,100,E-liquid,Strawberry,2025-10-01
SS Vape Brands Inc.,Monster Vapes Labs,Frozen Fruit Monster Strawberry Banana Ice,FFMSBAN3MG-100-SYN,710022788847,1,100,E-liquid,Strawberry,2025-10-01
SS Vape Brands Inc.,Monster Vapes Labs,Frozen Fruit Monster Strawberry Lime Ice,FFMSBLM3MG-100-SYN,710022788991,1,100,E-liquid,Strawberry,2025-10-01
SS Vape Brands Inc.,Monster Vapes Labs,Fruit Monster Black Cherry,FMBKCH3MG-100-SYN,710022789349,1,100,E-liquid,Cherry,2025-10-01
SS Vape Brands Inc.,Monster Vapes Labs,Fruit Monster Blueberry Raspberry Lemon,FMBRL3MG-100-SYN,710022789042,1,100,E-liquid,Blueberry,2025-10-01
SS Vape Brands Inc.,Monster Vapes Labs,Fruit Monster Mango Peach Guava,FMMPG3MG-100-SYN,710022789141,1,100,E-liquid,Mango,2025-10-01
SS Vape Brands Inc.,Monster Vapes Labs,Fruit Monster Mixed Berry,FMMB3MG-100-SYN,710022789196,1,100,E-liquid,Berry,2025-10-01
SS Vape Brands Inc.,Monster Vapes Labs,Fruit Monster Passionfruit Orange Guava,FMPOG3MG-100-SYN,710022789295,1,100,E-liquid,Passionfruit,2025-10-01
SS Vape Brands Inc.,Monster Vapes Labs,Fruit Monster Strawberry Lime,FMSBLM3MG-100-SYN,710022789394,1,100,E-liquid,Strawberry,2025-10-01
SS Vape Brands Inc.,Monster Vapes Labs,Fruit Monster Strawberry Banana,FMSBAN3MG-100-SYN,710022789240,1,100,E-liquid,Strawberry,2025-10-01
SS Vape Brands Inc.,Monster Vapes Labs,Fruit Monster Strawberry Pomegranate Kiwi,FMSPK3MG-100-SYN,710022789097,1,100,E-liquid,Strawberry,2025-10-01
SS Vape Brands Inc.,Monster Vapes Labs,Jam Monster Apple,JAMAP3MG-100-SYN,710022788045,1,100,E-liquid,Apple,2025-10-01
SS Vape Brands Inc.,Monster Vapes Labs,Jam Monster Apricot,JAMAPCT3MG-100-SYN,710022788090,1,100,E-liquid,Apricot,2025-10-01
SS Vape Brands Inc.,Monster Vapes Labs,Jam Monster Banana,JAMBAN3MG-100-SYN,710022788144,1,100,E-liquid,Banana,2025-10-01
SS Vape Brands Inc.,Monster Vapes Labs,Jam Monster Black Cherry,JAMBKCH3MG-100-SYN,710022787796,1,100,E-liquid,Cherry,2025-10-01
SS Vape Brands Inc.,Monster Vapes Labs,Jam Monster Blackberry,JAMBLB3MG-100-SYN,710022787949,1,100,E-liquid,Blackberry,2025-10-01
SS Vape Brands Inc.,Monster Vapes Labs,Jam Monster Blueberry,JAMBB3MG-100-SYN,710022787895,1,100,E-liquid,Blueberry,2025-10-01
SS Vape Brands Inc.,Monster Vapes Labs,Jam Monster Grape,JAMGR3MG-100-SYN,710022787994,1,100,E-liquid,Grape,2025-10-01
SS Vape Brands Inc.,Monster Vapes Labs,Jam Monster Lemon,JAMLM3MG-100-SYN,710022788199,1,100,E-liquid,Lemon,2025-10-01
SS Vape Brands Inc.,Monster Vapes Labs,Jam Monster Mixed Berry,JAMMB3MG-100-SYN,710022788243,1,100,E-liquid,Berry,2025-10-01
SS Vape Brands Inc.,Monster Vapes Labs,Jam Monster Orange Marmalade,JAMOM3MG-100-SYN,710022788298,1,100,E-liquid,Orange,2025-10-01
SS Vape Brands Inc.,Monster Vapes Labs,Jam Monster PB & Banana,PBJAMBAN3MG-100-SYN,710022788540,1,100,E-liquid,Banana,2025-10-01
SS Vape Brands Inc.,Monster Vapes Labs,Jam Monster PB & Grape,PBJAMGR3MG-100-SYN,710022788441,1,100,E-liquid,Grape,2025-10-01
SS Vape Brands Inc.,Monster Vapes Labs,Jam Monster PB & Strawberry,PBJAMSB3MG-100-SYN,710022788496,1,100,E-liquid,Strawberry,2025-10-01
SS Vape Brands Inc.,Monster Vapes Labs,Jam Monster Peach,JAMPCH3MG-100-SYN,710022788342,1,100,E-liquid,Peach,2025-10-01
SS Vape Brands Inc.,Monster Vapes Labs,Jam Monster Raspberry,JAMRB3MG-100-SYN,710022788397,1,100,E-liquid,Raspberry,2025-10-01
SS Vape Brands Inc.,Monster Vapes Labs,Jam Monster Strawberry,JAMSB3MG-100-SYN,710022787840,1,100,E-liquid,Strawberry,2025-10-01
SS Vape Brands Inc.,Monster Vapes Labs,Lemonade Monster Blackberry,LMBLB3MG-100-SYN,710022787345,1,100,E-liquid,Blackberry Lemonade,2025-10-01
SS Vape Brands Inc.,Monster Vapes Labs,Lemonade Monster Blueberry,LMBB3MG-100-SYN,697794371388,1,100,E-liquid,Blueberry Lemonade,2025-10-01
SS Vape Brands Inc.,Monster Vapes Labs,Lemonade Monster Mango,LMMNG3MG-100-SYN,710022787246,1,100,E-liquid,Mango Lemonade,2025-10-01
SS Vape Brands Inc.,Monster Vapes Labs,Lemonade Monster Mint,LMMNT3MG-100-SYN,710022787390,1,100,E-liquid,Mint Lemonade,2025-10-01
SS Vape Brands Inc.,Monster Vapes Labs,Lemondade Monster Mixed Berry,LMMB3MG-100-SYN,710022787291,1,100,E-liquid,Berry Lemonade,2025-10-01
SS Vape Brands Inc.,Monster Vapes Labs,Lemonade Monster Pink,LMPL3MG-100-SYN,697794371272,1,100,E-liquid,Pink Lemonade,2025-10-01
SS Vape Brands Inc.,Monster Vapes Labs,Lemonade Monster Strawberry,LMSB3MG-100-SYN,697794371326,1,100,E-liquid,Strawberry Lemonade,2025-10-01
SS Vape Brands Inc.,Monster Vapes Labs,Lemonade Monster Watermelon,LMWM3MG-100-SYN,697794371432,1,100,E-liquid,Watermelon Lemonade,2025-10-01
SS Vape Brands Inc.,Monster Vapes Labs,Tobacco Monster Bold,TMBLD3MG-100,697794370923,1,100,E-liquid,Tobacco,2025-10-01
SS Vape Brands Inc.,Monster Vapes Labs,Tobacco Monster Menthol,TMMNTHL3MG-100,697794371074,1,100,E-liquid,Menthol,2025-10-01
SS Vape Brands Inc.,Monster Vapes Labs,Tobacco Monster Rich,TMRCH3MG-100,697794371029,1,100,E-liquid,Tobacco,2025-10-01
SS Vape Brands Inc.,Monster Vapes Labs,Tobacco Monster Smooth,TMSMTH3MG-100,697794370978,1,100,E-liquid,Tobacco,2025-10-01
SS Vape Brands Inc.,Monster Vapes Labs,Custard Monster Banana,CMBAN6MG-100-SYN,710022787550,1,100,E-liquid,Banana,2025-10-01
SS Vape Brands Inc.,Monster Vapes Labs,Custard Monster Blackberry,CMBLB6MG-100-SYN,710022787451,1,100,E-liquid,Blackberry,2025-10-01
SS Vape Brands Inc.,Monster Vapes Labs,Custard Monster Blueberry,CMBB6MG-100-SYN,710022787659,1,100,E-liquid,Blueberry,2025-10-01
SS Vape Brands Inc.,Monster Vapes Labs,Custard Monster Butterscotch,CMBS6MG-100-SYN,710022787505,1,100,E-liquid,Butterscotch,2025-10-01
SS Vape Brands Inc.,Monster Vapes Labs,Custard Monster Mixed Berry,CMMB6MG-100-SYN,710022787758,1,100,E-liquid,Berry,2025-10-01
SS Vape Brands Inc.,Monster Vapes Labs,Custard Monster Strawberry,CMSB6MG-100-SYN,710022787604,1,100,E-liquid,Strawberry,2025-10-01
SS Vape Brands Inc.,Monster Vapes Labs,Custard Monster Vanilla,CMVAN6MG-100-SYN,710022787703,1,100,E-liquid,Vanilla,2025-10-01
SS Vape Brands Inc.,Monster Vapes Labs,Frozen Fruit Monster Banana Ice,FFMBAN6MG-100-SYN,710022788809,1,100,E-liquid,Banana,2025-10-01
SS Vape Brands Inc.,Monster Vapes Labs,Frozen Fruit Monster Black Cherry Ice,FFMBAN6MG-100-SYN,710022788953,1,100,E-liquid,Cherry,2025-10-01
SS Vape Brands Inc.,Monster Vapes Labs,Frozen Fruit Monster Blueberry Raspberry Lemon Ice,FFMBRL6MG-100-SYN,710022788601,1,100,E-liquid,Blueberry,2025-10-01
SS Vape Brands Inc.,Monster Vapes Labs,Frozen Fruit Monster Mango Peach Guava Ice,FFMMPG6MG-100-SYN,710022788700,1,100,E-liquid,Mango,2025-10-01
SS Vape Brands Inc.,Monster Vapes Labs,Frozen Fruit Monster Mixed Berry Ice,FFMMB6MG-100-SYN,710022788755,1,100,E-liquid,Berry,2025-10-01
SS Vape Brands Inc.,Monster Vapes Labs,Frozen Fruit Monster Passionfruit Orange Guava Ice,FFMPOG6MG-100-SYN,710022788908,1,100,E-liquid,Passionfruit,2025-10-01
SS Vape Brands Inc.,Monster Vapes Labs,Frozen Fruit Monster Strawberry Pomegranate Kiwi Ice,FFMSPK6MG-100-SYN,710022788656,1,100,E-liquid,Strawberry,2025-10-01
SS Vape Brands Inc.,Monster Vapes Labs,Frozen Fruit Monster Strawberry Banana Ice,FFMSBAN6MG-100-SYN,710022788854,1,100,E-liquid,Strawberry,2025-10-01
SS Vape Brands Inc.,Monster Vapes Labs,Frozen Fruit Monster Strawberry Lime Ice,FFMSBLM6MG-100-SYN,710022789004,1,100,E-liquid,Strawberry,2025-10-01
SS Vape Brands Inc.,Monster Vapes Labs,Fruit Monster Black Cherry,FMBKCH6MG-100-SYN,710022789356,1,100,E-liquid,Cherry,2025-10-01
SS Vape Brands Inc.,Monster Vapes Labs,Fruit Monster Blueberry Raspberry Lemon,FMBRL6MG-100-SYN,710022789059,1,100,E-liquid,Blueberry,2025-10-01
SS Vape Brands Inc.,Monster Vapes Labs,Fruit Monster Mango Peach Guava,FMMPG6MG-100-SYN,710022789158,1,100,E-liquid,Mango,2025-10-01
SS Vape Brands Inc.,Monster Vapes Labs,Fruit Monster Mixed Berry,FMMB6MG-100-SYN,710022789202,1,100,E-liquid,Berry,2025-10-01
SS Vape Brands Inc.,Monster Vapes Labs,Fruit Monster Passionfruit Orange Guava,FMPOG6MG-100-SYN,710022789301,1,100,E-liquid,Passionfruit,2025-10-01
SS Vape Brands Inc.,Monster Vapes Labs,Fruit Monster Strawberry Lime,FMSBLM6MG-100-SYN,710022789400,1,100,E-liquid,Strawberry,2025-10-01
SS Vape Brands Inc.,Monster Vapes Labs,Fruit Monster Strawberry Banana,FMSBAN6MG-100-SYN,710022789257,1,100,E-liquid,Strawberry,2025-10-01
SS Vape Brands Inc.,Monster Vapes Labs,Fruit Monster Strawberry Pomegranate Kiwi,FMSPK6MG-100-SYN,710022789103,1,100,E-liquid,Strawberry,2025-10-01
SS Vape Brands Inc.,Monster Vapes Labs,Jam Monster Apple,JAMAP6MG-100-SYN,710022788052,1,100,E-liquid,Apple,2025-10-01
SS Vape Brands Inc.,Monster Vapes Labs,Jam Monster Apricot,JAMAPCT6MG-100-SYN,710022788106,1,100,E-liquid,Apricot,2025-10-01
SS Vape Brands Inc.,Monster Vapes Labs,Jam Monster Banana,JAMBAN6MG-100-SYN,710022788151,1,100,E-liquid,Banana,2025-10-01
SS Vape Brands Inc.,Monster Vapes Labs,Jam Monster Black Cherry,JAMBKCH6MG-100-SYN,710022787802,1,100,E-liquid,Cherry,2025-10-01
SS Vape Brands Inc.,Monster Vapes Labs,Jam Monster Blackberry,JAMBLB6MG-100-SYN,710022787956,1,100,E-liquid,Blackberry,2025-10-01
SS Vape Brands Inc.,Monster Vapes Labs,Jam Monster Blueberry,JAMBB6MG-100-SYN,710022787901,1,100,E-liquid,Blueberry,2025-10-01
SS Vape Brands Inc.,Monster Vapes Labs,Jam Monster Grape,JAMGR6MG-100-SYN,710022788007,1,100,E-liquid,Grape,2025-10-01
SS Vape Brands Inc.,Monster Vapes Labs,Jam Monster Lemon,JAMLM6MG-100-SYN,710022788205,1,100,E-liquid,Lemon,2025-10-01
SS Vape Brands Inc.,Monster Vapes Labs,Jam Monster Mixed Berry,JAMMB6MG-100-SYN,710022788250,1,100,E-liquid,Berry,2025-10-01
SS Vape Brands Inc.,Monster Vapes Labs,Jam Monster Orange Marmalade,JAMOM6MG-100-SYN,710022788304,1,100,E-liquid,Orange,2025-10-01
SS Vape Brands Inc.,Monster Vapes Labs,Jam Monster PB & Banana,PBJAMBAN6MG-100-SYN,710022788557,1,100,E-liquid,Banana,2025-10-01
SS Vape Brands Inc.,Monster Vapes Labs,Jam Monster PB & Grape,PBJAMGR6MG-100-SYN,710022788458,1,100,E-liquid,Grape,2025-10-01
SS Vape Brands Inc.,Monster Vapes Labs,Jam Monster PB & Strawberry,PBJAMSB6MG-100-SYN,710022788502,1,100,E-liquid,Strawberry,2025-10-01
SS Vape Brands Inc.,Monster Vapes Labs,Jam Monster Peach,JAMPCH6MG-100-SYN,710022788359,1,100,E-liquid,Peach,2025-10-01
SS Vape Brands Inc.,Monster Vapes Labs,Jam Monster Raspberry,JAMRB6MG-100-SYN,710022788403,1,100,E-liquid,Raspberry,2025-10-01
SS Vape Brands Inc.,Monster Vapes Labs,Jam Monster Strawberry,JAMSB6MG-100-SYN,710022787857,1,100,E-liquid,Strawberry,2025-10-01
SS Vape Brands Inc.,Monster Vapes Labs,Lemonade Monster Blackberry,LMBLB6MG-100-SYN,710022787352,1,100,E-liquid,Blackberry Lemonade,2025-10-01
SS Vape Brands Inc.,Monster Vapes Labs,Lemonade Monster Blueberry,LMBB6MG-100-SYN,697794371395,1,100,E-liquid,Blueberry Lemonade,2025-10-01
SS Vape Brands Inc.,Monster Vapes Labs,Lemonade Monster Mango,LMMNG6MG-100-SYN,710022787253,1,100,E-liquid,Mango Lemonade,2025-10-01
SS Vape Brands Inc.,Monster Vapes Labs,Lemonade Monster Mint,LMMNT6MG-100-SYN,710022787406,1,100,E-liquid,Mint Lemonade,2025-10-01
SS Vape Brands Inc.,Monster Vapes Labs,Lemondade Monster Mixed Berry,LMMB6MG-100-SYN,710022787307,1,100,E-liquid,Berry Lemonade,2025-10-01
SS Vape Brands Inc.,Monster Vapes Labs,Lemonade Monster Pink,LMPL6MG-100-SYN,697794371289,1,100,E-liquid,Pink Lemonade,2025-10-01
SS Vape Brands Inc.,Monster Vapes Labs,Lemonade Monster Strawberry,LMSB6MG-100-SYN,697794371333,1,100,E-liquid,Strawberry Lemonade,2025-10-01
SS Vape Brands Inc.,Monster Vapes Labs,Lemonade Monster Watermelon,LMWM6MG-100-SYN,697794371449,1,100,E-liquid,Watermelon Lemonade,2025-10-01
SS Vape Brands Inc.,Monster Vapes Labs,Tobacco Monster Bold,TMBLD6MG-100,697794370930,1,100,E-liquid,Tobacco,2025-10-01
SS Vape Brands Inc.,Monster Vapes Labs,Tobacco Monster Menthol,TMMNTHL6MG-100,697794371081,1,100,E-liquid,Menthol,2025-10-01
SS Vape Brands Inc.,Monster Vapes Labs,Tobacco Monster Rich,TMRCH6MG-100,697794371036,1,100,E-liquid,Tobacco,2025-10-01
SS Vape Brands Inc.,Monster Vapes Labs,Tobacco Monster Smooth,TMSMTH6MG-100,697794370985,1,100,E-liquid,Tobacco,2025-10-01
SS Vape Brands Inc.,Monster Vapes Labs,Custard Monster Banana,CMBANNS24MG-30-SYN,710022787567,1,30,E-liquid,Banana,2025-10-01
SS Vape Brands Inc.,Monster Vapes Labs,Custard Monster Blackberry,CMBLBNS24MG-30-SYN,710022787468,1,30,E-liquid,Blackberry,2025-10-01
SS Vape Brands Inc.,Monster Vapes Labs,Custard Monster Blueberry,CMBBNS24MG-30-SYN,710022787666,1,30,E-liquid,Blueberry,2025-10-01
SS Vape Brands Inc.,Monster Vapes Labs,Custard Monster Butterscotch,CMBSNS24MG-30-SYN,710022787512,1,30,E-liquid,Butterscotch,2025-10-01
SS Vape Brands Inc.,Monster Vapes Labs,Custard Monster Mixed Berry,CMMBNS24MG-30-SYN,710022787765,1,30,E-liquid,Berry,2025-10-01
SS Vape Brands Inc.,Monster Vapes Labs,Custard Monster Strawberry,CMSBNS24MG-30-SYN,710022787611,1,30,E-liquid,Strawberry,2025-10-01
SS Vape Brands Inc.,Monster Vapes Labs,Custard Monster Vanilla,CMVANNS24MG-30-SYN,710022787710,1,30,E-liquid,Vanilla,2025-10-01
SS Vape Brands Inc.,Monster Vapes Labs,Frozen Fruit Monster Banana Ice,FFMBANNS24MG-30-SYN,710022788816,1,30,E-liquid,Banana,2025-10-01
SS Vape Brands Inc.,Monster Vapes Labs,Frozen Fruit Monster Black Cherry Ice,FFMBANNS24MG-30-SYN,710022788960,1,30,E-liquid,Cherry,2025-10-01
SS Vape Brands Inc.,Monster Vapes Labs,Frozen Fruit Monster Blueberry Raspberry Lemon Ice,FFMBRLNS24MG-30-SYN,710022788618,1,30,E-liquid,Blueberry,2025-10-01
SS Vape Brands Inc.,Monster Vapes Labs,Frozen Fruit Monster Mango Peach Guava Ice,FFMMPGNS24MG-30-SYN,710022788717,1,30,E-liquid,Mango,2025-10-01
SS Vape Brands Inc.,Monster Vapes Labs,Frozen Fruit Monster Mixed Berry Ice,FFMMBNS24MG-30-SYN,710022788762,1,30,E-liquid,Berry,2025-10-01
SS Vape Brands Inc.,Monster Vapes Labs,Frozen Fruit Monster Passionfruit Orange Guava Ice,FFMPOGNS24MG-30-SYN,710022788915,1,30,E-liquid,Passionfruit,2025-10-01
SS Vape Brands Inc.,Monster Vapes Labs,Frozen Fruit Monster Strawberry Pomegranate Kiwi Ice,FFMSPKNS24MG-30-SYN,710022788663,1,30,E-liquid,Strawberry,2025-10-01
SS Vape Brands Inc.,Monster Vapes Labs,Frozen Fruit Monster Strawberry Banana Ice,FFMSBANNS24MG-30-SYN,710022788861,1,30,E-liquid,Strawberry,2025-10-01
SS Vape Brands Inc.,Monster Vapes Labs,Frozen Fruit Monster Strawberry Lime Ice,FFMSBLMNS24MG-30-SYN,710022789011,1,30,E-liquid,Strawberry,2025-10-01
SS Vape Brands Inc.,Monster Vapes Labs,Fruit Monster Black Cherry,FMBKCHNS24MG-30-SYN,710022789363,1,30,E-liquid,Cherry,2025-10-01
SS Vape Brands Inc.,Monster Vapes Labs,Fruit Monster Blueberry Raspberry Lemon,FMBRLNS24MG-30-SYN,710022789066,1,30,E-liquid,Blueberry,2025-10-01
SS Vape Brands Inc.,Monster Vapes Labs,Fruit Monster Mango Peach Guava,FMMPGNS24MG-30-SYN,710022789165,1,30,E-liquid,Mango,2025-10-01
SS Vape Brands Inc.,Monster Vapes Labs,Fruit Monster Mixed Berry,FMMBNS24MG-30-SYN,710022789219,1,30,E-liquid,Berry,2025-10-01
SS Vape Brands Inc.,Monster Vapes Labs,Fruit Monster Passionfruit Orange Guava,FMPOGNS24MG-30-SYN,710022789318,1,30,E-liquid,Passionfruit,2025-10-01
SS Vape Brands Inc.,Monster Vapes Labs,Fruit Monster Strawberry Lime,FMSBLMNS24MG-30-SYN,710022789417,1,30,E-liquid,Strawberry,2025-10-01
SS Vape Brands Inc.,Monster Vapes Labs,Fruit Monster Strawberry Banana,FMSBANNS24MG-30-SYN,710022789264,1,30,E-liquid,Strawberry,2025-10-01
SS Vape Brands Inc.,Monster Vapes Labs,Fruit Monster Strawberry Pomegranate Kiwi,FMSPKNS24MG-30-SYN,710022789110,1,30,E-liquid,Strawberry,2025-10-01
SS Vape Brands Inc.,Monster Vapes Labs,Jam Monster Apple,JAMAPNS24MG-30-SYN,710022788069,1,30,E-liquid,Apple,2025-10-01
SS Vape Brands Inc.,Monster Vapes Labs,Jam Monster Apricot,JAMAPCTNS24MG-30-SYN,710022788113,1,30,E-liquid,Apricot,2025-10-01
SS Vape Brands Inc.,Monster Vapes Labs,Jam Monster Banana,JAMBANNS24MG-30-SYN,710022788168,1,30,E-liquid,Banana,2025-10-01
SS Vape Brands Inc.,Monster Vapes Labs,Jam Monster Black Cherry,JAMBKCHNS24MG-30-SYN,710022787819,1,30,E-liquid,Cherry,2025-10-01
SS Vape Brands Inc.,Monster Vapes Labs,Jam Monster Blackberry,JAMBLBNS24MG-30-SYN,710022787963,1,30,E-liquid,Blackberry,2025-10-01
SS Vape Brands Inc.,Monster Vapes Labs,Jam Monster Blueberry,JAMBBNS24MG-30-SYN,710022787918,1,30,E-liquid,Blueberry,2025-10-01
SS Vape Brands Inc.,Monster Vapes Labs,Jam Monster Grape,JAMGRNS24MG-30-SYN,710022788014,1,30,E-liquid,Grape,2025-10-01
SS Vape Brands Inc.,Monster Vapes Labs,Jam Monster Lemon,JAMLMNS24MG-30-SYN,710022788212,1,30,E-liquid,Lemon,2025-10-01
SS Vape Brands Inc.,Monster Vapes Labs,Jam Monster Mixed Berry,JAMMBNS24MG-30-SYN,710022788267,1,30,E-liquid,Berry,2025-10-01
SS Vape Brands Inc.,Monster Vapes Labs,Jam Monster Orange Marmalade,JAMOMNS24MG-30-SYN,710022788311,1,30,E-liquid,Orange,2025-10-01
SS Vape Brands Inc.,Monster Vapes Labs,Jam Monster PB & Banana,PBJAMBANNS24MG-30-SYN,710022788564,1,30,E-liquid,Banana,2025-10-01
SS Vape Brands Inc.,Monster Vapes Labs,Jam Monster PB & Grape,PBJAMGRNS24MG-30-SYN,710022788465,1,30,E-liquid,Grape,2025-10-01
SS Vape Brands Inc.,Monster Vapes Labs,Jam Monster PB & Strawberry,PBJAMSBNS24MG-30-SYN,710022788519,1,30,E-liquid,Strawberry,2025-10-01
SS Vape Brands Inc.,Monster Vapes Labs,Jam Monster Peach,JAMPCHNS24MG-30-SYN,710022788366,1,30,E-liquid,Peach,2025-10-01
SS Vape Brands Inc.,Monster Vapes Labs,Jam Monster Raspberry,JAMRBNS24MG-30-SYN,710022788410,1,30,E-liquid,Raspberry,2025-10-01
SS Vape Brands Inc.,Monster Vapes Labs,Jam Monster Strawberry,JAMSBNS24MG-30-SYN,710022787864,1,30,E-liquid,Strawberry,2025-10-01
SS Vape Brands Inc.,Monster Vapes Labs,Lemonade Monster Blackberry,LMBLBNS24MG-30-SYN,710022787369,1,30,E-liquid,Blackberry Lemonade,2025-10-01
SS Vape Brands Inc.,Monster Vapes Labs,Lemonade Monster Blueberry,LMBBNS24MG-30-SYN,697794371401,1,30,E-liquid,Blueberry Lemonade,2025-10-01
SS Vape Brands Inc.,Monster Vapes Labs,Lemonade Monster Mango,LMMNGNS24MG-30-SYN,710022787260,1,30,E-liquid,Mango Lemonade,2025-10-01
SS Vape Brands Inc.,Monster Vapes Labs,Lemonade Monster Mint,LMMNTNS24MG-30-SYN,710022787413,1,30,E-liquid,Mint Lemonade,2025-10-01
SS Vape Brands Inc.,Monster Vapes Labs,Lemondade Monster Mixed Berry,LMMBNS24MG-30-SYN,710022787314,1,30,E-liquid,Berry Lemonade,2025-10-01
SS Vape Brands Inc.,Monster Vapes Labs,Lemonade Monster Pink,LMPLNS24MG-30-SYN,697794371296,1,30,E-liquid,Pink Lemonade,2025-10-01
SS Vape Brands Inc.,Monster Vapes Labs,Lemonade Monster Strawberry,LMSBNS24MG-30-SYN,697794371357,1,30,E-liquid,Strawberry Lemonade,2025-10-01
SS Vape Brands Inc.,Monster Vapes Labs,Lemonade Monster Watermelon,LMWMNS24MG-30-SYN,697794371456,1,30,E-liquid,Watermelon Lemonade,2025-10-01
SS Vape Brands Inc.,Monster Vapes Labs,Tobacco Monster Bold,TMBLD24MG-30,697794370947,1,30,E-liquid,Tobacco,2025-10-01
SS Vape Brands Inc.,Monster Vapes Labs,Tobacco Monster Menthol,TMMNTHL24MG-30,697794371098,1,30,E-liquid,Menthol,2025-10-01
SS Vape Brands Inc.,Monster Vapes Labs,Tobacco Monster Rich,TMRCH24MG-30,697794371043,1,30,E-liquid,Tobacco,2025-10-01
SS Vape Brands Inc.,Monster Vapes Labs,Tobacco Monster Smooth,TMSMTH24MG-30,697794370992,1,30,E-liquid,Tobacco,2025-10-01
SS Vape Brands Inc.,Monster Vapes Labs,Custard Monster Banana,CMBANNS48MG-30-SYN,710022787574,1,30,E-liquid,Banana,2025-10-01
SS Vape Brands Inc.,Monster Vapes Labs,Custard Monster Blackberry,CMBLBNS48MG-30-SYN,710022787475,1,30,E-liquid,Blackberry,2025-10-01
SS Vape Brands Inc.,Monster Vapes Labs,Custard Monster Blueberry,CMBBNS48MG-30-SYN,710022787673,1,30,E-liquid,Blueberry,2025-10-01
SS Vape Brands Inc.,Monster Vapes Labs,Custard Monster Butterscotch,CMBSNS48MG-30-SYN,710022787529,1,30,E-liquid,Butterscotch,2025-10-01
SS Vape Brands Inc.,Monster Vapes Labs,Custard Monster Mixed Berry,CMMBNS48MG-30-SYN,710022787772,1,30,E-liquid,Berry,2025-10-01
SS Vape Brands Inc.,Monster Vapes Labs,Custard Monster Strawberry,CMSBNS48MG-30-SYN,710022787628,1,30,E-liquid,Strawberry,2025-10-01
SS Vape Brands Inc.,Monster Vapes Labs,Custard Monster Vanilla,CMVANNS48MG-30-SYN,710022787727,1,30,E-liquid,Vanilla,2025-10-01
SS Vape Brands Inc.,Monster Vapes Labs,Frozen Fruit Monster Banana Ice,FFMBANNS48MG-30-SYN,710022788823,1,30,E-liquid,Banana,2025-10-01
SS Vape Brands Inc.,Monster Vapes Labs,Frozen Fruit Monster Black Cherry Ice,FFMBANNS48MG-30-SYN,710022788977,1,30,E-liquid,Cherry,2025-10-01
SS Vape Brands Inc.,Monster Vapes Labs,Frozen Fruit Monster Blueberry Raspberry Lemon Ice,FFMBRLNS48MG-30-SYN,710022788625,1,30,E-liquid,Blueberry,2025-10-01
SS Vape Brands Inc.,Monster Vapes Labs,Frozen Fruit Monster Mango Peach Guava Ice,FFMMPGNS48MG-30-SYN,710022788724,1,30,E-liquid,Mango,2025-10-01
SS Vape Brands Inc.,Monster Vapes Labs,Frozen Fruit Monster Mixed Berry Ice,FFMMBNS48MG-30-SYN,710022788779,1,30,E-liquid,Berry,2025-10-01
SS Vape Brands Inc.,Monster Vapes Labs,Frozen Fruit Monster Passionfruit Orange Guava Ice,FFMPOGNS48MG-30-SYN,710022788922,1,30,E-liquid,Passionfruit,2025-10-01
SS Vape Brands Inc.,Monster Vapes Labs,Frozen Fruit Monster Strawberry Pomegranate Kiwi Ice,FFMSPKNS48MG-30-SYN,710022788670,1,30,E-liquid,Strawberry,2025-10-01
SS Vape Brands Inc.,Monster Vapes Labs,Frozen Fruit Monster Strawberry Banana Ice,FFMSBANNS48MG-30-SYN,710022788878,1,30,E-liquid,Strawberry,2025-10-01
SS Vape Brands Inc.,Monster Vapes Labs,Frozen Fruit Monster Strawberry Lime Ice,FFMSBLMNS48MG-30-SYN,710022789028,1,30,E-liquid,Strawberry,2025-10-01
SS Vape Brands Inc.,Monster Vapes Labs,Fruit Monster Black Cherry,FMBKCHNS48MG-30-SYN,710022789370,1,30,E-liquid,Cherry,2025-10-01
SS Vape Brands Inc.,Monster Vapes Labs,Fruit Monster Blueberry Raspberry Lemon,FMBRLNS48MG-30-SYN,710022789073,1,30,E-liquid,Blueberry,2025-10-01
SS Vape Brands Inc.,Monster Vapes Labs,Fruit Monster Mango Peach Guava,FMMPGNS48MG-30-SYN,710022789172,1,30,E-liquid,Mango,2025-10-01
SS Vape Brands Inc.,Monster Vapes Labs,Fruit Monster Mixed Berry,FMMBNS48MG-30-SYN,710022789226,1,30,E-liquid,Berry,2025-10-01
SS Vape Brands Inc.,Monster Vapes Labs,Fruit Monster Passionfruit Orange Guava,FMPOGNS48MG-30-SYN,710022789325,1,30,E-liquid,Passionfruit,2025-10-01
SS Vape Brands Inc.,Monster Vapes Labs,Fruit Monster Strawberry Lime,FMSBLMNS48MG-30-SYN,710022789424,1,30,E-liquid,Strawberry,2025-10-01
SS Vape Brands Inc.,Monster Vapes Labs,Fruit Monster Strawberry Banana,FMSBANNS48MG-30-SYN,710022789271,1,30,E-liquid,Strawberry,2025-10-01
SS Vape Brands Inc.,Monster Vapes Labs,Fruit Monster Strawberry Pomegranate Kiwi,FMSPKNS48MG-30-SYN,710022789127,1,30,E-liquid,Strawberry,2025-10-01
SS Vape Brands Inc.,Monster Vapes Labs,Jam Monster Apple,JAMAPNS48MG-30-SYN,710022788076,1,30,E-liquid,Apple,2025-10-01
SS Vape Brands Inc.,Monster Vapes Labs,Jam Monster Apricot,JAMAPCTNS48MG-30-SYN,710022788120,1,30,E-liquid,Apricot,2025-10-01
SS Vape Brands Inc.,Monster Vapes Labs,Jam Monster Banana,JAMBANNS48MG-30-SYN,710022788175,1,30,E-liquid,Banana,2025-10-01
SS Vape Brands Inc.,Monster Vapes Labs,Jam Monster Black Cherry,JAMBKCHNS48MG-30-SYN,710022787826,1,30,E-liquid,Cherry,2025-10-01
SS Vape Brands Inc.,Monster Vapes Labs,Jam Monster Blackberry,JAMBLBNS48MG-30-SYN,710022787970,1,30,E-liquid,Blackberry,2025-10-01
SS Vape Brands Inc.,Monster Vapes Labs,Jam Monster Blueberry,JAMBBNS48MG-30-SYN,710022787925,1,30,E-liquid,Blueberry,2025-10-01
SS Vape Brands Inc.,Monster Vapes Labs,Jam Monster Grape,JAMGRNS48MG-30-SYN,710022788021,1,30,E-liquid,Grape,2025-10-01
SS Vape Brands Inc.,Monster Vapes Labs,Jam Monster Lemon,JAMLMNS48MG-30-SYN,710022788229,1,30,E-liquid,Lemon,2025-10-01
SS Vape Brands Inc.,Monster Vapes Labs,Jam Monster Mixed Berry,JAMMBNS48MG-30-SYN,710022788274,1,30,E-liquid,Berry,2025-10-01
SS Vape Brands Inc.,Monster Vapes Labs,Jam Monster Orange Marmalade,JAMOMNS48MG-30-SYN,710022788328,1,30,E-liquid,Orange,2025-10-01
SS Vape Brands Inc.,Monster Vapes Labs,Jam Monster PB & Banana,PBJAMBANNS48MG-30-SYN,710022788571,1,30,E-liquid,Banana,2025-10-01
SS Vape Brands Inc.,Monster Vapes Labs,Jam Monster PB & Grape,PBJAMGRNS48MG-30-SYN,710022788472,1,30,E-liquid,Grape,2025-10-01
SS Vape Brands Inc.,Monster Vapes Labs,Jam Monster PB & Strawberry,PBJAMSBNS48MG-30-SYN,710022788526,1,30,E-liquid,Strawberry,2025-10-01
SS Vape Brands Inc.,Monster Vapes Labs,Jam Monster Peach,JAMPCHNS48MG-30-SYN,710022788373,1,30,E-liquid,Peach,2025-10-01
SS Vape Brands Inc.,Monster Vapes Labs,Jam Monster Raspberry,JAMRBNS48MG-30-SYN,710022788427,1,30,E-liquid,Raspberry,2025-10-01
SS Vape Brands Inc.,Monster Vapes Labs,Jam Monster Strawberry,JAMSBNS48MG-30-SYN,710022787871,1,30,E-liquid,Strawberry,2025-10-01
SS Vape Brands Inc.,Monster Vapes Labs,Lemonade Monster Blackberry,LMBLBNS48MG-30-SYN,710022787376,1,30,E-liquid,Blackberry Lemonade,2025-10-01
SS Vape Brands Inc.,Monster Vapes Labs,Lemonade Monster Blueberry,LMBBNS48MG-30-SYN,697794371418,1,30,E-liquid,Blueberry Lemonade,2025-10-01
SS Vape Brands Inc.,Monster Vapes Labs,Lemonade Monster Mango,LMMNGNS48MG-30-SYN,710022787277,1,30,E-liquid,Mango Lemonade,2025-10-01
SS Vape Brands Inc.,Monster Vapes Labs,Lemonade Monster Mint,LMMNTNS48MG-30-SYN,710022787420,1,30,E-liquid,Mint Lemonade,2025-10-01
SS Vape Brands Inc.,Monster Vapes Labs,Lemondade Monster Mixed Berry,LMMBNS48MG-30-SYN,710022787321,1,30,E-liquid,Berry Lemonade,2025-10-01
SS Vape Brands Inc.,Monster Vapes Labs,Lemonade Monster Pink,LMPLNS48MG-30-SYN,697794371302,1,30,E-liquid,Pink Lemonade,2025-10-01
SS Vape Brands Inc.,Monster Vapes Labs,Lemonade Monster Strawberry,LMSBNS48MG-30-SYN,697794371364,1,30,E-liquid,Strawberry Lemonade,2025-10-01
SS Vape Brands Inc.,Monster Vapes Labs,Lemonade Monster Watermelon,LMWMNS48MG-30-SYN,710022787222,1,30,E-liquid,Watermelon Lemonade,2025-10-01
SS Vape Brands Inc.,Monster Vapes Labs,Tobacco Monster Bold,TMBLD48MG-30,697794370954,1,30,E-liquid,Tobacco,2025-10-01
SS Vape Brands Inc.,Monster Vapes Labs,Tobacco Monster Menthol,TMMNTHL48MG-30,697794371104,1,30,E-liquid,Menthol,2025-10-01
SS Vape Brands Inc.,Monster Vapes Labs,Tobacco Monster Rich,TMRCH48MG-30,697794371050,1,30,E-liquid,Tobacco,2025-10-01
SS Vape Brands Inc.,Monster Vapes Labs,Tobacco Monster Smooth,TMSMTH48MG-30,697794371005,1,30,E-liquid,Tobacco,2025-10-01
TD Distro,TD Distro,Hi Drip - Strawberry Kiwi 3 mg,614347088753,614347088753,1,100,E-liquid,Strawberry kiwi fusion,2025-10-10
TD Distro,TD Distro,Hi Drip - Paradise Punch 3 mg,787790906728,787790906728,1,100,E-liquid,Fruit-filled punch with a tropical twist,2025-10-10
TD Distro,TD Distro,Hi Drip - Mango Lemonade 3 mg,787790906421,787790906421,1,100,E-liquid,Sweet mango paired with zesty lemonade,2025-10-10
TD Distro,TD Distro,Hi Drip - Butter Mints 3 mg,787790905820,787790905820,1,100,E-liquid,Creamy buttery mints that melt in your mouth,2025-10-10
TD Distro,TD Distro,Hi Drip - Caramel Pear 3 mg,787790906124,787790906124,1,100,E-liquid,Buttery caramel meets juicy pear,2025-10-10
TD Distro,TD Distro,Hi Drip - Guava Lava 3 mg,850016948014,850016948014,1,100,E-liquid,Exotic guava eruption with a tropical twist,2025-10-10
TD Distro,TD Distro,Hi Drip - White Peach Strawberry 3 mg,787790901129,787790901129,1,100,E-liquid,White peaches and strawberries,2025-10-10
TD Distro,TD Distro,Hi Drip - Passion Fruit Lemonade 3 mg,793888843875,793888843875,1,100,E-liquid,Passionfruit with zesty lemonade,2025-10-10
TD Distro,TD Distro,Hi Drip - Island Orange 3 mg,864079000442,864079000442,1,100,E-liquid,Mix of blood orange and juicy pineapple,2025-10-10
TD Distro,TD Distro,Hi Drip - Dew Berry 3 mg,864079000411,864079000411,1,100,E-liquid,Sweet honeydew and ripe strawberries,2025-10-10
TD Distro,TD Distro,Hi Drip - Melon Patch 3 mg,853590006217,853590006217,1,100,E-liquid,Medley of watermelons,2025-10-10
TD Distro,TD Distro,Hi Drip - Nectarine Lychee 3 mg,850013997916,850013997916,1,100,E-liquid,Nectarines paired with exotic lychee,2025-10-10
TD Distro,TD Distro,Hi Drip - Peachy Mango 3 mg,853590006248,853590006248,1,100,E-liquid,Mango and peaches combine for a delightful flavor,2025-10-10
The Schwartz E Liquid,USA Vape Lab,Naked100 Hawaiian Pog 3mg,NK1-0403-ZDZD-S001,840094600133,1,60,E-liquid,"Passion Fruit, Orange, Guava",2025-10-24
The Schwartz E Liquid,USA Vape Lab,Naked100 Hawaiian Pog 6mg,NK1-0406-ZDZD-S001,840094600140,1,60,E-liquid,"Passion Fruit, Orange, Guava",2025-10-24
The Schwartz E Liquid,USA Vape Lab,Naked100 Hawaiian Pog 12mg,NK1-0412-ZDZD-S001,840094600157,1,60,E-liquid,"Passion Fruit, Orange, Guava",2025-10-24
The Schwartz E Liquid,USA Vape Lab,Naked100 Lava Flow 3mg,NK1-0503-ZDZD-S001,840094600171,1,60,E-liquid,"Strawberry, Pineapple, Coconut",2025-10-24
The Schwartz E Liquid,USA Vape Lab,Naked100 Lava Flow 6mg,NK1-0506-ZDZD-S001,840094600188,1,60,E-liquid,"Strawberry, Pineapple, Coconut",2025-10-24
The Schwartz E Liquid,USA Vape Lab,Naked100 Lava Flow 12mg,NK1-0512-ZDZD-S001,840094600195,1,60,E-liquid,"Strawberry, Pineapple, Coconut",2025-10-24
The Schwartz E Liquid,USA Vape Lab,Naked100 Really Berry 3mg,NK1-0603-ZDZD-S001,840094600294,1,60,E-liquid,"Blackberry, Blueberry, Lemon",2025-10-24
The Schwartz E Liquid,USA Vape Lab,Naked100 Really Berry 6mg,NK1-0606-ZDZD-S001,840094600300,1,60,E-liquid,"Blackberry, Blueberry, Lemon",2025-10-24
The Schwartz E Liquid,USA Vape Lab,Naked100 Really Berry 12mg,NK1-0612-ZDZD-S001,840094600317,1,60,E-liquid,"Blackberry, Blueberry, Lemon",2025-10-24
The Schwartz E Liquid,USA Vape Lab,Naked100 Berry 3mg,NKM-0303-ZDZD-S001,840094600539,1,60,E-liquid,"Blueberry, Blackberry, Raspberry, Menthol",2025-10-24
The Schwartz E Liquid,USA Vape Lab,Naked100 Berry 6mg,NKM-0306-ZDZD-S001,840094600546,1,60,E-liquid,"Blueberry, Blackberry, Raspberry, Menthol",2025-10-24
The Schwartz E Liquid,USA Vape Lab,Naked100 Berry 12mg,NKM-0312-ZDZD-S001,840094600553,1,60,E-liquid,"Blueberry, Blackberry, Raspberry, Menthol",2025-10-24
The Schwartz E Liquid,USA Vape Lab,Naked100 Crisp Menthol 3mg,NKM-0703-ZDZD-S001,840094601512,1,60,E-liquid,Menthol,2025-10-24
The Schwartz E Liquid,USA Vape Lab,Naked100 Crisp Menthol 6mg,NKM-0706-ZDZD-S001,840094601529,1,60,E-liquid,Menthol,2025-10-24
The Schwartz E Liquid,USA Vape Lab,Naked100 Crisp Menthol 12mg,NKM-0712-ZDZD-S001,840094601536,1,60,E-liquid,Menthol,2025-10-24
The Schwartz E Liquid,USA Vape Lab,Naked100 Melon 3mg,NKM-0203-ZDZD-S001,840094600492,1,60,E-liquid,"Honeywdew, Pineapple, Cantaloupe, Menthol",2025-10-24
The Schwartz E Liquid,USA Vape Lab,Naked100 Melon 6mg,NKM-0206-ZDZD-S001,840094600508,1,60,E-liquid,"Honeywdew, Pineapple, Cantaloupe, Menthol",2025-10-24
The Schwartz E Liquid,USA Vape Lab,Naked100 Melon 12mg,NKM-0212-ZDZD-S001,840094600515,1,60,E-liquid,"Honeywdew, Pineapple, Cantaloupe, Menthol",2025-10-24
The Schwartz E Liquid,USA Vape Lab,Naked100 Strawberry Pom 3mg,NKM-0103-ZDZD-S001,840094600379,1,60,E-liquid,"Strawberry, Pomegranate, Kiwi, Menthol",2025-10-24
The Schwartz E Liquid,USA Vape Lab,Naked100 Strawberry Pom 6mg,NKM-0106-ZDZD-S001,840094600386,1,60,E-liquid,"Strawberry, Pomegranate, Kiwi, Menthol",2025-10-24
The Schwartz E Liquid,USA Vape Lab,Naked100 Strawberry Pom 12mg,NKM-0112-ZDZD-S001,840094600393,1,60,E-liquid,"Strawberry, Pomegranate, Kiwi, Menthol",2025-10-24
The Schwartz E Liquid,USA Vape Lab,Naked100 American Patriots 3mg,NKT-0103-ZDZD-S001,840094600935,1,60,E-liquid,Classic Cut Tobacco,2025-10-24
The Schwartz E Liquid,USA Vape Lab,Naked100 American Patriots 6mg,NKT-0106-ZDZD-S001,840094600942,1,60,E-liquid,Classic Cut Tobacco,2025-10-24
The Schwartz E Liquid,USA Vape Lab,Naked100 American Patriots 12mg,NKT-0112-ZDZD-S001,840094600959,1,60,E-liquid,Classic Cut Tobacco,2025-10-24
The Schwartz E Liquid,USA Vape Lab,Naked100 Cuban Blend 3mg,NKT-0203-ZDZD-S001,840094600997,1,60,E-liquid,Carribean Tobacco,2025-10-24
The Schwartz E Liquid,USA Vape Lab,Naked100 Cuban Blend 6mg,NKT-0206-ZDZD-S001,840094601000,1,60,E-liquid,Carribean Tobacco,2025-10-24
The Schwartz E Liquid,USA Vape Lab,Naked100 Cuban Blend 12mg,NKT-0212-ZDZD-S001,840094601017,1,60,E-liquid,Carribean Tobacco,2025-10-24
The Schwartz E Liquid,USA Vape Lab,Naked100 Euro Gold 3mg,NKT-0303-ZDZD-S001,840094601031,1,60,E-liquid,Smooth Tobacco,2025-10-24
The Schwartz E Liquid,USA Vape Lab,Naked100 Euro Gold 6mg,NKT-0306-ZDZD-S001,840094601048,1,60,E-liquid,Smooth Tobacco,2025-10-24
The Schwartz E Liquid,USA Vape Lab,Naked100 Euro Gold 12mg,NKT-0312-ZDZD-S001,840094601055,1,60,E-liquid,Smooth Tobacco,2025-10-24
Transistor LLC,Transistor LLC,Basic B 3mg,120BSB-3mg,843247102560,2,60,E-liquid,Custard,2025-10-01
Transistor LLC,Transistor LLC,Basic B 6mg,120BSB-6mg,843247102577,2,60,E-liquid,Custard,2025-10-01
Transistor LLC,Transistor LLC,Bluetiful Disaster 3mg,120BDS-3mg,843247102904,2,60,E-liquid,Blue Raspberry,2025-10-01
Transistor LLC,Transistor LLC,Bluetiful Disaster 6mg,120BDS-6mg,843247102911,2,60,E-liquid,Blue Raspberry,2025-10-01
Transistor LLC,Transistor LLC,Galactic Milk 3mg,120GAM-3mg,818182024116,2,60,E-liquid,Milk Cereal Fruit,2025-10-01
Transistor LLC,Transistor LLC,Galactic Milk 6mg,120GAM-6mg,818182024123,2,60,E-liquid,Milk Cereal Fruit,2025-10-01
Transistor LLC,Transistor LLC,Lem'n Berry 3mg,120LMB-3mg,843247101884,2,60,E-liquid,Pink Lemonade,2025-10-01
Transistor LLC,Transistor LLC,Lem'n Berry 6mg,120LMB-6mg,843247101891,2,60,E-liquid,Pink Lemonade,2025-10-01
Transistor LLC,Transistor LLC,Lemon Sugar Drop 3mg,120LSD-3mg,818182024239,2,60,E-liquid,Lemon Sugar Drop,2025-10-01
Transistor LLC,Transistor LLC,Lemon Sugar Drop 6mg,120LSD-6mg,818182024246,2,60,E-liquid,Lemon Sugar Drop,2025-10-01
Transistor LLC,Transistor LLC,Pango 3mg,120PGO-3mg,843247103246,2,60,E-liquid,Pineapple Mango,2025-10-01
Transistor LLC,Transistor LLC,Pango 6mg,120PGO-6mg,843247103253,2,60,E-liquid,Pineapple Mango,2025-10-01
Transistor LLC,Transistor LLC,TangoChillin 3mg,120TGC-3mg,843247102225,2,60,E-liquid,Tangerine Mango Watermelon Menthol,2025-10-01
Transistor LLC,Transistor LLC,TangoChillin 6mg,120TGC-6mg,843247102232,2,60,E-liquid,Tangerine Mango Watermelon Menthol,2025-10-01
Transistor LLC,Transistor LLC,TangoMelon 3mg,120TGM-3mg,818182024291,2,60,E-liquid,Tangerine Mango Watermelon,2025-10-01
Transistor LLC,Transistor LLC,TangoMelon 6mg,120TGM-6mg,818182024307,2,60,E-liquid,Tangerine Mango Watermelon,2025-10-01
Transistor LLC,Transistor LLC,Bluetiful The Remix 25mg,RXBL25,843247100948,1,30,E-liquid,Blue Raspberry,2025-10-01
Transistor LLC,Transistor LLC,Bluetiful The Remix 50mg,RXBL50,843247100955,1,30,E-liquid,Blue Raspberry,2025-10-01
Transistor LLC,Transistor LLC,Basic B Salts 25mg,SLTBB25,843247102508,1,30,E-liquid,Custard,2025-10-01
Transistor LLC,Transistor LLC,Basic B Salts 50mg,SLTBB50,843247102515,1,30,E-liquid,Custard,2025-10-01
Transistor LLC,Transistor LLC,Babyclouds 3mg,120BC-3mg,818182023751,2,60,E-liquid,Custard,2025-11-07
Transistor LLC,Transistor LLC,Babyclouds 6mg,120BC-6mg,818182023768,2,60,E-liquid,Custard,2025-11-07
Transistor LLC,Transistor LLC,Basic B 3mg,60BSB-3mg,843247102539,1,60,E-liquid,Custard,2026-03-04
Transistor LLC,Transistor LLC,Basic B 6mg,60BSB-6mg,843247102546,1,60,E-liquid,Custard,2026-03-04
Transistor LLC,Transistor LLC,Bluetiful Disaster 3mg,60BDS-3mg,843247102874,1,60,E-liquid,Blue Raspberry,2026-03-04
Transistor LLC,Transistor LLC,Bluetiful Disaster 6mg,60BDS-6mg,843247102881,1,60,E-liquid,Blue Raspberry,2026-03-04
Transistor LLC,Transistor LLC,Galactic Milk 3mg,60GAM-3mg,818182024086,1,60,E-liquid,Milk Cereal Fruit,2026-03-04
Transistor LLC,Transistor LLC,Galactic Milk 6mg,60GAM-6mg,818182024093,1,60,E-liquid,Milk Cereal Fruit,2026-03-04
Transistor LLC,Transistor LLC,Lem'n Berry 3mg,60LMB-3mg,843247101853,1,60,E-liquid,Pink Lemonade,2026-03-04
Transistor LLC,Transistor LLC,Lem'n Berry 6mg,60LMB-6mg,843247101860,1,60,E-liquid,Pink Lemonade,2026-03-04
Transistor LLC,Transistor LLC,Lemon Sugar Drop 3mg,60LSD-3mg,818182024208,1,60,E-liquid,Lemon Sugar Drop,2026-03-04
Transistor LLC,Transistor LLC,Lemon Sugar Drop 6mg,60LSD-6mg,818182024215,1,60,E-liquid,Lemon Sugar Drop,2026-03-04
Transistor LLC,Transistor LLC,Pango 3mg,60PGO-3mg,843247103215,1,60,E-liquid,Pineapple Mango,2026-03-04
Transistor LLC,Transistor LLC,Pango 6mg,60PGO-6mg,843247103222,1,60,E-liquid,Pineapple Mango,2026-03-04
Transistor LLC,Transistor LLC,TangoChillin 3mg,60TGC-3mg,843247102195,1,60,E-liquid,Tangerine Mango Watermelon Menthol,2026-03-04
Transistor LLC,Transistor LLC,TangoChillin 6mg,60TGC-6mg,843247102201,1,60,E-liquid,Tangerine Mango Watermelon Menthol,2026-03-04
Transistor LLC,Transistor LLC,TangoMelon 3mg,60TGM-3mg,818182024260,1,60,E-liquid,Tangerine Mango Watermelon,2026-03-04
Transistor LLC,Transistor LLC,TangoMelon 6mg,60TGM-6mg,818182024277,1,60,E-liquid,Tangerine Mango Watermelon,2026-03-04
Transistor LLC,Transistor LLC,Babyclouds 3mg,60BC-3mg,818182023720,1,60,E-liquid,Custard,2026-03-04
Transistor LLC,Transistor LLC,Babyclouds 6mg,60BC-6mg,818182023737,1,60,E-liquid,Custard,2026-03-04
"Vape Element, LLC",BLVK,FROST - Blue Lemon 35 MG,Blue Lemon Frost by BLVK Unicorn SALT E-Liquid / 35mg,851468008837,1,30,E-Liquid,Blueberry & Lemon Ice,2025-10-01
"Vape Element, LLC",BLVK,FROST - Blue Lemon 50 MG,Blue Lemon Frost by BLVK Unicorn SALT E-Liquid / 50mg,851468008844,1,30,E-Liquid,Blueberry & Lemon Ice,2025-10-01
"Vape Element, LLC",BLVK,MINT - Double Spearmint 35 MG,Double Spearmint by BLVK Unicorn SALT E-Liquid / 35mg,850053420092,1,30,E-Liquid,Double Spearmint Menthol,2025-10-01
"Vape Element, LLC",BLVK,MINT - Double Spearmint 50 MG,Double Spearmint by BLVK Unicorn SALT E-Liquid / 50mg,850053420139,1,30,E-Liquid,Double Spearmint Menthol,2025-10-01
"Vape Element, LLC",BLVK,FRZN - Spearmint Menthol 3 MG,FRZN Mint 60mL by BLVK Unicorn E-Liquid / 3mg,850006840816,1,60,E-Liquid,Spearmint Menthol,2025-10-01
"Vape Element, LLC",BLVK,FRZN - Spearmint Menthol 6 MG,FRZN Mint 60mL by BLVK Unicorn E-Liquid / 6mg,850006840823,1,60,E-Liquid,Spearmint Menthol,2025-10-01
"Vape Element, LLC",BLVK,ALOE - Grape 35 MG,Grape Aloe SALT by BLVK Unicorn / 35mg,857706006696,1,30,E-Liquid,Grape Aloe,2025-10-01
"Vape Element, LLC",BLVK,ALOE - Grape 50 MG,Grape Aloe SALT by BLVK Unicorn / 50mg,856736007574,1,30,E-Liquid,Grape Aloe,2025-10-01
"Vape Element, LLC",BLVK,FROST - Grape Berry 35 MG,Grape Berry Frost by BLVK Unicorn SALT E-Liquid / 35mg,851468008813,1,30,E-Liquid,Grape Mixed Berry Ice,2025-10-01
"Vape Element, LLC",BLVK,FROST - Grape Berry 50 MG,Grape Berry Frost by BLVK Unicorn SALT E-Liquid / 50mg,851468008820,1,30,E-Liquid,Grape Mixed Berry Ice,2025-10-01
"Vape Element, LLC",BLVK,SALT - Lychee Menthol 35 MG,Lychee by BLVK Unicorn SALT E-Liquid / 35mg,850006840311,1,30,E-Liquid,Lychee,2025-10-01
"Vape Element, LLC",BLVK,SALT - Lychee Menthol 50 MG,Lychee by BLVK Unicorn SALT E-Liquid / 50mg,850009563248,1,30,E-Liquid,Lychee,2025-10-01
"Vape Element, LLC",BLVK,MINT - Original Spearmint 35 MG,Spearmint by BLVK Unicorn SALT E-Liquid / 35mg,850053420054,1,30,E-Liquid,Spearmint Menthol,2025-10-01
"Vape Element, LLC",BLVK,MINT - Original Spearmint 50 MG,Spearmint by BLVK Unicorn SALT E-Liquid / 50mg,850053420078,1,30,E-Liquid,Spearmint Menthol,2025-10-01
"Vape Element, LLC",BLVK,SALT - Strawberry Candy 35 MG,Strawberry by BLVK Unicorn SALT E-Liquid / 35mg,850015018633,1,30,E-Liquid,Strawberry Candy,2025-10-01
"Vape Element, LLC",BLVK,SALT - Strawberry Candy 50 MG,Strawberry by BLVK Unicorn SALT E-Liquid / 50mg,850015018640,1,30,E-Liquid,Strawberry Candy,2025-10-01
"Vape Element, LLC",BLVK,SALT - Creamy Strawberry 35 MG,Strawberry Cream by BLVK Unicorn SALT E-Liquid / 35mg,850015018657,1,30,E-Liquid,Strawberry Milk,2025-10-01
"Vape Element, LLC",BLVK,SALT - Creamy Strawberry 50 MG,Strawberry Cream by BLVK Unicorn SALT E-Liquid / 50mg,850015018527,1,30,E-Liquid,Strawberry Milk,2025-10-01
"Vape Element, LLC",BLVK,BELOW ZERO - Flavorless 3 MG,SubZero Flavorless by BLVK E-Liquid / 3mg,850015018701,1,100,E-Liquid,Sweet Flavorless Menthol,2025-10-01
"Vape Element, LLC",BLVK,BELOW ZERO - Flavorless 6 MG,SubZero Flavorless by BLVK E-Liquid / 6mg,850015018718,1,100,E-Liquid,Sweet Flavorless Menthol,2025-10-01
"Vape Element, LLC",BLVK,BELOW ZERO- Flavorless 35 MG,SubZero Flavorless SALT by BLVK E-Liquid / 35mg,850015018879,1,30,E-Liquid,Sweet Flavorless Menthol,2025-10-01
"Vape Element, LLC",BLVK,BELOW ZERO- Flavorless 50 MG,SubZero Flavorless SALT by BLVK E-Liquid / 50mg,850006840496,1,30,E-Liquid,Sweet Flavorless Menthol,2025-10-01
"Vape Element, LLC",BLVK,SALT - Sweet Caramel Tobacco 35 MG,Tobacco Caramel SALT by BLVK Unicorn E-Liquid / 35mg,850006840250,1,30,E-Liquid,Caramel Tobacco,2025-10-01
"Vape Element, LLC",BLVK,SALT - Sweet Caramel Tobacco 50 MG,Tobacco Caramel SALT by BLVK Unicorn E-Liquid / 50mg,850006840267,1,30,E-Liquid,Caramel Tobacco,2025-10-01
"Vape Element, LLC",BLVK,SALT - Cuban Tobacco 35 MG,Tobacco Cuban Cigar SALT by BLVK Unicorn E-Liquid / 35mg,850006840274,1,30,E-Liquid,Cuban Cigar,2025-10-01
"Vape Element, LLC",BLVK,SALT - Cuban Tobacco 50 MG,Tobacco Cuban Cigar SALT by BLVK Unicorn E-Liquid / 50mg,850006840281,1,30,E-Liquid,Cuban Cigar,2025-10-01
"Vape Element, LLC",BLVK,SALT - Original Custard 35 MG,Vanilla Custard by BLVK Unicorn SALT E-Liquid / 35mg,850015018824,1,30,E-Liquid,Vanilla Custard,2025-10-01
"Vape Element, LLC",BLVK,SALT - Original Custard 50 MG,Vanilla Custard by BLVK Unicorn SALT E-Liquid / 50mg,850015018831,1,30,E-Liquid,Vanilla Custard,2025-10-01
"Vape Element, LLC",BLVK,ALOE - Watermelon 35 MG,Watermelon Aloe SALT by BLVK Unicorn / 35mg,856736007581,1,30,E-Liquid,Watermelon Aloe,2025-10-01
"Vape Element, LLC",BLVK,ALOE - Watermelon 50 MG,Watermelon Aloe SALT by BLVK Unicorn / 50mg,856736007598,1,30,E-Liquid,Watermelon Aloe,2025-10-01
"Vape Element, LLC",BLVK,ZERO - Flavorless 3 MG,Zero Flavorless by BLVK E-Liquid / 3mg,850015018725,1,100,E-Liquid,Sweet Flavorless,2025-10-01
"Vape Element, LLC",BLVK,ZERO - Flavorless 6 MG,Zero Flavorless by BLVK E-Liquid / 6mg,850015018176,1,100,E-Liquid,Sweet Flavorless,2025-10-01
"Vape Element, LLC",BLVK,ZERO - Flavorless 35 MG,Zero Flavorless SALT by BLVK E-Liquid / 35mg,850009563767,1,30,E-Liquid,Sweet Flavorless,2025-10-01
"Vape Element, LLC",BLVK,ZERO - Flavorless 50 MG,Zero Flavorless SALT by BLVK E-Liquid / 50mg,850009563774,1,30,E-Liquid,Sweet Flavorless,2025-10-01
VDX Distro Inc.,VDX Distro Inc.,Four Seasons - American Tobacco 3mg,850037435388,850037435388,1,60,E-liquid,Tobacco,2026-01-29
VDX Distro Inc.,VDX Distro Inc.,Four Seasons - American Tobacco 6mg,850037435395,850037435395,1,60,E-liquid,Tobacco,2026-01-29
VDX Distro Inc.,VDX Distro Inc.,Four Seasons - American Tobacco 12mg,850037435401,850037435401,1,60,E-liquid,Tobacco,2026-01-29
VDX Distro Inc.,VDX Distro Inc.,Four Seasons - American Tobacco 18mg,850037435418,850037435418,1,60,E-liquid,Tobacco,2026-01-29
VDX Distro Inc.,VDX Distro Inc.,Four Seasons - American Tobacco Salt 30mg,850011260265,850011260265,1,30,E-liquid,Tobacco,2026-01-29
VDX Distro Inc.,VDX Distro Inc.,Four Seasons - American Tobacco Salt 50mg,850011260272,850011260272,1,30,E-liquid,Tobacco,2026-01-29
VDX Distro Inc.,VDX Distro Inc.,Four Seasons - Desert Tobacco 3mg,850037435630,850037435630,1,60,E-liquid,Tobacco,2026-01-29
VDX Distro Inc.,VDX Distro Inc.,Four Seasons - Desert Tobacco 6mg,850037435647,850037435647,1,60,E-liquid,Tobacco,2026-01-29
VDX Distro Inc.,VDX Distro Inc.,Four Seasons - Desert Tobacco 12mg,850037435654,850037435654,1,60,E-liquid,Tobacco,2026-01-29
VDX Distro Inc.,VDX Distro Inc.,Four Seasons - Desert Tobacco 18mg,850037435661,850037435661,1,60,E-liquid,Tobacco,2026-01-29
VDX Distro Inc.,VDX Distro Inc.,Four Seasons - Desert Tobacco Salt 30mg,850011260340,850011260340,1,30,E-liquid,Tobacco,2026-01-29
VDX Distro Inc.,VDX Distro Inc.,Four Seasons - Desert Tobacco Salt 50mg,850011260357,850011260357,1,30,E-liquid,Tobacco,2026-01-29
VDX Distro Inc.,VDX Distro Inc.,Four Seasons - Menthol 3mg,850037435487,850037435487,1,60,E-liquid,Tobacco,2026-01-29
VDX Distro Inc.,VDX Distro Inc.,Four Seasons - Menthol 6mg,850037435494,850037435494,1,60,E-liquid,Tobacco,2026-01-29
VDX Distro Inc.,VDX Distro Inc.,Four Seasons - Menthol 12mg,850037435500,850037435500,1,60,E-liquid,Tobacco,2026-01-29
VDX Distro Inc.,VDX Distro Inc.,Four Seasons - Menthol 18mg,850037435517,850037435517,1,60,E-liquid,Tobacco,2026-01-29
VDX Distro Inc.,VDX Distro Inc.,Four Seasons - Menthol Salt 30mg,850011260425,850011260425,1,30,E-liquid,Tobacco,2026-01-29
VDX Distro Inc.,VDX Distro Inc.,Four Seasons - Menthol Salt 50mg,850011260432,850011260432,1,30,E-liquid,Tobacco,2026-01-29
VDX Distro Inc.,VDX Distro Inc.,Four Seasons - Menthol Tobacco 3mg,850037435432,850037435432,1,60,E-liquid,Tobacco,2026-01-29
VDX Distro Inc.,VDX Distro Inc.,Four Seasons - Menthol Tobacco 6mg,850037435449,850037435449,1,60,E-liquid,Tobacco,2026-01-29
VDX Distro Inc.,VDX Distro Inc.,Four Seasons - Menthol Tobacco 12mg,850037435456,850037435456,1,60,E-liquid,Tobacco,2026-01-29
VDX Distro Inc.,VDX Distro Inc.,Four Seasons - Menthol Tobacco 18mg,850037435463,850037435463,1,60,E-liquid,Tobacco,2026-01-29
VDX Distro Inc.,VDX Distro Inc.,Four Seasons - Menthol Tobacco Salt 30mg,850011260586,850011260586,1,30,E-liquid,Tobacco,2026-01-29
VDX Distro Inc.,VDX Distro Inc.,Four Seasons - Menthol Tobacco Salt 50mg,850011260593,850011260593,1,30,E-liquid,Tobacco,2026-01-29
VDX Distro Inc.,VDX Distro Inc.,Four Seasons - RY4 Tobacco 3mg,850037435531,850037435531,1,60,E-liquid,Tobacco,2026-01-29
VDX Distro Inc.,VDX Distro Inc.,Four Seasons - RY4 Tobacco 6mg,850037435548,850037435548,1,60,E-liquid,Tobacco,2026-01-29
VDX Distro Inc.,VDX Distro Inc.,Four Seasons - RY4 Tobacco 12mg,850037435555,850037435555,1,60,E-liquid,Tobacco,2026-01-29
VDX Distro Inc.,VDX Distro Inc.,Four Seasons - RY4 Tobacco 18mg,850037435562,850037435562,1,60,E-liquid,Tobacco,2026-01-29
VDX Distro Inc.,VDX Distro Inc.,Four Seasons - RY4 Tobacco Salt 30mg,850011260500,850011260500,1,30,E-liquid,Tobacco,2026-01-29
VDX Distro Inc.,VDX Distro Inc.,Four Seasons - RY4 Tobacco Salt 50mg,850011260517,850011260517,1,30,E-liquid,Tobacco,2026-01-29
VDX Distro Inc.,VDX Distro Inc.,Four Seasons - Turkish Tobacco 3mg,850037435586,850037435586,1,60,E-liquid,Tobacco,2026-01-29
VDX Distro Inc.,VDX Distro Inc.,Four Seasons - Turkish Tobacco 6mg,850037435593,850037435593,1,60,E-liquid,Tobacco,2026-01-29
VDX Distro Inc.,VDX Distro Inc.,Four Seasons - Turkish Tobacco 12mg,850037435609,850037435609,1,60,E-liquid,Tobacco,2026-01-29
VDX Distro Inc.,VDX Distro Inc.,Four Seasons - Turkish Tobacco 18mg,850037435616,850037435616,1,60,E-liquid,Tobacco,2026-01-29
VDX Distro Inc.,VDX Distro Inc.,Four Seasons - Turkish Tobacco Salt 30mg,850011260661,850011260661,1,30,E-liquid,Tobacco,2026-01-29
VDX Distro Inc.,VDX Distro Inc.,Four Seasons - Turkish Tobacco Salt 50mg,850011260678,850011260678,1,30,E-liquid,Tobacco,2026-01-29
VDX Distro Inc.,VDX Distro Inc.,Four Seasons - Virginia Tobacco 3mg,850022314858,850022314858,1,60,E-liquid,Tobacco,2026-01-29
VDX Distro Inc.,VDX Distro Inc.,Four Seasons - Virginia Tobacco 6mg,850022314865,850022314865,1,60,E-liquid,Tobacco,2026-01-29
VDX Distro Inc.,VDX Distro Inc.,Four Seasons - Virginia Tobacco 12mg,850022314872,850022314872,1,60,E-liquid,Tobacco,2026-01-29
VDX Distro Inc.,VDX Distro Inc.,Four Seasons - Virginia Tobacco 15mg,850022314889,850022314889,1,60,E-liquid,Tobacco,2026-01-29
VDX Distro Inc.,VDX Distro Inc.,Four Seasons - Virginia Tobacco Salt 30mg,850022314896,850022314896,1,30,E-liquid,Tobacco,2026-01-29
VDX Distro Inc.,VDX Distro Inc.,Four Seasons - Virginia Tobacco Salt 50mg,850022314919,850022314919,1,30,E-liquid,Tobacco,2026-01-29
VDX Distro Inc.,VDX Distro Inc.,Four Seasons Tobacco VNT 3mg 60ml,VNT03MG60,850037435777,1,60,E-liquid,Tobacco,2026-03-10
VDX Distro Inc.,VDX Distro Inc.,Four Seasons Tobacco VNT 6mg 60ml,VNT06MG60,850037435784,1,60,E-liquid,Tobacco,2026-03-10
VDX Distro Inc.,VDX Distro Inc.,Four Seasons Tobacco VNT 12mg 60ml,VNT12MG60,850037435791,1,60,E-liquid,Tobacco,2026-03-10
VDX Distro Inc.,VDX Distro Inc.,Four Seasons Tobacco VNT 18mg 60ml,VNT18MG60,850037435807,1,60,E-liquid,Tobacco,2026-03-10
VDX Distro Inc.,VDX Distro Inc.,Four Seasons Tobacco VNT 30mg 30ml,VNT30MG,850037435814,1,30,E-liquid,Tobacco,2026-03-10
VDX Distro Inc.,VDX Distro Inc.,Four Seasons Tobacco VNT 50mg 30ml,VNT50MG,850037435821,1,30,E-liquid,Tobacco,2026-03-10
VDX Distro Inc.,VDX Distro Inc.,Four Seasons Tobacco RCT 3mg 60ml,RCT03MG60,850068444090,1,60,E-liquid,Tobacco,2026-03-10
VDX Distro Inc.,VDX Distro Inc.,Four Seasons Tobacco RCT 6mg 60ml,RCT06MG60,850068444113,1,60,E-liquid,Tobacco,2026-03-10
VDX Distro Inc.,VDX Distro Inc.,Four Seasons Tobacco RCT 12mg 60ml,RCT12MG60,850068444106,1,60,E-liquid,Tobacco,2026-03-10
VDX Distro Inc.,VDX Distro Inc.,Four Seasons Tobacco RCT 18mg 60ml,RCT18MG60,850068444137,1,60,E-liquid,Tobacco,2026-03-10
VDX Distro Inc.,VDX Distro Inc.,Four Seasons Tobacco RCT 30mg 30ml,RCT30MG,850068444120,1,30,E-liquid,Tobacco,2026-03-10
VDX Distro Inc.,VDX Distro Inc.,Four Seasons Tobacco RCT 50mg 30ml,RCT50MG,850068444144,1,30,E-liquid,Tobacco,2026-03-10
VDX Distro Inc.,VDX Distro Inc.,Four Seasons Tobacco CVT 3mg 60ml,CVT03MG60,850037435951,1,60,E-liquid,Tobacco,2026-03-10
VDX Distro Inc.,VDX Distro Inc.,Four Seasons Tobacco CVT 6mg 60ml,CVT06MG60,850037435968,1,60,E-liquid,Tobacco,2026-03-10
VDX Distro Inc.,VDX Distro Inc.,Four Seasons Tobacco CVT 12mg 60ml,CVT12MG60,850037435975,1,60,E-liquid,Tobacco,2026-03-10
VDX Distro Inc.,VDX Distro Inc.,Four Seasons Tobacco CVT 18mg 60ml,CVT18MG60,850037435982,1,60,E-liquid,Tobacco,2026-03-10
VDX Distro Inc.,VDX Distro Inc.,Four Seasons Tobacco CVT 30mg 30ml,CVT30MG,850068444076,1,30,E-liquid,Tobacco,2026-03-10
VDX Distro Inc.,VDX Distro Inc.,Four Seasons Tobacco CVT 50mg 30ml,CVT50MG,850068444069,1,30,E-liquid,Tobacco,2026-03-10
VDX Distro Inc.,VDX Distro Inc.,Slam Juice Graham Slam 3mg 100ml,GS03MG,850037435173,1,100,E-liquid,Golden Graham Cracker with Milk,2026-03-10
VDX Distro Inc.,VDX Distro Inc.,Slam Juice Graham Slam 6mg 100ml,GS06MG,850037435180,1,100,E-liquid,Golden Graham Cracker with Milk,2026-03-10
VDX Distro Inc.,VDX Distro Inc.,Slam Juice Graham Slam 12mg 100ml,GS12MG,850037435753,1,100,E-liquid,Golden Graham Cracker with Milk,2026-03-10
VDX Distro Inc.,VDX Distro Inc.,Slam Juice Graham Slam 30mg 30ml,GSS30MG,850037435197,1,30,E-liquid,Golden Graham Cracker with Milk,2026-03-10
VDX Distro Inc.,VDX Distro Inc.,Slam Juice Graham Slam 50mg 30ml,GSS50MG,850037435203,1,30,E-liquid,Golden Graham Cracker with Milk,2026-03-10
VDX Distro Inc.,VDX Distro Inc.,Slam Juice Donut Slam 3mg 100ml,DS03MG,850037435852,1,100,E-liquid,Glazed Donut,2026-03-10
VDX Distro Inc.,VDX Distro Inc.,Slam Juice Donut Slam 6mg 100ml,DS06MG,850037435869,1,100,E-liquid,Glazed Donut,2026-03-10
VDX Distro Inc.,VDX Distro Inc.,Slam Juice Donut Slam 12mg 100ml,DS12MG,850037435876,1,100,E-liquid,Glazed Donut,2026-03-10
VDX Distro Inc.,VDX Distro Inc.,Slam Juice Donut Slam 30mg 30ml,DSS30MG,850037435883,1,30,E-liquid,Glazed Donut,2026-03-10
VDX Distro Inc.,VDX Distro Inc.,Slam Juice Donut Slam 50mg 30ml,DSS50MG,850037435890,1,30,E-liquid,Glazed Donut,2026-03-10
VDX Distro Inc.,VDX Distro Inc.,Slam Juice Banana Slam 3mg 100ml,BS03MG,850068444304,1,100,E-liquid,Banana Pudding,2026-03-10
VDX Distro Inc.,VDX Distro Inc.,Slam Juice Banana Slam 6mg 100ml,BS06MG,850068444311,1,100,E-liquid,Banana Pudding,2026-03-10
VDX Distro Inc.,VDX Distro Inc.,Slam Juice Banana Slam 12mg 100ml,BS12MG,850068444328,1,100,E-liquid,Banana Pudding,2026-03-10
VDX Distro Inc.,VDX Distro Inc.,Slam Juice Banana Slam 30mg 30ml,BSS30MG,850068444274,1,30,E-liquid,Banana Pudding,2026-03-10
VDX Distro Inc.,VDX Distro Inc.,Slam Juice Banana Slam 50mg 30ml,BSS50MG,850068444281,1,30,E-liquid,Banana Pudding,2026-03-10
VDX Distro Inc.,VDX Distro Inc.,Slam Juice Cereal Slam 3mg 100ml,CS03MG,850068444243,1,100,E-liquid,Fruity Cereal,2026-03-10
VDX Distro Inc.,VDX Distro Inc.,Slam Juice Cereal Slam 6mg 100ml,CS06MG,850068444250,1,100,E-liquid,Fruity Cereal,2026-03-10
VDX Distro Inc.,VDX Distro Inc.,Slam Juice Cereal Slam 12mg 100ml,CS12MG,850068444267,1,100,E-liquid,Fruity Cereal,2026-03-10
VDX Distro Inc.,VDX Distro Inc.,Slam Juice Cereal Slam 30mg 30ml,CSS30MG,850068444212,1,30,E-liquid,Fruity Cereal,2026-03-10
VDX Distro Inc.,VDX Distro Inc.,Slam Juice Cereal Slam 50mg 30ml,CSS50MG,850068444229,1,30,E-liquid,Fruity Cereal,2026-03-10
VDX Distro Inc.,VDX Distro Inc.,Slam Juice Chzcake Slam 3mg 100ml,CHZ03MG,850068444182,1,100,E-liquid,Filipino Style Ube Cheesecake,2026-03-10
VDX Distro Inc.,VDX Distro Inc.,Slam Juice Chzcake Slam 6mg 100ml,CHZ06MG,850068444199,1,100,E-liquid,Filipino Style Ube Cheesecake,2026-03-10
VDX Distro Inc.,VDX Distro Inc.,Slam Juice Chzcake Slam 12mg 100ml,CHZ12MG,850068444205,1,100,E-liquid,Filipino Style Ube Cheesecake,2026-03-10
VDX Distro Inc.,VDX Distro Inc.,Slam Juice Chzcake Slam 30mg 30ml,CHZSS30MG,850068444151,1,30,E-liquid,Filipino Style Ube Cheesecake,2026-03-10
VDX Distro Inc.,VDX Distro Inc.,Slam Juice Chzcake Slam 50mg 30ml,CHZSS50MG,850068444168,1,30,E-liquid,Filipino Style Ube Cheesecake,2026-03-10
VDX Distro Inc.,VDX Distro Inc.,Slam Juice Cinna Slam 3mg 100ml,CINS03MG,850068444410,1,100,E-liquid,Cinnamon Roll with Icing,2026-03-10
VDX Distro Inc.,VDX Distro Inc.,Slam Juice Cinna Slam 6mg 100ml,CINS06MG,850068444427,1,100,E-liquid,Cinnamon Roll with Icing,2026-03-10
VDX Distro Inc.,VDX Distro Inc.,Slam Juice Cinna Slam 12mg 100ml,CINS12MG,850068444434,1,100,E-liquid,Cinnamon Roll with Icing,2026-03-10
VDX Distro Inc.,VDX Distro Inc.,Slam Juice Cinna Slam 30mg 30ml,CINSS30MG,850068444441,1,30,E-liquid,Cinnamon Roll with Icing,2026-03-10
VDX Distro Inc.,VDX Distro Inc.,Slam Juice Cinna Slam 50mg 30ml,CINSS50MG,850068444458,1,30,E-liquid,Cinnamon Roll with Icing,2026-03-10
VDX Distro Inc.,VDX Distro Inc.,Slam Juice Waffle Slam 3mg 100ml,WS03MG,850068444472,1,100,E-liquid,Vanilla Waffle Cake,2026-03-10
VDX Distro Inc.,VDX Distro Inc.,Slam Juice Waffle Slam 6mg 100ml,WS06MG,850068444489,1,100,E-liquid,Vanilla Waffle Cake,2026-03-10
VDX Distro Inc.,VDX Distro Inc.,Slam Juice Waffle Slam 12mg 100ml,WS12MG,850068444496,1,100,E-liquid,Vanilla Waffle Cake,2026-03-10
VDX Distro Inc.,VDX Distro Inc.,Slam Juice Waffle Slam 30mg 30ml,WSS30MG,850068444502,1,30,E-liquid,Vanilla Waffle Cake,2026-03-10
VDX Distro Inc.,VDX Distro Inc.,Slam Juice Waffle Slam 50mg 30ml,WSS50MG,850068444519,1,30,E-liquid,Vanilla Waffle Cake,2026-03-10
VDX Distro Inc.,VDX Distro Inc.,Unflavored 3mg 100ml,UJ03MG,850068444342,1,100,E-liquid,Unflavored,2026-03-10
VDX Distro Inc.,VDX Distro Inc.,Unflavored 6mg 100ml,UJ06MG,850068444359,1,100,E-liquid,Unflavored,2026-03-10
VDX Distro Inc.,VDX Distro Inc.,Unflavored 12mg 100ml,UJ12MG,850068444366,1,100,E-liquid,Unflavored,2026-03-10
VDX Distro Inc.,VDX Distro Inc.,Unflavored 10mg 30ml,UJS10MG,850068444373,1,30,E-liquid,Unflavored,2026-03-10
VDX Distro Inc.,VDX Distro Inc.,Unflavored 30mg 30ml,UJS30MG,850068444380,1,30,E-liquid,Unflavored,2026-03-10
VDX Distro Inc.,VDX Distro Inc.,Unflavored 50mg 30ml,UJS50MG,850068444397,1,30,E-liquid,Unflavored,2026-03-10
VDX Distro Inc.,VDX Distro Inc.,Barista Brew Salted Caramel Macchiato 3mg 100ml,SCM03MG60,850068444533,1,100,E-liquid,"Coffee, Salted Caramel",2026-04-30
VDX Distro Inc.,VDX Distro Inc.,Barista Brew Salted Caramel Macchiato 6mg 100ml,SCM06MG60,850068444540,1,100,E-liquid,"Coffee, Salted Caramel",2026-04-30
VDX Distro Inc.,VDX Distro Inc.,Barista Brew Salted Caramel Macchiato 12mg 100ml,SCM12MG60,850068444557,1,100,E-liquid,"Coffee, Salted Caramel",2026-04-30
VDX Distro Inc.,VDX Distro Inc.,Barista Brew Salted Caramel Macchiato 30mg 30ml,SCM30MG30,850068444564,1,30,E-liquid,"Coffee, Salted Caramel",2026-04-30
VDX Distro Inc.,VDX Distro Inc.,Barista Brew Salted Caramel Macchiato 50mg 30ml,SCM50MG30,850068444571,1,30,E-liquid,"Coffee, Salted Caramel",2026-04-30
VDX Distro Inc.,VDX Distro Inc.,Barista Brew Double Roasted Mocha 3mg 100ml,DRM03MG,850068444595,1,100,E-liquid,"Coffee, Chocolate",2026-06-30
VDX Distro Inc.,VDX Distro Inc.,Barista Brew Double Roasted Mocha 6mg 100ml,DRM06MG,850068444601,1,100,E-liquid,"Coffee, Chocolate",2026-06-30
VDX Distro Inc.,VDX Distro Inc.,Barista Brew Double Roasted Mocha 12mg 100ml,DRM12MG,850068444618,1,100,E-liquid,"Coffee, Chocolate",2026-06-30
VDX Distro Inc.,VDX Distro Inc.,Barista Brew Double Roasted Mocha 30mg 30ml,DRMS30MG,850068444625,1,30,E-liquid,"Coffee, Chocolate",2026-06-30
VDX Distro Inc.,VDX Distro Inc.,Barista Brew Double Roasted Mocha 50mg 30ml,DRMS50MG,850068444632,1,30,E-liquid,"Coffee, Chocolate",2026-06-30
VDX Distro Inc.,VDX Distro Inc.,Barista Brew Coffee With Cream 3mg 100ml,CWC03MG,850068444656,1,100,E-liquid,"Coffee, Cream",2026-06-30
VDX Distro Inc.,VDX Distro Inc.,Barista Brew Coffee With Cream 6mg 100ml,CWC06MG,850068444663,1,100,E-liquid,"Coffee, Cream",2026-06-30
VDX Distro Inc.,VDX Distro Inc.,Barista Brew Coffee With Cream 12mg 100ml,CWC12MG,850068444670,1,100,E-liquid,"Coffee, Cream",2026-06-30
VDX Distro Inc.,VDX Distro Inc.,Barista Brew Coffee With Cream 30mg 30ml,CWCS30MG,850068444687,1,30,E-liquid,"Coffee, Cream",2026-06-30
VDX Distro Inc.,VDX Distro Inc.,Barista Brew Coffee With Cream 50mg 30ml,CWCS50MG,850068444694,1,30,E-liquid,"Coffee, Cream",2026-06-30
VPR Collection,VPR Collection,Skwezed Banana 100ml - 3mg,SKWBA100-03,658632910855,1,100,E-liquid,Banana,2026-04-13
VPR Collection,VPR Collection,Skwezed Banana 100ml - 6mg,SKWBA100-06,658632910862,1,100,E-liquid,Banana,2026-04-13
VPR Collection,VPR Collection,Skwezed Banana Ice 100ml - 3mg,SKWBAI100-03,658632910886,1,100,E-liquid,Banana,2026-04-13
VPR Collection,VPR Collection,Skwezed Banana Ice 100ml - 6mg,SKWBAI100-06,658632910893,1,100,E-liquid,Banana,2026-04-13
VPR Collection,VPR Collection,Skwezed Banana 30ml - 25mg,SKWBAS30-25,658632910909,1,100,E-liquid,Banana,2026-04-13
VPR Collection,VPR Collection,Skwezed Banana 30ml - 50mg,SKWBAS30-50,658632910916,1,100,E-liquid,Banana,2026-04-13
VPR Collection,VPR Collection,Skwezed Banana Ice 30ml - 25mg,SKWBASI30-25,658632910923,1,100,E-liquid,Banana,2026-04-13
VPR Collection,VPR Collection,Skwezed Banana Ice 30ml - 50mg,SKWBASI30-50,658632910930,1,100,E-liquid,Banana,2026-04-13
VPR Collection,VPR Collection,Skwezed Blue Raspberry 100ml - 3mg,SKWBR100-03,658632916475,1,100,E-liquid,Blue Raspberry,2026-04-13
VPR Collection,VPR Collection,Skwezed Blue Raspberry 100ml - 6mg,SKWBR100-06,658632916482,1,100,E-liquid,Blue Raspberry,2026-04-13
VPR Collection,VPR Collection,Skwezed Blue Raspberry Ice 100ml - 3mg,SKWBRI100-03,658632916529,1,100,E-liquid,Blue Raspberry,2026-04-13
VPR Collection,VPR Collection,Skwezed Blue Raspberry Ice 100ml - 6mg,SKWBRI100-06,658632916536,1,100,E-liquid,Blue Raspberry,2026-04-13
VPR Collection,VPR Collection,Skwezed Blue Raspberry 30ml - 25mg,SKWBRS30-25,658632916499,1,100,E-liquid,Blue Raspberry,2026-04-13
VPR Collection,VPR Collection,Skwezed Blue Raspberry 30ml - 50mg,SKWBRS30-50,658632916505,1,100,E-liquid,Blue Raspberry,2026-04-13
VPR Collection,VPR Collection,Skwezed Blue Raspberry Ice 30ml - 25mg,SKWBRSI30-25,658632916543,1,100,E-liquid,Blue Raspberry,2026-04-13
VPR Collection,VPR Collection,Skwezed Blue Raspberry Ice 30ml - 50mg,SKWBRSI30-50,658632916550,1,100,E-liquid,Blue Raspberry,2026-04-13
VPR Collection,VPR Collection,Skwezed Green Apple 100ml - 3mg,SKWGA100-03,643517486587,1,100,E-liquid,Green Apple,2026-04-13
VPR Collection,VPR Collection,Skwezed Green Apple 100ml - 6mg,SKWGA100-06,643517486594,1,100,E-liquid,Green Apple,2026-04-13
VPR Collection,VPR Collection,Skwezed Green Apple Ice 100ml - 3mg,SKWGAI100-03,658632909606,1,100,E-liquid,Green Apple,2026-04-13
VPR Collection,VPR Collection,Skwezed Green Apple Ice 100ml - 6mg,SKWGAI100-06,658632909613,1,100,E-liquid,Green Apple,2026-04-13
VPR Collection,VPR Collection,Skwezed Green Apple 30ml - 25mg,SKWGAS30-25,658632907671,1,100,E-liquid,Green Apple,2026-04-13
VPR Collection,VPR Collection,Skwezed Green Apple 30ml - 50mg,SKWGAS30-50,658632907688,1,100,E-liquid,Green Apple,2026-04-13
VPR Collection,VPR Collection,Skwezed Green Apple Ice 30ml - 25mg,SKWGASI30-25,658632909781,1,100,E-liquid,Green Apple,2026-04-13
VPR Collection,VPR Collection,Skwezed Green Apple Ice 30ml - 50mg,SKWGASI30-50,658632909798,1,100,E-liquid,Green Apple,2026-04-13
VPR Collection,VPR Collection,Skwezed Honeydew 100ml - 3mg,SKWHD100-03,658632916574,1,100,E-liquid,Honey Dew,2026-04-13
VPR Collection,VPR Collection,Skwezed Honeydew 100ml - 6mg,SKWHD100-06,658632916581,1,100,E-liquid,Honey Dew,2026-04-13
VPR Collection,VPR Collection,Skwezed Honeydew Ice 100ml - 3mg,SKWHDI100-03,658632916628,1,100,E-liquid,Honey Dew,2026-04-13
VPR Collection,VPR Collection,Skwezed Honeydew Ice 100ml - 6mg,SKWHDI100-06,658632916635,1,100,E-liquid,Honey Dew,2026-04-13
VPR Collection,VPR Collection,Skwezed Honeydew 30ml - 25mg,SKWHDS30-25,658632916598,1,100,E-liquid,Honey Dew,2026-04-13
VPR Collection,VPR Collection,Skwezed Honeydew 30ml - 50mg,SKWHDS30-50,658632916604,1,100,E-liquid,Honey Dew,2026-04-13
VPR Collection,VPR Collection,Skwezed Honeydew Ice 30ml - 25mg,SKWHDSI30-25,658632916642,1,100,E-liquid,Honey Dew,2026-04-13
VPR Collection,VPR Collection,Skwezed Honeydew Ice 30ml - 50mg,SKWHDSI30-50,658632916659,1,100,E-liquid,Honey Dew,2026-04-13
VPR Collection,VPR Collection,Skwezed Kiwi Strawberry 100ml - 3mg,SKWKI100-03,658632916673,1,100,E-liquid,Kiwi Strawberry,2026-04-13
VPR Collection,VPR Collection,Skwezed Kiwi Strawberry 100ml - 6mg,SKWKI100-06,658632916680,1,100,E-liquid,Kiwi Strawberry,2026-04-13
VPR Collection,VPR Collection,Skwezed Kiwi Strawberry Ice 100ml - 3mg,SKWKII100-03,658632916727,1,100,E-liquid,Kiwi Strawberry,2026-04-13
VPR Collection,VPR Collection,Skwezed Kiwi Strawberry Ice 100ml - 6mg,SKWKII100-06,658632916734,1,100,E-liquid,Kiwi Strawberry,2026-04-13
VPR Collection,VPR Collection,Skwezed Kiwi Strawberry 30ml - 25mg,SKWKIS30-25,658632916697,1,100,E-liquid,Kiwi Strawberry,2026-04-13
VPR Collection,VPR Collection,Skwezed Kiwi Strawberry 30ml - 50mg,SKWKIS30-50,658632916703,1,100,E-liquid,Kiwi Strawberry,2026-04-13
VPR Collection,VPR Collection,Skwezed Kiwi Strawberry Ice 30ml - 25mg,SKWKISI30-25,658632916741,1,100,E-liquid,Kiwi Strawberry,2026-04-13
VPR Collection,VPR Collection,Skwezed Kiwi Strawberry Ice 30ml - 50mg,SKWKISI30-50,658632916758,1,100,E-liquid,Kiwi Strawberry,2026-04-13
VPR Collection,VPR Collection,Skwezed Mango 100ml - 3mg,SKWMA100-03,657664250786,1,100,E-liquid,Mango,2026-04-13
VPR Collection,VPR Collection,Skwezed Mango 100ml - 6mg,SKWMA100-06,657664250793,1,100,E-liquid,Mango,2026-04-13
VPR Collection,VPR Collection,Skwezed Mango Ice 100ml - 3mg,SKWMAI100-03,658632909668,1,100,E-liquid,Mango,2026-04-13
VPR Collection,VPR Collection,Skwezed Mango Ice 100ml - 6mg,SKWMAI100-06,658632909675,1,100,E-liquid,Mango,2026-04-13
VPR Collection,VPR Collection,Skwezed Mango 30ml - 25mg,SKWMAS30-25,658632907701,1,100,E-liquid,Mango,2026-04-13
VPR Collection,VPR Collection,Skwezed Mango 30ml - 50mg,SKWMAS30-50,658632907718,1,100,E-liquid,Mango,2026-04-13
VPR Collection,VPR Collection,Skwezed Mango Ice 30ml - 25mg,SKWMASI30-25,658632909828,1,100,E-liquid,Mango,2026-04-13
VPR Collection,VPR Collection,Skwezed Mango Ice 30ml - 50mg,SKWMASI30-50,658632909835,1,100,E-liquid,Mango,2026-04-13
VPR Collection,VPR Collection,Skwezed Mixed Berries 100ml - 3mg,SKWMB100-03,658632914440,1,100,E-liquid,Mixed Berries,2026-04-13
VPR Collection,VPR Collection,Skwezed Mixed Berries 100ml - 6mg,SKWMB100-06,658632914457,1,100,E-liquid,Mixed Berries,2026-04-13
VPR Collection,VPR Collection,Skwezed Mixed Berries Ice 100ml - 3mg,SKWMBI100-03,658632914495,1,100,E-liquid,Mixed Berries,2026-04-13
VPR Collection,VPR Collection,Skwezed Mixed Berries Ice 100ml - 6mg,SKWMBI100-06,658632914501,1,100,E-liquid,Mixed Berries,2026-04-13
VPR Collection,VPR Collection,Skwezed Mixed Berries 30ml - 25mg,SKWMBS30-25,658632914464,1,100,E-liquid,Mixed Berries,2026-04-13
VPR Collection,VPR Collection,Skwezed Mixed Berries 30ml - 50mg,SKWMBS30-50,658632914471,1,100,E-liquid,Mixed Berries,2026-04-13
VPR Collection,VPR Collection,Skwezed Mixed Berries Ice 30ml - 25mg,SKWMBSI30-25,658632914518,1,100,E-liquid,Mixed Berries,2026-04-13
VPR Collection,VPR Collection,Skwezed Mixed Berries Ice 30ml - 50mg,SKWMBSI30-50,658632914525,1,100,E-liquid,Mixed Berries,2026-04-13
VPR Collection,VPR Collection,Skwezed Pineapple 100ml - 3mg,SKWPP100-03,658632916772,1,100,E-liquid,Pineapple,2026-04-13
VPR Collection,VPR Collection,Skwezed Pineapple 100ml - 6mg,SKWPP100-06,658632916789,1,100,E-liquid,Pineapple,2026-04-13
VPR Collection,VPR Collection,Skwezed Pineapple Ice 100ml - 3mg,SKWPPI100-03,658632916826,1,100,E-liquid,Pineapple,2026-04-13
VPR Collection,VPR Collection,Skwezed Pineapple Ice 100ml - 6mg,SKWPPI100-06,658632916833,1,100,E-liquid,Pineapple,2026-04-13
VPR Collection,VPR Collection,Skwezed Pineapple 30ml - 25mg,SKWPPS30-25,658632916796,1,100,E-liquid,Pineapple,2026-04-13
VPR Collection,VPR Collection,Skwezed Pineapple 30ml - 50mg,SKWPPS30-50,658632916802,1,100,E-liquid,Pineapple,2026-04-13
VPR Collection,VPR Collection,Skwezed Pineapple Ice 30ml - 25mg,SKWPPSI30-25,658632916840,1,100,E-liquid,Pineapple,2026-04-13
VPR Collection,VPR Collection,Skwezed Pineapple Ice 30ml - 50mg,SKWPPSI30-50,658632916857,1,100,E-liquid,Pineapple,2026-04-13
VPR Collection,VPR Collection,Skwezed Pink Lemonade 100ml - 3mg,SKWPL100-03,658632914341,1,100,E-liquid,Pink Lemonade,2026-04-13
VPR Collection,VPR Collection,Skwezed Pink Lemonade 100ml - 6mg,SKWPL100-06,658632914358,1,100,E-liquid,Pink Lemonade,2026-04-13
VPR Collection,VPR Collection,Skwezed Pink Lemonade Ice 100ml - 3mg,SKWPLI100-03,658632914396,1,100,E-liquid,Pink Lemonade,2026-04-13
VPR Collection,VPR Collection,Skwezed Pink Lemonade Ice 100ml - 6mg,SKWPLI100-06,658632914402,1,100,E-liquid,Pink Lemonade,2026-04-13
VPR Collection,VPR Collection,Skwezed Pink Lemonade 30ml - 25mg,SKWPLS30-25,658632914365,1,100,E-liquid,Pink Lemonade,2026-04-13
VPR Collection,VPR Collection,Skwezed Pink Lemonade 30ml - 50mg,SKWPLS30-50,658632914372,1,100,E-liquid,Pink Lemonade,2026-04-13
VPR Collection,VPR Collection,Skwezed Pink Lemonade Ice 30ml - 25mg,SKWPLSI30-25,658632914419,1,100,E-liquid,Pink Lemonade,2026-04-13
VPR Collection,VPR Collection,Skwezed Pink Lemonade Ice 30ml - 50mg,SKWPLSI30-50,658632914426,1,100,E-liquid,Pink Lemonade,2026-04-13
VPR Collection,VPR Collection,Skwezed Strawberry 100ml - 3mg,SKWSB100-03,658632911821,1,100,E-liquid,Strawberry,2026-04-13
VPR Collection,VPR Collection,Skwezed Strawberry 100ml - 6mg,SKWSB100-06,658632911838,1,100,E-liquid,Strawberry,2026-04-13
VPR Collection,VPR Collection,Skwezed Strawberry Ice 100ml - 3mg,SKWSBI100-03,658632911791,1,100,E-liquid,Strawberry,2026-04-13
VPR Collection,VPR Collection,Skwezed Strawberry Ice 100ml - 6mg,SKWSBI100-06,658632911807,1,100,E-liquid,Strawberry,2026-04-13
VPR Collection,VPR Collection,Skwezed Strawberry 30ml - 25mg,SKWSBS30-25,658632911845,1,100,E-liquid,Strawberry,2026-04-13
VPR Collection,VPR Collection,Skwezed Strawberry 30ml - 50mg,SKWSBS30-50,658632911852,1,100,E-liquid,Strawberry,2026-04-13
VPR Collection,VPR Collection,Skwezed Strawberry Ice 30ml - 25mg,SKWSBSI30-25,658632911869,1,100,E-liquid,Strawberry,2026-04-13
VPR Collection,VPR Collection,Skwezed Strawberry Ice 30ml - 50mg,SKWSBSI30-50,658632911876,1,100,E-liquid,Strawberry,2026-04-13
VPR Collection,VPR Collection,Skwezed Watermelon 100ml - 3mg,SKWWM100-03,657664250816,1,100,E-liquid,Watermelon,2026-04-13
VPR Collection,VPR Collection,Skwezed Watermelon 100ml - 6mg,SKWWM100-06,657664250823,1,100,E-liquid,Watermelon,2026-04-13
VPR Collection,VPR Collection,Skwezed Watermelon Ice 100ml - 3mg,SKWWMI100-03,658632910756,1,100,E-liquid,Watermelon,2026-04-13
VPR Collection,VPR Collection,Skwezed Watermelon Ice 100ml - 6mg,SKWWMI100-06,658632910763,1,100,E-liquid,Watermelon,2026-04-13
VPR Collection,VPR Collection,Skwezed Watermelon 30ml - 25mg,SKWWMS30-25,658632910770,1,100,E-liquid,Watermelon,2026-04-13
VPR Collection,VPR Collection,Skwezed Watermelon 30ml - 50mg,SKWWMS30-50,658632910787,1,100,E-liquid,Watermelon,2026-04-13
VPR Collection,VPR Collection,Skwezed Watermelon Ice 30ml - 25mg,SKWWMSI30-25,658632910794,1,100,E-liquid,Watermelon,2026-04-13
VPR Collection,VPR Collection,Skwezed Watermelon Ice 30ml - 50mg,SKWWMSI30-50,658632910800,1,100,E-liquid,Watermelon,2026-04-13
VPR Collection,VPR Collection,Skwezed Watermelon Green Apple 100ml - 3mg,SKWWMGA100-03,658632913542,1,100,E-liquid,Watermelon Green Apple,2026-04-13
VPR Collection,VPR Collection,Skwezed Watermelon Green Apple 100ml - 6mg,SKWWMGA100-06,658632913559,1,100,E-liquid,Watermelon Green Apple,2026-04-13
VPR Collection,VPR Collection,Skwezed Watermelon Green Apple Ice 100ml - 3mg,SKWWMGAI100-03,658632913542,1,100,E-liquid,Watermelon Green Apple,2026-04-13
VPR Collection,VPR Collection,Skwezed Watermelon Green Apple Ice 100ml - 6mg,SKWWMGAI100-06,658632913580,1,100,E-liquid,Watermelon Green Apple,2026-04-13
VPR Collection,VPR Collection,Skwezed Watermelon Green Apple 30ml - 25mg,SKWWMGAS30-25,658632913597,1,100,E-liquid,Watermelon Green Apple,2026-04-13
VPR Collection,VPR Collection,Skwezed Watermelon Green Apple 30ml - 50mg,SKWWMGAS30-50,658632913603,1,100,E-liquid,Watermelon Green Apple,2026-04-13
VPR Collection,VPR Collection,Skwezed Watermelon Green Apple Ice 30ml - 25mg,SKWWMGASI30-25,658632909781,1,100,E-liquid,Watermelon Green Apple,2026-04-13
VPR Collection,VPR Collection,Skwezed Watermelon Green Apple Ice 30ml - 50mg,SKWWMGASI30-50,658632909798,1,100,E-liquid,Watermelon Green Apple,2026-04-13
VPR Collection,VPR Collection,Skwezed Watermelon Strawberry 100ml - 3mg,SKWWMSB100-03,658632913443,1,100,E-liquid,Watermelon Strawberry,2026-04-13
VPR Collection,VPR Collection,Skwezed Watermelon Strawberry 100ml - 6mg,SKWWMSB100-06,658632913450,1,100,E-liquid,Watermelon Strawberry,2026-04-13
VPR Collection,VPR Collection,Skwezed Watermelon Strawberry Ice 100ml - 3mg,SKWWMSB100-03,658632911791,1,100,E-liquid,Watermelon Strawberry,2026-04-13
VPR Collection,VPR Collection,Skwezed Watermelon Strawberry Ice 100ml - 6mg,SKWWMSB100-06,658632911807,1,100,E-liquid,Watermelon Strawberry,2026-04-13
VPR Collection,VPR Collection,Skwezed Watermelon Strawberry 30ml - 25mg,SKWWMSBS30-25,658632913498,1,100,E-liquid,Watermelon Strawberry,2026-04-13
VPR Collection,VPR Collection,Skwezed Watermelon Strawberry 30ml - 50mg,SKWWMSBS30-50,658632913504,1,100,E-liquid,Watermelon Strawberry,2026-04-13
VPR Collection,VPR Collection,Skwezed Watermelon Strawberry Ice 30ml - 25mg,SKWWMSBSI30-25,658632913511,1,100,E-liquid,Watermelon Strawberry,2026-04-13
VPR Collection,VPR Collection,Skwezed Watermelon Strawberry Ice 30ml - 50mg,SKWWMSBSI30-50,658632913528,1,100,E-liquid,Watermelon Strawberry,2026-04-13
VPR Collection,VPR Collection,Skwezed Watermelon White Grape 100ml - 3mg,SKWWMWG100-03,658632913641,1,100,E-liquid,Watermelon White Grape,2026-04-13
VPR Collection,VPR Collection,Skwezed Watermelon White Grape 100ml - 6mg,SKWWMWG100-06,658632913658,1,100,E-liquid,Watermelon White Grape,2026-04-13
VPR Collection,VPR Collection,Skwezed Watermelon White Grape Ice 100ml - 3mg,SKWWMWGI100-03,658632913672,1,100,E-liquid,Watermelon White Grape,2026-04-13
VPR Collection,VPR Collection,Skwezed Watermelon White Grape Ice 100ml - 6mg,SKWWMWGI100-06,658632913689,1,100,E-liquid,Watermelon White Grape,2026-04-13
VPR Collection,VPR Collection,Skwezed Watermelon White Grape 30ml - 25mg,SKWWMWGS30-25,658632913696,1,100,E-liquid,Watermelon White Grape,2026-04-13
VPR Collection,VPR Collection,Skwezed Watermelon White Grape 30ml - 50mg,SKWWMWGS30-50,658632913702,1,100,E-liquid,Watermelon White Grape,2026-04-13
VPR Collection,VPR Collection,Skwezed Watermelon White Grape Ice 30ml - 25mg,SKWWMWGSI30-25,658632913719,1,100,E-liquid,Watermelon White Grape,2026-04-13
VPR Collection,VPR Collection,Skwezed Watermelon White Grape Ice 30ml - 50mg,SKWWMWGSI30-50,658632913726,1,100,E-liquid,Watermelon White Grape,2026-04-13
VPR Collection,VPR Collection,Skwezed Mint 100ml - 3mg,SKWMNI100-03,658632914181,1,100,E-liquid,Mint,2026-04-13
VPR Collection,VPR Collection,Skwezed Mint 100ml - 6mg,SKWMNI100-06,658632914198,1,100,E-liquid,Mint,2026-04-13
VPR Collection,VPR Collection,Skwezed Mint 30ml - 25mg,SKWMNSI30-25,658632914204,1,100,E-liquid,Mint,2026-04-13
VPR Collection,VPR Collection,Skwezed Mint 30ml - 50mg,SKWMNSI30-25,658632914211,1,100,E-liquid,Mint,2026-04-13
VR Products I LLC,VR Products I LLC,Crossbar E-Cigarette Butterscotch Tobacco,8 50071 16337 7,850071163377,1,13,Disposable E-Cigarette Device,Butterscotch Tobacco,2025-12-15
VR Products I LLC,VR Products I LLC,Crossbar E-Cigarette Raspberry Wafer Tobacco,8 50071 16339 1,850071163391,1,13,Disposable E-Cigarette Device,Raspberry Wafer Tobacco,2025-12-15
VR Products I LLC,VR Products I LLC,Crossbar E-Cigarette Blue Razz Ice Menthol,8 50071 16341 4,850071163414,1,13,Disposable E-Cigarette Device,Blue Razz Ice Menthol,2025-12-15
VR Products I LLC,VR Products I LLC,Crossbar E-Cigarette Miami Mint Menthol,8 50071 16343 8,850071163438,1,13,Disposable E-Cigarette Device,Miami Mint Menthol,2025-12-15
VR Products I LLC,VR Products I LLC,Kumi 6 Scenic Cool Mint,8 50071 16376 6,850071163766,1,22,Disposable E-Cigarette Device,Cool Mint,2026-01-27
VR Products I LLC,VR Products I LLC,Kumi 6 Scenic Sour Rocket Pop,8 50071 16378 0,850071163780,1,22,Disposable E-Cigarette Device,Sour Rocket Pop,2026-01-27
VR Products I LLC,VR Products I LLC,Kumi 6 Scenic Baja Blue,8 50071 16381 0,850071163810,1,22,Disposable E-Cigarette Device,Baja Blue,2026-01-27
VR Products I LLC,VR Products I LLC,Kumi 6 Scenic Grape Rancher,8 50071 16383 4,850071163834,1,22,Disposable E-Cigarette Device,Grape Rancher,2026-01-27
VR Products I LLC,VR Products I LLC,Kumi 6 Scenic Sour Blue Gummy,8 50071 16385 8,850071163858,1,22,Disposable E-Cigarette Device,Sour Blue Gummy,2026-01-27
VR Products I LLC,VR Products I LLC,Kumi 6 Scenic Vanilla Cola,8 50071 16387 2,850071163872,1,22,Disposable E-Cigarette Device,Vanilla Cola,2026-01-27
VR Products I LLC,VR Products I LLC,Kumi 6 Scenic Loopy,8 50071 16389 6,850071163896,1,22,Disposable E-Cigarette Device,Loopy,2026-01-27
VR Products I LLC,VR Products I LLC,Kumi 6 Scenic Buns,8 50071 16374 2,850071163742,1,22,Disposable E-Cigarette Device,Buns,2026-01-27
VR Products I LLC,VR Products I LLC,Kumi 6 Scenic Jammy Blue,8 50071 16372 8,850071163728,1,22,Disposable E-Cigarette Device,Jammy Blue,2026-01-27
VR Products I LLC,VR Products I LLC,Kumi 6 Scenic Strawberry Watermelon,8 50071 16391 9,850071163919,1,22,Disposable E-Cigarette Device,Strawberry Watermelon,2026-01-27
VR Products I LLC,VR Products I LLC,Kumi 6 Scenic Blue Razz Ice,8 50080 13019 3,850080130193,1,22,Disposable E-Cigarette Device,Blue Razz Ice,2026-01-27
VR Products I LLC,VR Products I LLC,Kumi 6 Scenic Watermelon Ice,8 50080 13021 6,850080130216,1,22,Disposable E-Cigarette Device,Watermelon Ice,2026-01-27
VR Products I LLC,VR Products I LLC,Kumi 6 Scenic Triple Berry,8 50080 13023 0,850080130230,1,22,Disposable E-Cigarette Device,Triple Berry,2026-01-27
VR Products I LLC,VR Products I LLC,Kumi 6 Scenic White Gummy,8 50080 13025 4,850080130254,1,22,Disposable E-Cigarette Device,White Gummy,2026-01-27
VR Products I LLC,VR Products I LLC,Kumi 6 Scenic Sour Blueberry Pink Lemonade,8 50080 13038 4,850080130384,1,22,Disposable E-Cigarette Device,Sour Blueberry Pink Lemonade,2026-01-27
VR Products I LLC,VR Products I LLC,Kumi 6 Scenic Strawberry Fanta,8 50080 13027 8,850080130278,1,22,Disposable E-Cigarette Device,Strawberry Fanta,2026-01-27
VR Products I LLC,VR Products I LLC,Kumi 6 Scenic Orange Sour Straws,8 50080 13032 2,850080130322,1,22,Disposable E-Cigarette Device,Orange Sour Straws,2026-01-27
VR Products I LLC,VR Products I LLC,Kumi 6 Scenic New York Mint,8 50080 13034 6,850080130346,1,22,Disposable E-Cigarette Device,New York Mint,2026-01-27
VR Products I LLC,VR Products I LLC,Kumi 6 Scenic Very Berry Nerds,8 50080 13036 0,850080130360,1,22,Disposable E-Cigarette Device,Very Berry Nerds,2026-01-27
VR Products I LLC,VR Products I LLC,Kumi 6 Scenic Strazz,8 50080 13040 7,850080130407,1,22,Disposable E-Cigarette Device,Strazz,2026-01-27
VR Products I LLC,VR Products I LLC,Kumi Scenic Cool Mint,8 50071 16350 6,850071163506,1,22,Disposable E-Cigarette Device,Cool Mint,2026-01-27
VR Products I LLC,VR Products I LLC,Kumi Scenic Sour Rocket Pop,8 50071 16352 0,850071163520,1,22,Disposable E-Cigarette Device,Sour Rocket Pop,2026-01-27
VR Products I LLC,VR Products I LLC,Kumi Scenic Baja Blue,8 50071 16354 4,850071163544,1,22,Disposable E-Cigarette Device,Baja Blue,2026-01-27
VR Products I LLC,VR Products I LLC,Kumi Scenic Grape Rancher,8 50071 16356 8,850071163568,1,22,Disposable E-Cigarette Device,Grape Rancher,2026-01-27
VR Products I LLC,VR Products I LLC,Kumi Scenic Sour Blue Gummy,8 50071 16358 2,850071163582,1,22,Disposable E-Cigarette Device,Sour Blue Gummy,2026-01-27
VR Products I LLC,VR Products I LLC,Kumi Scenic Vanilla Cola,8 50071 16360 5,850071163605,1,22,Disposable E-Cigarette Device,Vanilla Cola,2026-01-27
VR Products I LLC,VR Products I LLC,Kumi Scenic Loopy,8 50071 16362 9,850071163629,1,22,Disposable E-Cigarette Device,Loopy,2026-01-27
VR Products I LLC,VR Products I LLC,Kumi Scenic Buns,8 50071 16364 3,850071163643,1,22,Disposable E-Cigarette Device,Buns,2026-01-27
VR Products I LLC,VR Products I LLC,Kumi Scenic Jammy Blue,8 50071 16366 7,850071163667,1,22,Disposable E-Cigarette Device,Jammy Blue,2026-01-27
VR Products I LLC,VR Products I LLC,Kumi Scenic Strawberry Watermelon,8 50071 16368 1,850071163681,1,22,Disposable E-Cigarette Device,Strawberry Watermelon,2026-01-27
VR Products I LLC,VR Products I LLC,Kumi Scenic Blue Razz Ice,8 50071 16395 7,850071163957,1,22,Disposable E-Cigarette Device,Blue Razz Ice,2026-01-27
VR Products I LLC,VR Products I LLC,Kumi Scenic Watermelon Ice,8 50071 16397 1,850071163971,1,22,Disposable E-Cigarette Device,Watermelon Ice,2026-01-27
VR Products I LLC,VR Products I LLC,Kumi Scenic Triple Berry,8 50071 16399 5,850071163995,1,22,Disposable E-Cigarette Device,Triple Berry,2026-01-27
VR Products I LLC,VR Products I LLC,Kumi Scenic White Gummy,8 50080 13001 8,850080130018,1,22,Disposable E-Cigarette Device,White Gummy,2026-01-27
VR Products I LLC,VR Products I LLC,Kumi Scenic Sour Blueberry Pink Lemonade,8 50080 13013 1,850080130131,1,22,Disposable E-Cigarette Device,Sour Blueberry Pink Lemonade,2026-01-27
VR Products I LLC,VR Products I LLC,Kumi Scenic Strawberry Fanta,8 50080 13003 2,850080130032,1,22,Disposable E-Cigarette Device,Strawberry Fanta,2026-01-27
VR Products I LLC,VR Products I LLC,Kumi Scenic Orange Sour Straws,8 50080 13007 0,850080130070,1,22,Disposable E-Cigarette Device,Orange Sour Straws,2026-01-27
VR Products I LLC,VR Products I LLC,Kumi Scenic New York Mint,8 50080 13009 4,850080130094,1,22,Disposable E-Cigarette Device,New York Mint,2026-01-27
VR Products I LLC,VR Products I LLC,Kumi Scenic Very Berry Nerds,8 50080 13011 7,850080130117,1,22,Disposable E-Cigarette Device,Very Berry Nerds,2026-01-27
VR Products I LLC,VR Products I LLC,Kumi Scenic Strazz,8 50080 13015 5,850080130155,1,22,Disposable E-Cigarette Device,Strazz,2026-01-27
VR Products I LLC,VR Products I LLC,Kumi 6 Kurve Grape Rancher,8 50071 16315 5,850071163155,1,28,Disposable E-Cigarette Device,Grape Rancher,2026-03-11
VR Products I LLC,VR Products I LLC,Kumi 6 Kurve Strawberry Cake,8 50071 16317 9,850071163179,1,28,Disposable E-Cigarette Device,Strawberry Cake,2026-03-11
VR Products I LLC,VR Products I LLC,Kumi 6 Kurve Sour Watermelon Gummy,8 50071 16319 3,850071163193,1,28,Disposable E-Cigarette Device,Sour Watermelon Gummy,2026-03-11
VR Products I LLC,VR Products I LLC,Kumi 6 Kurve Cool Mint,8 50071 16321 6,850071163216,1,28,Disposable E-Cigarette Device,Cool Mint,2026-03-11
VR Products I LLC,VR Products I LLC,Kumi 6 Kurve Strawberry Watermelon,8 50071 16313 1,850071163131,1,28,Disposable E-Cigarette Device,Strawberry Watermelon,2026-03-11
VR Products I LLC,VR Products I LLC,Kumi 6 Kurve Baja Blue,8 50071 16323 0,850071163230,1,28,Disposable E-Cigarette Device,Baja blue,2026-03-11
VR Products I LLC,VR Products I LLC,Kumi 6 Kurve Sour gush,8 50071 16325 4,850071163254,1,28,Disposable E-Cigarette Device,Sour gush,2026-03-11
VR Products I LLC,VR Products I LLC,Kumi 6 Kurve B-pop,8 50071 16327 8,850071163278,1,28,Disposable E-Cigarette Device,B-pop,2026-03-11
VR Products I LLC,VR Products I LLC,Kumi 6 Kurve Blue Kiwi Ice,8 50071 16329 2,850071163292,1,28,Disposable E-Cigarette Device,Blue Kiwi Ice,2026-03-11
VR Products I LLC,VR Products I LLC,Kumi 6 Kurve Pineapple Peach,8 50071 16311 7,850071163117,1,28,Disposable E-Cigarette Device,Pineapple Peach,2026-03-11
VR Products I LLC,VR Products I LLC,Kumi Oro Peach Pineapple Blueberry,8 50080 13096 4,850080130964,1,15,Disposable E-Cigarette Device,Peach Pineapple Blueberry,2026-03-11
VR Products I LLC,VR Products I LLC,Kumi Oro Cool Mint,8 50080 13098 8,850080130988,1,15,Disposable E-Cigarette Device,Cool Mint,2026-03-11
VR Products I LLC,VR Products I LLC,Kumi Oro Toasted Coconut Pineapple,8 50082 08200 1,850082082001,1,15,Disposable E-Cigarette Device,Toasted Coconut Pineapple,2026-03-11
VR Products I LLC,VR Products I LLC,Kumi Oro Watermelon Ice,8 50082 08202 5,850082082025,1,15,Disposable E-Cigarette Device,Watermelon Ice,2026-03-11
VR Products I LLC,VR Products I LLC,Kumi Oro Coded Red Dew,8 50082 08204 9,850082082049,1,15,Disposable E-Cigarette Device,Coded Red Dew,2026-03-11
VR Products I LLC,VR Products I LLC,Kumi Oro Peach Ice,8 50082 08206 3,850082082063,1,15,Disposable E-Cigarette Device,Peach Ice,2026-03-11
VR Products I LLC,VR Products I LLC,Kumi Oro Sour Blueberry Pink Lemonade,8 50082 08208 7,850082082087,1,15,Disposable E-Cigarette Device,Sour Blueberry Pink Lemonade,2026-03-11
VR Products I LLC,VR Products I LLC,Kumi Oro Triple Berry Ice,8 50082 08210 0,850082082100,1,15,Disposable E-Cigarette Device,Triple Berry Ice,2026-03-11
VR Products I LLC,VR Products I LLC,Kumi Oro Blood Orange Mint,8 50082 08212 4,850082082124,1,15,Disposable E-Cigarette Device,Blood Orange Mint,2026-03-11
VR Products I LLC,VR Products I LLC,Kumi Oro Strawberry Watermelon Ice,8 50082 08214 8,850082082148,1,15,Disposable E-Cigarette Device,Strawberry Watermelon Ice,2026-03-11
VR Products I LLC,VR Products I LLC,Kumi Oro Blue Rancher,8 50082 08216 2,850082082162,1,15,Disposable E-Cigarette Device,Blue Rancher,2026-03-11
VR Products I LLC,VR Products I LLC,Kumi Oro Strawberry Banana,8 50082 08218 6,850082082186,1,15,Disposable E-Cigarette Device,Strawberry Banana,2026-03-11
VR Products I LLC,VR Products I LLC,Kumi Oro Blue Razz Ice,8 50082 08220 9,850082082209,1,15,Disposable E-Cigarette Device,Blue Razz Ice,2026-03-11
VR Products I LLC,VR Products I LLC,Kumi Oro Strawberry Mint Candy,8 50082 08222 3,850082082223,1,15,Disposable E-Cigarette Device,Strawberry Mint Candy,2026-03-11
VR Products I LLC,VR Products I LLC,Hi Tide Strawberry Ice,8 50082 08232 2,850082082322,1,42,Disposable E-Cigarette Device,Strawberry Ice,2026-07-16
VR Products I LLC,VR Products I LLC,Hi Tide Blue Razz Ice,8 50082 08234 6,850082082346,1,42,Disposable E-Cigarette Device,Blue Razz Ice,2026-07-16
VR Products I LLC,VR Products I LLC,Hi Tide Sour Gush,8 50082 08236 0,850082082360,1,42,Disposable E-Cigarette Device,Sour Gush,2026-07-16
VR Products I LLC,VR Products I LLC,Hi Tide Cool Mint,8 50082 08238 4,850082082384,1,42,Disposable E-Cigarette Device,Cool Mint,2026-07-16
VR Products I LLC,VR Products I LLC,Hi Tide Grape Ice,8 50082 08240 7,850082082407,1,42,Disposable E-Cigarette Device,Grape Ice,2026-07-16
VR Products I LLC,VR Products I LLC,Hi Tide Strawberry Burst,8 50082 08242 1,850082082421,1,42,Disposable E-Cigarette Device,Strawberry Burst,2026-07-16
VR Products I LLC,VR Products I LLC,Hi Tide Watermelon Ice,8 50082 08244 5,850082082445,1,42,Disposable E-Cigarette Device,Watermelon Ice,2026-07-16
VR Products I LLC,VR Products I LLC,Hi Tide White Gummy,8 50082 08246 9,850082082469,1,42,Disposable E-Cigarette Device,White Gummy,2026-07-16
VR Products I LLC,VR Products I LLC,Hi Tide Lava Flow,8 50082 08248 3,850082082483,1,42,Disposable E-Cigarette Device,Lava Flow,2026-07-16
VR Products I LLC,VR Products I LLC,Hi Tide Peach Ice,8 50082 08250 6,850082082506,1,42,Disposable E-Cigarette Device,Peach Ice,2026-07-16
Wage & White Lion Investments LLC,Triton Distribution,Jimmy The Juiceman Creme Brulee 120ml 3mg,JTJM120CB03,850011519288,1,120,E-liquid,Sweet Cream & Sugar,2025-11-17
Wage & White Lion Investments LLC,Triton Distribution,Jimmy The Juiceman Creme Brulee 120ml 6mg,JTJM120CB06,850011519295,1,120,E-liquid,Sweet Cream & Sugar,2025-11-17
Wage & White Lion Investments LLC,Triton Distribution,Jimmy The Juiceman Creme Brulee 120ml 12mg,JTJM120CB12,850011519301,1,120,E-liquid,Sweet Cream & Sugar,2025-11-17
Wage & White Lion Investments LLC,Triton Distribution,Jimmy the Juiceman Peachy Strawberry 120ml 3mg,JTJM120PS03,850011519240,1,120,E-liquid,Peach Strawberry & Mix Fruit,2025-11-17
Wage & White Lion Investments LLC,Triton Distribution,Jimmy the Juiceman Peachy Strawberry 120ml 6mg,JTJM120PS06,850011519257,1,120,E-liquid,Peach Strawberry & Mix Fruit,2025-11-17
Wage & White Lion Investments LLC,Triton Distribution,Jimmy the Juiceman Peachy Strawberry 120ml 12mg,JTJM120PS12,850011519264,1,120,E-liquid,Peach Strawberry & Mix Fruit,2025-11-17
Wage & White Lion Investments LLC,Triton Distribution,Jimmy the Juiceman Raspberry French 120ml 3mg,JTJM120RF03,850011519202,1,120,E-liquid,Cream Raspberry & Mixed Berrry,2025-11-17
Wage & White Lion Investments LLC,Triton Distribution,Jimmy the Juiceman Raspberry French 120ml 6mg,JTJM120RF06,850011519219,1,120,E-liquid,Cream Raspberry & Mixed Berrry,2025-11-17
Wage & White Lion Investments LLC,Triton Distribution,Jimmy the Juiceman Raspberry French 120ml 12mg,JTJM120RF12,850011519226,1,120,E-liquid,Cream Raspberry & Mixed Berrry,2025-11-17
Wage & White Lion Investments LLC,Triton Distribution,Jimmy the Juiceman Shurb 120ml 3mg,JTJM120S03,850011519165,1,120,E-liquid,Mixed Citrus & Raspberry,2025-11-17
Wage & White Lion Investments LLC,Triton Distribution,Jimmy the Juiceman Shurb 120ml 6mg,JTJM120S06,850011519172,1,120,E-liquid,Mixed Citrus & Raspberry,2025-11-17
Wage & White Lion Investments LLC,Triton Distribution,Jimmy the Juiceman Shurb 120ml 12mg,JTJM120S12,850011519189,1,120,E-liquid,Mixed Citrus & Raspberry,2025-11-17
Wage & White Lion Investments LLC,Triton Distribution,Jimmy The Juiceman Strawberry Astronaut 120ml 3mg,JTJM120SA03,850011519028,1,120,E-liquid,Strawberry & Mixed Berry,2025-11-17
Wage & White Lion Investments LLC,Triton Distribution,Jimmy The Juiceman Strawberry Astronaut 120ml 6mg,JTJM120SA06,850011519134,1,120,E-liquid,Strawberry & Mixed Berry,2025-11-17
Wage & White Lion Investments LLC,Triton Distribution,Jimmy The Juiceman Strawberry Astronaut 120ml 12mg,JTJM120SA12,850011519141,1,120,E-liquid,Strawberry & Mixed Berry,2025-11-17
Wage & White Lion Investments LLC,Triton Distribution,Suicide Bunny Derailed 120ml 3mg,SB120D03,850011519837,1,120,E-liquid,bannana cinnamon & cookie,2025-11-17
Wage & White Lion Investments LLC,Triton Distribution,Suicide Bunny Derailed 120ml 6mg,SB120D06,850011519844,1,120,E-liquid,bannana cinnamon & cookie,2025-11-17
Wage & White Lion Investments LLC,Triton Distribution,Suicide Bunny Madrina 120ml 3mg,SB120MAD03,860008032584,1,120,E-liquid,Sweet Cream & melon,2025-11-17
Wage & White Lion Investments LLC,Triton Distribution,Suicide Bunny Madrina 120ml 6mg,SB120MAD06,860008032591,1,120,E-liquid,Sweet Cream & melon,2025-11-17
Wage & White Lion Investments LLC,Triton Distribution,Suicide Bunny Mothers Milk and Cookies 120ml 3mg,SB120MMC03,860008032522,1,120,E-liquid,Sweet Cream Milk & Cookie,2025-11-17
Wage & White Lion Investments LLC,Triton Distribution,Suicide Bunny Mothers Milk and Cookies 120ml 6mg,SB120MMC06,860008032539,1,120,E-liquid,Sweet Cream Milk & Cookie,2025-11-17
Wage & White Lion Investments LLC,Triton Distribution,Suicide Bunny Mothers Milk 120ml 3mg,SB120MOM03,860008032508,1,120,E-liquid,milk & strawberry,2025-11-17
Wage & White Lion Investments LLC,Triton Distribution,Suicide Bunny Mothers Milk 120ml 6mg,SB120MOM06,860008032515,1,120,E-liquid,Milk & Strawberry,2025-11-17
Wage & White Lion Investments LLC,Triton Distribution,Suicide Bunny The OB 120ml 3mg,SB120OB03,860008032560,1,120,E-liquid,Sweet Cream & Pineapple,2025-11-17
Wage & White Lion Investments LLC,Triton Distribution,Suicide Bunny The OB 120ml 6mg,SB120OB06,860008032577,1,120,E-liquid,Sweet Cream & Pineapple,2025-11-17
Wage & White Lion Investments LLC,Triton Distribution,Suicide Bunny Sucker Punch 120ml 3mg,SB120SP03,860008032546,1,120,E-liquid,Sweet cream Mixed Fruit & Dragon Fruit,2025-11-17
Wage & White Lion Investments LLC,Triton Distribution,Suicide Bunny Sucker Punch 120ml 6mg,SB120SP06,860008032553,1,120,E-liquid,Sweet cream Mixed Fruit & Dragon Fruit,2025-11-17
Wage & White Lion Investments LLC,Triton Distribution,Vapetasia Blackberry Lemonade 100ml 3mg,EJVL100BL03,810029041034,1,100,E-liquid,Blackberry & Lemonade,2025-11-17
Wage & White Lion Investments LLC,Triton Distribution,Vapetasia Blackberry Lemonade 100ml 6mg,EJVL100BL06,810029041041,1,100,E-liquid,Blackberry & Lemonade,2025-11-17
Wage & White Lion Investments LLC,Triton Distribution,Vapetasia Blackberry Lemonade Salt 30ml 24mg,SNVL030BL24,810029041140,1,30,E-liquid,Blackberry & Lemonade,2025-11-17
Wage & White Lion Investments LLC,Triton Distribution,Vapetasia Blackberry Lemonade Salt 30ml 48mg,SNVL030BL48,810029041157,1,30,E-liquid,Blackberry & Lemonade,2025-11-17
Wage & White Lion Investments LLC,Triton Distribution,Vapetasia Blueberry Parfait 100ml 3mg,EJVP100BP03,810029043779,1,100,E-liquid,Blueberry & Yogurt,2025-11-17
Wage & White Lion Investments LLC,Triton Distribution,Vapetasia Blueberry Parfait 100ml 6mg,EJVP100BP06,810029043786,1,100,E-liquid,Blueberry & Yogurt,2025-11-17
Wage & White Lion Investments LLC,Triton Distribution,Vapetasia Blueberry Parfait Salt 30ml 24mg,SNVP030BP24,810029043847,1,30,E-liquid,Blueberry & Yogurt,2025-11-17
Wage & White Lion Investments LLC,Triton Distribution,Vapetasia Blueberry Parfait Salt 30ml 48mg,SNVP030BP48,810029043854,1,30,E-liquid,Blueberry & Yogurt,2025-11-17
Wage & White Lion Investments LLC,Triton Distribution,Vapetasia Iced Blackberry Lemonade 100ml 3mg,EJIC100BL03,810029043939,1,100,E-liquid,Menthol Blackberry & Lemonade,2025-11-17
Wage & White Lion Investments LLC,Triton Distribution,Vapetasia Iced Blackberry Lemonade 100ml 6mg,EJIC100BL06,810029043946,1,100,E-liquid,Menthol Blackberry & Lemonade,2025-11-17
Wage & White Lion Investments LLC,Triton Distribution,Vapetasia Iced Blackberry Lemonade Salt 30ml 24mg,SNIC030BL24,810029044127,1,30,E-liquid,Menthol Blackberry & Lemonade,2025-11-17
Wage & White Lion Investments LLC,Triton Distribution,Vapetasia Iced Blackberry Lemonade Salt 30ml 48mg,SNIC030BL48,810029044134,1,30,E-liquid,Menthol Blackberry & Lemonade,2025-11-17
Wage & White Lion Investments LLC,Triton Distribution,Vapetasia Iced Milk of the Poppy 100ml 3mg,EJIC100MP03,810029044097,1,100,E-liquid,Menthol Milk & Strawberry,2025-11-17
Wage & White Lion Investments LLC,Triton Distribution,Vapetasia Iced Milk of the Poppy 100ml 6mg,EJIC100MP06,810029044103,1,100,E-liquid,Menthol Milk & Strawberry,2025-11-17
Wage & White Lion Investments LLC,Triton Distribution,Vapetasia Iced Milk of the Poppy Salt 30ml 24mg,SNIC030MP24,810029044202,1,30,E-liquid,Menthol Milk & Strawberry,2025-11-17
Wage & White Lion Investments LLC,Triton Distribution,Vapetasia Iced Milk of the Poppy Salt 30ml 48mg,SNIC030MP48,810029044219,1,30,E-liquid,Menthol Milk & Strawberry,2025-11-17
Wage & White Lion Investments LLC,Triton Distribution,Vapetasia Iced Pineapple Express 100ml 3mg,EJIC100PE03,810029044059,1,100,E-liquid,Menthol Pineapple & Lemonade,2025-11-17
Wage & White Lion Investments LLC,Triton Distribution,Vapetasia Iced Pineapple Express 100ml 6mg,EJIC100PE06,810029044066,1,100,E-liquid,Menthol Pineapple & Lemonade,2025-11-17
Wage & White Lion Investments LLC,Triton Distribution,Vapetasia Iced Pineapple Express Salt 30ml 24mg,SNIC030PE24,810029044189,1,30,E-liquid,Menthol Pineapple & Lemonade,2025-11-17
Wage & White Lion Investments LLC,Triton Distribution,Vapetasia Iced Pineapple Express Salt 30ml 48mg,SNIC030PE48,810029044196,1,30,E-liquid,Menthol Pineapple & Lemonade,2025-11-17
Wage & White Lion Investments LLC,Triton Distribution,Vapetasia Killer Kustard 100ml 3mg,EJKK100KK03,810029040617,1,100,E-liquid,Vanilla & Custard,2025-11-17
Wage & White Lion Investments LLC,Triton Distribution,Vapetasia Killer Kustard 100ml 6mg,EJKK100KK06,810029040624,1,100,E-liquid,Vanilla & Custard,2025-11-17
Wage & White Lion Investments LLC,Triton Distribution,Vapetasia Killer Kustard 100ml 12mg,EJKK100KK12,810029040631,1,100,E-liquid,Vanilla & Custard,2025-11-17
Wage & White Lion Investments LLC,Triton Distribution,Vapetasia Killer Kustard Salt 30ml 12mg,SNKK030KK12,810029044363,1,30,E-liquid,Vanilla & Custard,2025-11-17
Wage & White Lion Investments LLC,Triton Distribution,Vapetasia Killer Kustard Salt 30ml 24mg,SNKK030KK24,810029040808,1,30,E-liquid,Vanilla & Custard,2025-11-17
Wage & White Lion Investments LLC,Triton Distribution,Vapetasia Killer Kustard Salt 30ml 48mg,SNKK030KK48,810029040815,1,30,E-liquid,Vanilla & Custard,2025-11-17
Wage & White Lion Investments LLC,Triton Distribution,Vapetasia Killer Kustard Blueberry 100ml 3mg,EJKK100KB03,810029040655,1,100,E-liquid,Blueberry Vanilla & Custard,2025-11-17
Wage & White Lion Investments LLC,Triton Distribution,Vapetasia Killer Kustard Blueberry 100ml 6mg,EJKK100KB06,810029040662,1,100,E-liquid,Blueberry Vanilla & Custard,2025-11-17
Wage & White Lion Investments LLC,Triton Distribution,Vapetasia Killer Kustard Blueberry Salt 30ml 24mg,SNKK030KB24,810029040822,1,30,E-liquid,Blueberry Vanilla & Custard,2025-11-17
Wage & White Lion Investments LLC,Triton Distribution,Vapetasia Killer Kustard Blueberry Salt 30ml 48mg,SNKK030KB48,810029040839,1,30,E-liquid,Blueberry Vanilla & Custard,2025-11-17
Wage & White Lion Investments LLC,Triton Distribution,Vapetasia Killer Kustard Honeydew 100ml 3mg,EJKK100KH03,810029040693,1,100,E-liquid,Vanilla Honeydew & Custard,2025-11-17
Wage & White Lion Investments LLC,Triton Distribution,Vapetasia Killer Kustard Honeydew 100ml 6mg,EJKK100KH06,810029040709,1,100,E-liquid,Vanilla Honeydew & Custard,2025-11-17
Wage & White Lion Investments LLC,Triton Distribution,Vapetasia Killer Kustard Lemon 100ml 3mg,EJKK100KL03,810029040730,1,100,E-liquid,Vanilla Lemon & Custard,2025-11-17
Wage & White Lion Investments LLC,Triton Distribution,Vapetasia Killer Kustard Lemon 100ml 6mg,EJKK100KL06,810029040747,1,100,E-liquid,Vanilla Lemon & Custard,2025-11-17
Wage & White Lion Investments LLC,Triton Distribution,Vapetasia Killer Kustard Strawberry 100ml 3mg,EJKK100KS03,810029040778,1,100,E-liquid,Strawberry Vanilla & Custard,2025-11-17
Wage & White Lion Investments LLC,Triton Distribution,Vapetasia Killer Kustard Strawberry 100ml 6mg,EJKK100KS06,810029040785,1,100,E-liquid,Strawberry Vanilla & Custard,2025-11-17
Wage & White Lion Investments LLC,Triton Distribution,Vapetasia Killer Kustard Strawberry Salt 30ml 24mg,SNKK030KS24,810029040884,1,30,E-liquid,Strawberry Vanilla & Custard,2025-11-17
Wage & White Lion Investments LLC,Triton Distribution,Vapetasia Killer Kustard Strawberry Salt 30ml 48mg,SNKK030KS48,810029040891,1,30,E-liquid,Strawberry Vanilla & Custard,2025-11-17
Wage & White Lion Investments LLC,Triton Distribution,Vapetasia Milk of the Poppy 100ml 3mg,EJVT100MP03,810029040174,1,100,E-liquid,Milk & Strawberry,2025-11-17
Wage & White Lion Investments LLC,Triton Distribution,Vapetasia Milk of the Poppy 100ml 6mg,EJVT100MP06,810029040181,1,100,E-liquid,Milk & Strawberry,2025-11-17
Wage & White Lion Investments LLC,Triton Distribution,Vapetasia Milk of the Poppy 100ml 12mg,EJVT100MP12,810029040198,1,100,E-liquid,Milk & Strawberry,2025-11-17
Wage & White Lion Investments LLC,Triton Distribution,Vapetasia Milk of the Poppy Salt 30ml 12mg,SNVT030MP12,810029044325,1,30,E-liquid,Milk & Strawberry,2025-11-17
Wage & White Lion Investments LLC,Triton Distribution,Vapetasia Milk of the Poppy Salt 30ml 24mg,SNVT030MP24,810029040327,1,30,E-liquid,Milk & Strawberry,2025-11-17
Wage & White Lion Investments LLC,Triton Distribution,Vapetasia Milk of the Poppy Salt 30ml 48mg,SNVT030MP48,810029040334,1,30,E-liquid,Milk & Strawberry,2025-11-17
Wage & White Lion Investments LLC,Triton Distribution,Vapetasia Pineapple Express 100ml 3mg,EJVT100PE03,810029040211,1,100,E-liquid,Pineapple,2025-11-17
Wage & White Lion Investments LLC,Triton Distribution,Vapetasia Pineapple Express 100ml 6mg,EJVT100PE06,810029040228,1,100,E-liquid,Pineapple,2025-11-17
Wage & White Lion Investments LLC,Triton Distribution,Vapetasia Pineapple Express Salt 30ml 24mg,SNVT030PE24,810029040341,1,30,E-liquid,Pineapple,2025-11-17
Wage & White Lion Investments LLC,Triton Distribution,Vapetasia Pineapple Express Salt 30ml 48mg,SNVT030PE48,810029040358,1,30,E-liquid,Pineapple,2025-11-17
Wage & White Lion Investments LLC,Triton Distribution,Vapetasia Pink Lemonade 100ml 3mg,EJVL100PI03,810029041119,1,100,E-liquid,Strawberry & Lemonade,2025-11-17
Wage & White Lion Investments LLC,Triton Distribution,Vapetasia Pink Lemonade 100ml 6mg,EJVL100PI06,810029041126,1,100,E-liquid,Strawberry & Lemonade,2025-11-17
Wage & White Lion Investments LLC,Triton Distribution,Vapetasia Pink Lemonade Salt 30ml 24mg,SNVL030PI24,810029041188,1,30,E-liquid,Strawberry & Lemonade,2025-11-17
Wage & White Lion Investments LLC,Triton Distribution,Vapetasia Pink Lemonade Salt 30ml 48mg,SNVL030PI48,810029041195,1,30,E-liquid,Strawberry & Lemonade,2025-11-17
Wage & White Lion Investments LLC,Triton Distribution,Vapetasia Royalty II 100ml 3mg,EJVT100RO03,810029040297,1,100,E-liquid,Tobacco Flavor,2025-11-17
Wage & White Lion Investments LLC,Triton Distribution,Vapetasia Royalty II 100ml 6mg,EJVT100RO06,810029040303,1,100,E-liquid,Tobacco Flavor,2025-11-17
Wage & White Lion Investments LLC,Triton Distribution,Vapetasia Royalty II 100ml 12mg,EJVT100RO12,810029040310,1,100,E-liquid,Tobacco Flavor,2025-11-17
Wage & White Lion Investments LLC,Triton Distribution,Vapetasia Royalty II Salt 30ml 12mg,SNVT030RO12,810029044356,1,30,E-liquid,Tobacco Flavor,2025-11-17
Wage & White Lion Investments LLC,Triton Distribution,Vapetasia Royalty II Salt 30ml 24mg,SNVT030RO24,810029040389,1,30,E-liquid,Tobacco Flavor,2025-11-17
Wage & White Lion Investments LLC,Triton Distribution,Vapetasia Royalty II Salt 30ml 48mg,SNVT030RO48,810029040396,1,30,E-liquid,Tobacco Flavor,2025-11-17
Wage & White Lion Investments LLC,Triton Distribution,Vapetasia Rainbow Road 100ml 3mg,EJVT100RR03,810029040259,1,100,E-liquid,Fruit Mix,2025-11-17
Wage & White Lion Investments LLC,Triton Distribution,Vapetasia Rainbow Road 100ml 6mg,EJVT100RR06,810029040266,1,100,E-liquid,Fruit Mix,2025-11-17
Wage & White Lion Investments LLC,Triton Distribution,Vapetasia Rainbow Road Salt 30ml 24mg,SNVT030RR24,810029040365,1,30,E-liquid,Fruit Mix,2025-11-17
Wage & White Lion Investments LLC,Triton Distribution,Vapetasia Rainbow Road Salt 30ml 48mg,SNVT030RR48,810029040372,1,30,E-liquid,Fruit Mix,2025-11-17
Wage & White Lion Investments LLC,Triton Distribution,Vapetasia Strawberry Parfait 100ml 3mg,EJVP100SP03,810029043816,1,100,E-liquid,Strawberry & Yogurt,2025-11-17
Wage & White Lion Investments LLC,Triton Distribution,Vapetasia Strawberry Parfait 100ml 6mg,EJVP100SP06,810029043823,1,100,E-liquid,Strawberry & Yogurt,2025-11-17
Wage & White Lion Investments LLC,Triton Distribution,Vapetasia Strawberry Parfait Salt 30ml 24mg,SNVP030SP24,810029043861,1,30,E-liquid,Strawberry & Yogurt,2025-11-17
Wage & White Lion Investments LLC,Triton Distribution,Vapetasia Strawberry Parfait Salt 30ml 48mg,SNVP030SP48,810029043878,1,30,E-liquid,Strawberry & Yogurt,2025-11-17
WH Group LLC,WH Group LLC,NYKD ICON - BAJA,NYKD-ICON-BAJA-S,833108910021,1,16,Disposable e-cigarette device,Lime Citrus,2025-12-02
WH Group LLC,WH Group LLC,NYKD ICON - BLUE RAZZ,NYKD-ICON-BR-S,833108910045,1,16,Disposable e-cigarette device,Blue Razz,2025-12-02
WH Group LLC,WH Group LLC,NYKD ICON - BLUEBERRY WATERMELON,NYKD-ICON-BW-S,833108910069,1,16,Disposable e-cigarette device,Blueberry Watermelon,2025-12-02
WH Group LLC,WH Group LLC,NYKD ICON - CRISP GRAPE,NYKD-ICON-CG-S,833108910083,1,16,Disposable e-cigarette device,Grape,2025-12-02
WH Group LLC,WH Group LLC,NYKD ICON - CRISP MINT,NYKD-ICON-CM-S,833108910106,1,16,Disposable e-cigarette device,Mint/Menthol,2025-12-02
WH Group LLC,WH Group LLC,NYKD ICON - FABULOUS,NYKD-ICON-FAB-S,833108910007,1,16,Disposable e-cigarette device,Fruit Medley,2025-12-02
WH Group LLC,WH Group LLC,NYKD ICON - HAWIIAN FRUIT,NYKD-ICON-HF-S,833108910120,1,16,Disposable e-cigarette device,Tropical Fruit Medley,2025-12-02
WH Group LLC,WH Group LLC,NYKD ICON - MANGO ICE,NYKD-ICON-MI-S,833108910144,1,16,Disposable e-cigarette device,Mango,2025-12-02
WH Group LLC,WH Group LLC,NYKD ICON - PINK LEMONADE,NYKD-ICON-PL-S,833108910168,1,16,Disposable e-cigarette device,Lemon,2025-12-02
WH Group LLC,WH Group LLC,NYKD ICON - RIPE BANANA,NYKD-ICON-RB-S,833108910182,1,16,Disposable e-cigarette device,Banana,2025-12-02
WH Group LLC,WH Group LLC,NYKD ICON - SIGNATURE TOBACCO,NYKD-ICON-ST-S,833108910205,1,16,Disposable e-cigarette device,Tobacco,2025-12-02
WH Group LLC,WH Group LLC,NYKD ICON - STRAWBERRY MANGO,NYKD-ICON-SM-S,833108910229,1,16,Disposable e-cigarette device,Strawberry Mango,2025-12-02
WH Group LLC,WH Group LLC,NYKD ICON - STRAWBERRY WATERMELON,NYKD-ICON-SW-S,833108910243,1,16,Disposable e-cigarette device,Strawberry Watermelon,2025-12-02
WH Group LLC,WH Group LLC,NYKD ICON - STRAWNANA,NYKD-ICON-SN-S,833108910267,1,16,Disposable e-cigarette device,Strawberry Banana,2025-12-02
WH Group LLC,WH Group LLC,NYKD ICON - TIGER BLOOD,NYKD-ICON-TB-S,833108910281,1,16,Disposable e-cigarette device,"Strawberry, Watermelon, Coconut",2025-12-02
WH Group LLC,WH Group LLC,NYKD ICON - UNFLAVORED,NYKD-ICON-UF-S,833108910304,1,16,Disposable e-cigarette device,No Flavoring,2025-12-02
WH Group LLC,WH Group LLC,NYKD ICON - WATERMELON ICE,NYKD-ICON-WI-S,833108910328,1,16,Disposable e-cigarette device,Watermelon,2025-12-02
WH Group LLC,WH Group LLC,NYKD ICON - BAJA,NYKD-ICON-BAJA-5PK,833108910038,5,16,Disposable e-cigarette device,Lime Citrus,2025-12-02
WH Group LLC,WH Group LLC,NYKD ICON - BLUE RAZZ,NYKD-ICON-BR-5PK,833108910052,5,16,Disposable e-cigarette device,Blue Razz,2025-12-02
WH Group LLC,WH Group LLC,NYKD ICON - BLUEBERRY WATERMELON,NYKD-ICON-BW-5PK,833108910076,5,16,Disposable e-cigarette device,Blueberry Watermelon,2025-12-02
WH Group LLC,WH Group LLC,NYKD ICON - CRISP GRAPE,NYKD-ICON-CG-5PK,833108910090,5,16,Disposable e-cigarette device,Grape,2025-12-02
WH Group LLC,WH Group LLC,NYKD ICON - CRISP MINT,NYKD-ICON-CM-5PK,833108910113,5,16,Disposable e-cigarette device,Mint/Menthol,2025-12-02
WH Group LLC,WH Group LLC,NYKD ICON - FABULOUS,NYKD-ICON-FAB-5PK,833108910014,5,16,Disposable e-cigarette device,Fruit Medley,2025-12-02
WH Group LLC,WH Group LLC,NYKD ICON - HAWIIAN FRUIT,NYKD-ICON-HF-5PK,833108910137,5,16,Disposable e-cigarette device,Tropical Fruit Medley,2025-12-02
WH Group LLC,WH Group LLC,NYKD ICON - MANGO ICE,NYKD-ICON-MI-5PK,833108910151,5,16,Disposable e-cigarette device,Mango,2025-12-02
WH Group LLC,WH Group LLC,NYKD ICON - PINK LEMONADE,NYKD-ICON-PL-5PK,833108910175,5,16,Disposable e-cigarette device,Lemon,2025-12-02
WH Group LLC,WH Group LLC,NYKD ICON - RIPE BANANA,NYKD-ICON-RB-5PK,833108910199,5,16,Disposable e-cigarette device,Banana,2025-12-02
WH Group LLC,WH Group LLC,NYKD ICON - SIGNATURE TOBACCO,NYKD-ICON-ST-5PK,833108910212,5,16,Disposable e-cigarette device,Tobacco,2025-12-02
WH Group LLC,WH Group LLC,NYKD ICON - STRAWBERRY MANGO,NYKD-ICON-SM-5PK,833108910236,5,16,Disposable e-cigarette device,Strawberry Mango,2025-12-02
WH Group LLC,WH Group LLC,NYKD ICON - STRAWBERRY WATERMELON,NYKD-ICON-SW-5PK,833108910250,5,16,Disposable e-cigarette device,Strawberry Watermelon,2025-12-02
WH Group LLC,WH Group LLC,NYKD ICON - STRAWNANA,NYKD-ICON-SN-5PK,833108910274,5,16,Disposable e-cigarette device,Strawberry Banana,2025-12-02
WH Group LLC,WH Group LLC,NYKD ICON - TIGER BLOOD,NYKD-ICON-TB-5PK,833108910298,5,16,Disposable e-cigarette device,"Strawberry, Watermelon, Coconut",2025-12-02
WH Group LLC,WH Group LLC,NYKD ICON - UNFLAVORED,NYKD-ICON-UF-5PK,833108910311,5,16,Disposable e-cigarette device,No Flavoring,2025-12-02
WH Group LLC,WH Group LLC,NYKD ICON - WATERMELON ICE,NYKD-ICON-WI-5PK,833108910335,5,16,Disposable e-cigarette device,Watermelon,2025-12-02
WH Group LLC,WH Group LLC,NYKD™ Icon™ - Blend #1,NYKD-USA-ICON-1-S,840395834428,1,16,Disposable e-cigarette device,Unflavored,2026-02-13
WH Group LLC,WH Group LLC,NYKD™ Icon™ - Blend #2,NYKD-USA-ICON-2-S,840395834466,1,16,Disposable e-cigarette device,Tobacco,2026-02-13
WH Group LLC,WH Group LLC,NYKD™ Icon™ - Blend #13,NYKD-USA-ICON-13-S,840395834534,1,16,Disposable e-cigarette device,Crisp Mint,2026-02-13
WH Group LLC,WH Group LLC,NYKD™ Icon™ - Blend #16,NYKD-USA-ICON-16-S,840395834510,1,16,Disposable e-cigarette device,Watermelon,2026-02-13
WH Group LLC,WH Group LLC,NYKD™ Icon™ - Blend #19,NYKD-USA-ICON-19-S,840395834459,1,16,Disposable e-cigarette device,Strawberry Watermelon,2026-02-13
WH Group LLC,WH Group LLC,NYKD™ Icon™ - Blend #21,NYKD-USA-ICON-21-S,840395834411,1,16,Disposable e-cigarette device,Hawaiian Fruit Medley,2026-02-13
WH Group LLC,WH Group LLC,NYKD™ Icon™ - Blend #23,NYKD-USA-ICON-23-S,840395834398,1,16,Disposable e-cigarette device,Strawberry Orange Pineapple Coconut,2026-02-13
WH Group LLC,WH Group LLC,NYKD™ Icon™ - Blend #24,NYKD-USA-ICON-24-S,840395834541,1,16,Disposable e-cigarette device,Grape,2026-02-13
WH Group LLC,WH Group LLC,NYKD™ Icon™ - Blend #25,NYKD-USA-ICON-25-S,840395834497,1,16,Disposable e-cigarette device,Mango,2026-02-13
WH Group LLC,WH Group LLC,NYKD™ Icon™ - Blend #33,NYKD-USA-ICON-33-S,840395834435,1,16,Disposable e-cigarette device,Lime Citrus,2026-02-13
WH Group LLC,WH Group LLC,NYKD™ Icon™ - Blend #42,NYKD-USA-ICON-42-S,840395834503,1,16,Disposable e-cigarette device,Blueberry Watermelon,2026-02-13
WH Group LLC,WH Group LLC,NYKD™ Icon™ - Blend #66,NYKD-USA-ICON-66-S,840395834442,1,16,Disposable e-cigarette device,Banana,2026-02-13
WH Group LLC,WH Group LLC,NYKD™ Icon™ - Blend #68,NYKD-USA-ICON-68-S,840395834527,1,16,Disposable e-cigarette device,Lemonade,2026-02-13
WH Group LLC,WH Group LLC,NYKD™ Icon™ - Blend #69,NYKD-USA-ICON-69-S,840395834473,1,16,Disposable e-cigarette device,Strawberry Banana,2026-02-13
WH Group LLC,WH Group LLC,NYKD™ Icon™ - Blend #75,NYKD-USA-ICON-75-S,840395834480,1,16,Disposable e-cigarette device,Fruit Punch,2026-02-13
WH Group LLC,WH Group LLC,NYKD™ Icon™ - Blend #85,NYKD-USA-ICON-85-S,840395834404,1,16,Disposable e-cigarette device,Strawberry Mango,2026-02-13
WH Group LLC,WH Group LLC,NYKD™ Icon™ - Blend #99,NYKD-USA-ICON-99-S,840395834381,1,16,Disposable e-cigarette device,Blue Raspberry,2026-02-13
WH Group LLC,WH Group LLC,NYKD™ Icon™ - Blend #1,NYKD-USA-ICON-1-5PK,840395834596,5,16,Disposable e-cigarette device,Unflavored,2026-02-13
WH Group LLC,WH Group LLC,NYKD™ Icon™ - Blend #2,NYKD-USA-ICON-2-5PK,840395834633,5,16,Disposable e-cigarette device,Tobacco,2026-02-13
WH Group LLC,WH Group LLC,NYKD™ Icon™ - Blend #13,NYKD-USA-ICON-13-5PK,840395834701,5,16,Disposable e-cigarette device,Crisp Mint,2026-02-13
WH Group LLC,WH Group LLC,NYKD™ Icon™ - Blend #16,NYKD-USA-ICON-16-5PK,840395834688,5,16,Disposable e-cigarette device,Watermelon,2026-02-13
WH Group LLC,WH Group LLC,NYKD™ Icon™ - Blend #19,NYKD-USA-ICON-19-5PK,840395834626,5,16,Disposable e-cigarette device,Strawberry Watermelon,2026-02-13
WH Group LLC,WH Group LLC,NYKD™ Icon™ - Blend #21,NYKD-USA-ICON-21-5PK,840395834589,5,16,Disposable e-cigarette device,Hawaiian Fruit Medley,2026-02-13
WH Group LLC,WH Group LLC,NYKD™ Icon™ - Blend #23,NYKD-USA-ICON-23-5PK,840395834565,5,16,Disposable e-cigarette device,Strawberry Orange Pineapple Coconut,2026-02-13
WH Group LLC,WH Group LLC,NYKD™ Icon™ - Blend #24,NYKD-USA-ICON-24-5PK,840395834718,5,16,Disposable e-cigarette device,Grape,2026-02-13
WH Group LLC,WH Group LLC,NYKD™ Icon™ - Blend #25,NYKD-USA-ICON-25-5PK,840395834664,5,16,Disposable e-cigarette device,Mango,2026-02-13
WH Group LLC,WH Group LLC,NYKD™ Icon™ - Blend #33,NYKD-USA-ICON-33-5PK,840395834602,5,16,Disposable e-cigarette device,Lime Citrus,2026-02-13
WH Group LLC,WH Group LLC,NYKD™ Icon™ - Blend #42,NYKD-USA-ICON-42-5PK,840395834671,5,16,Disposable e-cigarette device,Blueberry Watermelon,2026-02-13
WH Group LLC,WH Group LLC,NYKD™ Icon™ - Blend #66,NYKD-USA-ICON-66-5PK,840395834619,5,16,Disposable e-cigarette device,Banana,2026-02-13
WH Group LLC,WH Group LLC,NYKD™ Icon™ - Blend #68,NYKD-USA-ICON-68-5PK,840395834695,5,16,Disposable e-cigarette device,Lemonade,2026-02-13
WH Group LLC,WH Group LLC,NYKD™ Icon™ - Blend #69,NYKD-USA-ICON-69-5PK,840395834640,5,16,Disposable e-cigarette device,Strawberry Banana,2026-02-13
WH Group LLC,WH Group LLC,NYKD™ Icon™ - Blend #75,NYKD-USA-ICON-75-5PK,840395834657,5,16,Disposable e-cigarette device,Fruit Punch,2026-02-13
WH Group LLC,WH Group LLC,NYKD™ Icon™ - Blend #85,NYKD-USA-ICON-85-5PK,840395834572,5,16,Disposable e-cigarette device,Strawberry Mango,2026-02-13
WH Group LLC,WH Group LLC,NYKD™ Icon™ - Blend #99,NYKD-USA-ICON-99-5PK,840395834558,5,16,Disposable e-cigarette device,Blue Raspberry,2026-02-13
